Train_No,Train_Name,Source_Station_Name,Destination_Station_Name,days,Day_Category
107,SWV-MAO-VLNK,SAWANTWADI ROAD,MADGOAN JN.,Saturday,Weekend
108,VLNK-MAO-SWV,MADGOAN JN.,SAWANTWADI ROAD,Friday,Weekday
128,MAO-KOP SPEC,MADGOAN JN.,CHHATRAPATI SHAHU MAHARAJ TERMINUS,Friday,Weekday
290,PALACE ON WH,DELHI-SAFDAR JANG,DELHI-SAFDAR JANG,Wednesday,Weekday
401,BSB BHARATDA,AURANGABAD,VARANASI JN.,Saturday,Weekend
421,LKO-SVDK FTR,LUCKNOW JN.,SHRI MATA VAISHNO DEVI KATRA,Tuesday,Weekday
422,SVDK-LKO FTR,SHRI MATA VAISHNO DEVI KATRA,LUCKNOW JN.,Monday,Weekday
477,FTR TRAIN NO,SIRSA,SIRSA,Sunday,Weekend
502,RJPB-UMB FTR,RAJENDRANAGAR TERMINAL,AMBALA CANTT JN,Monday,Weekday
504,PNBE-BTI FTR,PATNA JN.,BATHINDA JN,Wednesday,Weekday
506,PNBE-PTA FTR,PATNA JN.,PATIALA,Friday,Weekday
557,RSD-PJP BSF,URKURA,PANJIPARA,Wednesday,Weekday
22439,SVDK VANDEBHARAT,NEW DELHI,SHMATA VD KATRA,Friday,Weekday
604,PNBE-ASR FTR,PATNA JN.,AMRITSAR JN.,Thursday,Weekday
1011,CSMT-NGP SF,CST-MUMBAI,NAGPUR JN.(CR),Thursday,Weekday
1037,LTT-SWV SPL,LOKMANYA TILAK TERMINUS,SAWANTWADI ROAD,Tuesday,Weekday
1038,SWV-LTT SPL,SAWANTWADI ROAD,LOKMANYA TILAK TERMINUS,Tuesday,Weekday
1045,LTT-KRMI SPL,LOKMANYA TILAK TERMINUS,KARMALI,Thursday,Weekday
1119,AJNI-KRMI SP,AJNI,KARMALI,Monday,Weekday
1120,KRMI-AJNI SP,KARMALI,AJNI,Sunday,Weekend
1122,KRMI-CSMT SP,KARMALI,CST-MUMBAI,Friday,Weekday
1196,NGP-KRMI SPL,NAGPUR JN.(CR),KARMALI,Saturday,Weekend
1301,PUNE-MAJN WE,PUNE JN.,MANGALORE JN,Monday,Weekday
1302,MAJN-PUNE WE,MANGALORE JN,PUNE JN.,Tuesday,Weekday
1442,DSJ-KK MTY S,DELHI-SAFDAR JANG,KHADKI,Tuesday,Weekday
1655,PUNE-JBP SPL,PUNE JN.,JABALPUR,Wednesday,Weekday
1656,JBP-PUNE SPL,JABALPUR,PUNE JN.,Friday,Weekday
1705,BDTS-JBP SF,BANDRA TERMINUS,JABALPUR,Friday,Weekday
1706,JBP-BDTS SF,JABALPUR,BANDRA TERMINUS,Saturday,Weekend
1707,JBP-ATT BI-W,JABALPUR,ATARI JN,Thursday,Weekday
1708,ATT-JBP BI-W,ATARI JN,JABALPUR,Tuesday,Weekday
2025,CSMT-KRMI SF,CST-MUMBAI,KARMALI,Tuesday,Weekday
2026,KRMI-CSMT SF,KARMALI,CST-MUMBAI,Monday,Weekday
2191,JBP-SRC SF S,JABALPUR,SANTRAGACHI JN.,Tuesday,Weekday
2192,SRC-JBP SF S,SANTRAGACHI JN.,JABALPUR,Wednesday,Weekday
2195,REWA-BPL SF,REWA,BHOPAL,Thursday,Weekday
2196,BPL-REWA SF,BHOPAL,REWA,Monday,Weekday
2515,TVC-SCL SPL,TRIVANDRUM CENTRAL,SILCHAR,Wednesday,Weekday
2651,PLNI-POY EXP,PALANI,POLLACHI,Monday,Weekday
2652,POY-PLNI EXP,POLLACHI,PALANI,Thursday,Weekday
2731,HYB-JP HSP,HYDERABAD DECCAN,JAIPUR JN.,Thursday,Weekday
2732,JP-HYB SPECI,JAIPUR JN.,HYDERABAD DECCAN,Monday,Weekday
2821,PUNE-SRC AC,PUNE JN.,SANTRAGACHI JN.,Friday,Weekday
2822,SRC-PUNE  AC,SANTRAGACHI JN.,PUNE JN.,Friday,Weekday
2833,RJT-SRC SF A,RAJKOT,SANTRAGACHI JN.,Thursday,Weekday
2834,SRC-RJT SF A,SANTRAGACHI JN.,RAJKOT,Saturday,Weekend
2841,SRC MAS SPL,SANTRAGACHI JN.,CHENNAI CENTRAL,Wednesday,Weekday
2842,MAS SRC SPL,CHENNAI CENTRAL,SANTRAGACHI JN.,Wednesday,Weekday
2845,PUNE HTE SPL,PUNE JN.,HATIA,Thursday,Weekday
2846,HTE-PUNE SPL,HATIA,PUNE JN.,Friday,Weekday
3101,KOAA PURI SP,KOLKATA,PURI,Friday,Weekday
3102,PURI KOAA SP,PURI,KOLKATA,Sunday,Weekend
3301,ASN-DHN MEMU,ASANSOL MAIN,DHANBAD JN.,Wednesday,Weekday
3302,DHN-ASN MEMU,DHANBAD JN.,ASANSOL MAIN,Monday,Weekday
3305,DHN-KUSUNDA,DHANBAD JN.,KUSUNDA,Saturday,Weekend
3306,KUSUNDA-DHN,KUSUNDA,DHANBAD JN.,Friday,Weekday
3307,SZE-PLJE MEM,SONARDIH,PHULWARTANR,Wednesday,Weekday
3308,PLJE-SZE MEM,PHULWARTANR,SONARDIH,Friday,Weekday
3501,JSME-ANVT BI,JASIDIH JN.,ANAND VIHAR TERMINAL,Sunday,Weekend
3502,ANVT-JSME BI,ANAND VIHAR TERMINAL,JASIDIH JN.,Saturday,Weekend
4401,ANVT-UHP EXP,ANAND VIHAR TERMINAL,SHRI MATA VAISHNO DEVI KATRA,Thursday,Weekday
4402,UHP-ANVT EXP,SHRI MATA VAISHNO DEVI KATRA,ANAND VIHAR TERMINAL,Thursday,Weekday
4409,DLI-SVDK SPL,DELHI JN.,SHRI MATA VAISHNO DEVI KATRA,Sunday,Weekend
4410,SVDK-DLI SPL,SHRI MATA VAISHNO DEVI KATRA,DELHI JN.,Wednesday,Weekday
4419,MAO-NZM WINT,MADGOAN JN.,HAZRAT NIZAMUDDIN JN,Sunday,Weekend
4420,NZM-MAO WINT,HAZRAT NIZAMUDDIN JN,MADGOAN JN.,Wednesday,Weekday
4735,BKN - HW EXP,BIKANER JN.,HARIDWAR JN,Sunday,Weekend
4736,HW - BKN EXP,HARIDWAR JN,BIKANER JN.,Tuesday,Weekday
4767,HMH-SGNR SPL,HANUMANGARH JN.,SHRI GANGANAGAR,Sunday,Weekend
4768,SGNR-HMH SPL,SHRI GANGANAGAR,HANUMANGARH JN.,Wednesday,Weekday
4769,HMH SGNR PAS,HANUMANGARH JN.,SHRI GANGANAGAR,Monday,Weekday
4770,SGNR HMH PAS,SHRI GANGANAGAR,HANUMANGARH JN.,Thursday,Weekday
4771,SDLP-SGNR SP,SADULPUR JN,SHRI GANGANAGAR,Tuesday,Weekday
4772,SGNR-SDLP SP,SHRI GANGANAGAR,SADULPUR JN,Tuesday,Weekday
4773,SGNR SOG SPL,SHRI GANGANAGAR,SURATGARH JN.,Tuesday,Weekday
4774,SOG SGNR SPL,SURATGARH JN.,SHRI GANGANAGAR,Sunday,Weekend
4801,PBC MKN PASS,PARVATSAR CITY,MAKRANA JN.,Thursday,Weekday
4802,MKN PBC PASS,MAKRANA JN.,PARVATSAR CITY,Saturday,Weekend
4831,JU HW SPL,JODHPUR JN.,HARIDWAR JN,Sunday,Weekend
4832,HW JU SPL,HARIDWAR JN,JODHPUR JN.,Wednesday,Weekday
4851,MTD RTGH SPL,MERTA ROAD JN.,RATANAGARH JN,Thursday,Weekday
4852,RTGH MTD SPL,RATANAGARH JN,MERTA ROAD JN.,Monday,Weekday
4853,RTGH CUR SPL,RATANAGARH JN,CHURU,Monday,Weekday
4854,CUR RTGH SPL,CHURU,RATANAGARH JN,Monday,Weekday
4921,SRE-UMB MEMU,SAHARANPUR JN.,AMBALA CANTT JN,Tuesday,Weekday
4922,UMB-SRE MEMU,AMBALA CANTT JN,SAHARANPUR JN.,Tuesday,Weekday
4991,PTK-JAT DEMU,PATHANKOT JN.,JAMMU TAWI,Wednesday,Weekday
4992,JAT-PTK DEMU,JAMMU TAWI,PATHANKOT JN.,Sunday,Weekend
5061,GKP - BNY SP,GORAKHPUR JN.,BARHNI,Wednesday,Weekday
5062,BNY - GKP SP,BARHNI,GORAKHPUR JN.,Monday,Weekday
5065,CPR-LJN,CHHAPRA JN.,LUCKNOW JN.,Thursday,Weekday
5066,LJN-CPR-EXP,LUCKNOW JN.,CHHAPRA JN.,Saturday,Weekend
5105,GKP-BST SPL,GORAKHPUR JN.,BASTI,Wednesday,Weekday
5106,BST-GKP SPL,BASTI,GORAKHPUR JN.,Monday,Weekday
5305,CPA-FBD EXP,KANPUR ANWARGANJ,FARRUKHABAD JN,Thursday,Weekday
5306,FBD- CPA EXP,FARRUKHABAD JN,KANPUR ANWARGANJ,Saturday,Weekend
5309,BC-LKU SPL,BAREILLY CITY,LALKUA JN.,Friday,Weekday
5310,LKU-BC EXP,LALKUA JN.,BAREILLY CITY,Wednesday,Weekday
5521,JMP-SHC SPEC,JAMALPUR JN.,SAHARSA JN.,Saturday,Weekend
5522,SHC-JMP SPEC,SAHARSA JN.,JAMALPUR JN.,Monday,Weekday
5613,JLWC-KOTA SP,JHALAWAR CITY,KOTA,Sunday,Weekend
5614,KOTA-JLWC SP,KOTA,JHALAWAR CITY,Sunday,Weekend
5619,NLP - MZS PA,NORTH LAKHIMPUR,MURKEONG SELEK,Thursday,Weekday
5620,MZS - NLP PA,MURKEONG SELEK,NORTH LAKHIMPUR,Tuesday,Weekday
5631,GHY - SCL PA,GUWAHATI,SILCHAR,Wednesday,Weekday
5632,SCL - GHY PA,SILCHAR,GUWAHATI,Friday,Weekday
5715,GAREEB NAWAZ,NEW JALPAIGURI JN,KISHANGANJ,Monday,Weekday
5716,GAREEB NAWAZ,KISHANGANJ,NEW JALPAIGURI JN,Thursday,Weekday
5719,KIR - SGUJ D,KATIHAR JN.,SILIGURI JN.,Saturday,Weekend
5720,SGUJ - KIR D,SILIGURI JN.,KATIHAR JN.,Tuesday,Weekday
5863,RNY - RPAN P,RANGIYA JN.,RANGAPARA NORTH,Saturday,Weekend
5864,RPAN - RNY P,RANGAPARA NORTH,RANGIYA JN.,Saturday,Weekend
5865,RNY - MZS PA,RANGIYA JN.,MURKEONG SELEK,Thursday,Weekday
5866,MZS - RNY PA,MURKEONG SELEK,RANGIYA JN.,Monday,Weekday
6001,MS-TEN SPECI,CHENNAI EGMORE,TIRUNELVELI JN,Friday,Weekday
6002,TEN - MS SPE,TIRUNELVELI JN,CHENNAI EGMORE,Wednesday,Weekday
6006,ERS-MAS SPL,ERNAKULAM. JN,CHENNAI CENTRAL,Tuesday,Weekday
6009,SRC-PDY SPL,SANTRAGACHI JN.,PONDICHERRY,Tuesday,Weekday
6010,PDY-SRC SPL,PONDICHERRY,SANTRAGACHI JN.,Monday,Weekday
6041,MAS-QLN SPEC,CHENNAI CENTRAL,QUILON,Monday,Weekday
6042,QLN-MAS SPEC,QUILON,CHENNAI CENTRAL,Thursday,Weekday
6043,MAS-QLN SPL,CHENNAI CENTRAL,QUILON,Saturday,Weekend
6044,QLN-MAS  SPL,QUILON,CHENNAI CENTRAL,Friday,Weekday
6046,QLN-MAS SPEC,QUILON,CHENNAI CENTRAL,Tuesday,Weekday
6047,MAS-QLN SPL,CHENNAI CENTRAL,QUILON,Friday,Weekday
6048,QLN- MAS SPL,QUILON,CHENNAI CENTRAL,Tuesday,Weekday
6049,MS-QLN SPL F,CHENNAI EGMORE,QUILON,Monday,Weekday
6050,QLN-MS  SPL,QUILON,CHENNAI EGMORE,Wednesday,Weekday
6053,KCVL-MAJN S/,KOCHUVELI,MANGALORE JN,Saturday,Weekend
6054,MAJN-KCVL S/,MANGALORE JN,KOCHUVELI,Sunday,Weekend
6057,SRC-MAS  SPL,SANTRAGACHI JN.,CHENNAI CENTRAL,Friday,Weekday
6058,MAS-SRC  EXP,CHENNAI CENTRAL,SANTRAGACHI JN.,Tuesday,Weekday
6065,CGL-MDU SPL,CHENGALPATTU,MADURAI JN,Monday,Weekday
6066,MDU-CGL SPL,MADURAI JN,CHENGALPATTU,Tuesday,Weekday
6067,CGL-CBE TRI-,CHENGALPATTU,COIMBATORE JN.,Sunday,Weekend
6068,CBE-CGL TRI-,COIMBATORE JN.,CHENGALPATTU,Saturday,Weekend
6081,CBE-POY PASS,COIMBATORE JN.,POLLACHI,Friday,Weekday
6082,POY-CBE PASS,POLLACHI,COIMBATORE JN.,Thursday,Weekday
6412,DSJ-PAY EZHI,DELHI-SAFDAR JANG,PAYYANUR,Friday,Weekday
6512,MKM-BAND ONE,MARIKUPPAM,BANASWADI,Wednesday,Weekday
6513,BWT-MKM-MEMU,BANGARPET JN.,MARIKUPPAM,Sunday,Weekend
6541,YPR-PVR WEEK,YESVANTPUR JN.,PANDHARPUR,Sunday,Weekend
6542,PVR-YPR WEEK,PANDHARPUR,YESVANTPUR JN.,Wednesday,Weekday
6547,YPR-ERS WEEK,YESVANTPUR JN.,ERNAKULAM. JN,Thursday,Weekday
6548,ERS-YPR WEEK,ERNAKULAM. JN,YESVANTPUR JN.,Wednesday,Weekday
6579,YPR-VSKP WKY,YESVANTPUR JN.,VISAKHAPATNAM,Friday,Weekday
6580,VSKP-YPR WKY,VISAKHAPATNAM,YESVANTPUR JN.,Tuesday,Weekday
6581,YPR-BGM TATK,YESVANTPUR JN.,BELGAUM,Thursday,Weekday
6582,BGM-YPR TATK,BELGAUM,YESVANTPUR JN.,Monday,Weekday
6591,YPR-HSRA PAS,YESVANTPUR JN.,HOSUR,Monday,Weekday
6592,HSRA-YPR PAS,HOSUR,YESVANTPUR JN.,Tuesday,Weekday
6593,WFD-BYPL DEM,WHITE FIELD,BAIYYAPPANAHALLI,Sunday,Weekend
6594,BYPL-WFD DEM,BAIYYAPPANAHALLI,WHITE FIELD,Saturday,Weekend
6595,YPR-CBP PASS,YESVANTPUR JN.,DEVANHALLI,Saturday,Weekend
6596,CBP-YPR PASS,DEVANHALLI,YESVANTPUR JN.,Tuesday,Weekday
6647,KRBA-BSP PAS,KORBA,BILASPUR JN.,Friday,Weekday
6648,BSP-KRRBA PA,BILASPUR JN.,KORBA,Friday,Weekday
6769,PGTN-PLNI PA,PALGHAT TOWN,PALANI,Wednesday,Weekday
6770,PLNI-PGTN PA,PALANI,PALGHAT TOWN,Thursday,Weekday
6851,KIK-NCR DEMU,KARAIKAL,NAGORE,Wednesday,Weekday
6852,NCR-KIK DEMU,NAGORE,KARAIKAL,Sunday,Weekend
6853,KIK-NCR PASS,KARAIKAL,NAGORE,Thursday,Weekday
6854,NCR-KIK PASS,NAGORE,KARAIKAL,Monday,Weekday
6919,UBL-BJP SPL,HUBLI JN.,BIJAPUR JN,Saturday,Weekend
6920,BJP-UBL SPL,BIJAPUR JN,HUBLI JN.,Monday,Weekday
7005,HYB-RXL,HYDERABAD DECCAN,RAXAUL JN.,Sunday,Weekend
7006,RXL-HYB,RAXAUL JN.,HYDERABAD DECCAN,Saturday,Weekend
7007,SC-DBG,SECUNDERABAD JN.,DARBHANGA JN.,Sunday,Weekend
7008,DBG-SC,DARBHANGA JN.,SECUNDERABAD JN.,Wednesday,Weekday
7016,KCG-VSKP,KACHEGUDA,VISAKHAPATNAM,Saturday,Weekend
7044,VSKP HSP,TIRUPATI,VISAKHAPATNAM,Monday,Weekday
7061,COA-VLNK,KAKINADA PORT,VIJAYWADA JN.,Tuesday,Weekday
7062,VLNK-BZA,VIJAYWADA JN.,KAKINADA PORT,Friday,Weekday
7075,HYB-COA,SECUNDERABAD JN.,KAKINADA TOWN,Wednesday,Weekday
7076,COA-HYB,KAKINADA TOWN,SECUNDERABAD JN.,Thursday,Weekday
7109,HYB-QLN,HYDERABAD DECCAN,QUILON,Thursday,Weekday
7110,QLN-HYB,QUILON,HYDERABAD DECCAN,Monday,Weekday
7113,KRMR-QLN,KARIM NAGAR,QUILON,Wednesday,Weekday
7133,HYB-GNT-QLN,HYDERABAD DECCAN,QUILON,Thursday,Weekday
7134,QLN-GNT-HYB,QUILON,HYDERABAD DECCAN,Saturday,Weekend
7141,HYB-QLN,HYDERABAD DECCAN,QUILON,Thursday,Weekday
7142,QLN-HYB,QUILON,HYDERABAD DECCAN,Sunday,Weekend
7146,TPTY-KCG,TIRUPATI,KACHEGUDA,Friday,Weekday
7149,SC-GHY HSP,SECUNDERABAD JN.,GUWAHATI,Thursday,Weekday
7211,CCT-QLN,KAKINADA TOWN,QUILON,Tuesday,Weekday
7212,QLN-COA,QUILON,KAKINADA TOWN,Friday,Weekday
7213,BZA-QLN,VIJAYWADA JN.,QUILON,Friday,Weekday
7214,QLN-BZA,QUILON,VIJAYWADA JN.,Tuesday,Weekday
7217,NS-QLN,NARASAPUR,QUILON,Friday,Weekday
7218,QLN-NS,QUILON,NARASAPUR,Monday,Weekday
7410,TPTY-AK,TIRUPATI,AURANGABAD,Saturday,Weekend
7417,TPTY-NSL HSP,TIRUPATI,NAGARSOL,Monday,Weekday
7418,NSL-TPTY HSP,NAGARSOL,TIRUPATI,Monday,Weekday
7425,KCG--COA HSP,KACHEGUDA,KAKINADA PORT,Saturday,Weekend
7426,COA-KCG HSP,KAKINADA PORT,KACHEGUDA,Sunday,Weekend
7429,SC-TPTY,SECUNDERABAD JN.,TIRUPATI,Wednesday,Weekday
7430,TPTY-SC,TIRUPATI,SECUNDERABAD JN.,Thursday,Weekday
7431,CCT-TPTY,KAKINADA TOWN,TIRUPATI,Friday,Weekday
7432,TPTY-CCT,TIRUPATI,KAKINADA TOWN,Tuesday,Weekday
7435,COA-HYB,KAKINADA TOWN,SECUNDERABAD JN.,Sunday,Weekend
7436,SC-COA,SECUNDERABAD JN.,KAKINADA TOWN,Saturday,Weekend
7438,KCG-TATA HSP,KACHEGUDA,TATANAGAR JN,Tuesday,Weekday
7439,TATA-KCG HSP,TATANAGAR JN,KACHEGUDA,Tuesday,Weekday
7487,TPTY-VSKP,TIRUPATI,VISAKHAPATNAM,Wednesday,Weekday
7505,AWB-QLN,AURANGABAD,QUILON,Wednesday,Weekday
7509,ADB-QLN,ADILABAD,QUILON,Thursday,Weekday
7517,BIDAR-PVR,BIDAR,PANDHARPUR,Thursday,Weekday
7525,NJP - NBQ DE,SILIGURI JN.,NEW BONGAIGAON JN.,Tuesday,Weekday
7526,NBQ - NJP DE,NEW BONGAIGAON JN.,SILIGURI JN.,Tuesday,Weekday
7603,KCG-KJM HSP,KACHEGUDA,KRISHNA RAJA PURAM,Wednesday,Weekday
7604,KJM-KCG HSP,KRISHNA RAJA PURAM,KACHEGUDA,Wednesday,Weekday
7607,NED-TPTY HOL,NANDED,TIRUPATI,Saturday,Weekend
7608,TPTY-NED,TIRUPATI,NANDED,Monday,Weekday
7613,sabarimalai,NIZAMABAD,QUILON,Tuesday,Weekday
7614,sabarimalai,QUILON,NIZAMABAD,Sunday,Weekend
7644,tpty spl,KAKINADA TOWN,TIRUPATI,Sunday,Weekend
7645,RU-CCT,RENIGUNTA JN.,KAKINADA TOWN,Thursday,Weekday
7757,SC-BZA  SPL,SECUNDERABAD JN.,VIJAYWADA JN.,Sunday,Weekend
7758,BZA-SC  SPL,VIJAYWADA JN.,SECUNDERABAD JN.,Tuesday,Weekday
7941,CCT-TPTY HSP,KAKINADA TOWN,RENIGUNTA JN.,Monday,Weekday
7942,TPTY-COASPL,TIRUPATI,KAKINADA TOWN,Wednesday,Weekday
8001,KGP-JGM BI-W,KHARAGPUR,JHARGRAM,Tuesday,Weekday
8002,JGM-KGP BI-W,JHARGRAM,KHARAGPUR,Thursday,Weekday
8014,MDN-KGP MEMU,MIDNAPORE,KHARAGPUR,Monday,Weekday
8017,KGP-JGM MEMU,KHARAGPUR,JHARGRAM,Sunday,Weekend
8018,JGM-KGP MEMU,JHARGRAM,KHARAGPUR,Tuesday,Weekday
8035,BLS - KGP DE,KHARAGPUR,BALASORE,Saturday,Weekend
8036,BLS - KGP ME,BALASORE,KHARAGPUR,Sunday,Weekend
8051,KGP JGM MEMU,KHARAGPUR,JHARGRAM,Thursday,Weekday
8052,JGM KGP MEMU,JHARGRAM,KHARAGPUR,Saturday,Weekend
8061,SHM JP SPL W,SHALIMAR,JAIPUR JN.,Friday,Weekday
8062,JP SHM SPL W,JAIPUR JN.,SHALIMAR,Wednesday,Weekday
8063,KGP-BQA DEMU,KHARAGPUR,BANKURA,Sunday,Weekend
8064,BQA-KGP DEMU,BANKURA,KHARAGPUR,Monday,Weekday
8065,KGP-BQA MEMU,KHARAGPUR,BANKURA,Tuesday,Weekday
8082,BQA-VSU MEMU,BANKURA,BISHNUPUR,Sunday,Weekend
8087,VSU-BQA MEMU,BISHNUPUR,BANKURA,Wednesday,Weekday
8101,CBSA CKP DEM,CHAIBASA,CHAKARADHARPUR,Friday,Weekday
8102,CKP-CBSA DEM,CHAKARADHARPUR,CHAIBASA,Wednesday,Weekday
8301,SBP-BAND WEE,SAMBALPUR JN.,BANASWADI,Sunday,Weekend
8302,BAND-SBP WEE,BANASWADI,SAMBALPUR JN.,Sunday,Weekend
8403,PURI-SRC WEE,PURI,SANTRAGACHI JN.,Sunday,Weekend
8404,SRC-PURI WEE,SANTRAGACHI JN.,PURI,Friday,Weekday
8501,VSKP SC WEEK,VISAKHAPATNAM,SECUNDERABAD JN.,Wednesday,Weekday
8502,SC VSKP SPEC,SECUNDERABAD JN.,VISAKHAPATNAM,Sunday,Weekend
8511,KRDL-VSKP SP,KIRANDUL,VISAKHAPATNAM,Friday,Weekday
8512,VSKP-KRDL SP,VISAKHAPATNAM,KIRANDUL,Wednesday,Weekday
8567,VSKP-QLN BI-,VISAKHAPATNAM,QUILON,Monday,Weekday
8568,QLN-VSKP BI-,QUILON,VISAKHAPATNAM,Wednesday,Weekday
8573,VSKP-TPTY WE,VISAKHAPATNAM,TIRUPATI,Tuesday,Weekday
8574,TPTY-VSKP SP,TIRUPATI,VISAKHAPATNAM,Tuesday,Weekday
8581,BPQ CAF PASS,BALHARSHAH,CHANDAFORT,Friday,Weekday
8582,CAF BPQ SPL,CHANDAFORT,BALHARSHAH,Tuesday,Weekday
8617,RNC ANVT SPL,RANCHI,ANAND VIHAR TERMINAL,Monday,Weekday
8618,ANVT RNC SPL,ANAND VIHAR TERMINAL,RANCHI,Sunday,Weekend
8627,HWH RNC SPL,HOWRAH JN.,RANCHI,Saturday,Weekend
8628,RNC HWH  SPL,RANCHI,HOWRAH JN.,Friday,Weekday
8872,DURG-G PASS,DURG,GONDIA JN.,Monday,Weekday
9003,BDTS NZM  SF,BANDRA TERMINUS,HAZRAT NIZAMUDDIN JN,Saturday,Weekend
9004,NZM  BDTS SF,HAZRAT NIZAMUDDIN JN,BANDRA TERMINUS,Monday,Weekday
9005,BCT NDLS BI,MUMBAI CENTRAL,NEW DELHI,Wednesday,Weekday
9006,NDLS BCT BI,NEW DELHI,MUMBAI CENTRAL,Sunday,Weekend
9011,BDTS BKN WEE,BANDRA TERMINUS,BIKANER JN.,Thursday,Weekday
9012,BKN BDTS WEE,BIKANER JN.,BANDRA TERMINUS,Tuesday,Weekday
9433,BDTS GIMB WE,BANDRA TERMINUS,GANDHIDHAM JN.,Wednesday,Weekday
9434,GIMB BDTS WE,GANDHIDHAM JN.,BANDRA TERMINUS,Wednesday,Weekday
9621,AII BDTS SF,AJMER JN.,BANDRA TERMINUS,Tuesday,Weekday
9622,BDTS AII SF,BANDRA TERMINUS,AJMER JN.,Saturday,Weekend
9721,JP UDZ SF SP,JAIPUR JN.,UDAIPUR CITY,Friday,Weekday
9722,UDZ JP SF SP,UDAIPUR CITY,JAIPUR JN.,Wednesday,Weekday
9761,SGNR-SOG SPL,SHRI GANGANAGAR,SURATGARH JN.,Friday,Weekday
9809,KOTA-NZM DAI,KOTA,HAZRAT NIZAMUDDIN JN,Saturday,Weekend
9810,NZM-KOTA DAI,HAZRAT NIZAMUDDIN JN,KOTA,Monday,Weekday
10103,MANDOVI EXPR,CST-MUMBAI,MADGOAN JN.,Thursday,Weekday
10104,MANDOVI EXPR,MADGOAN JN.,CST-MUMBAI,Monday,Weekday
10111,KONKAN KANYA,CST-MUMBAI,MADGOAN JN.,Friday,Weekday
10112,KONKAN KANYA,MADGOAN JN.,CST-MUMBAI,Saturday,Weekend
10215,MAO-ERS,MADGOAN JN.,ERNAKULAM. JN,Tuesday,Weekday
10216,ERS-MAO SPL,ERNAKULAM. JN,MADGOAN JN.,Wednesday,Weekday
11001,SNSI-PVR EXP,SAI NAGAR SHIRDI,PANDHARPUR,Wednesday,Weekday
11002,PVR-SNSI EXP,PANDHARPUR,SAI NAGAR SHIRDI,Sunday,Weekend
11003,DR-SWV TUTAR,DADAR,SAWANTWADI ROAD,Friday,Weekday
11004,SWV-DR TUTAR,SAWANTWADI ROAD,DADAR,Friday,Weekday
11005,DR-PDY EXPRE,DADAR,PONDICHERRY,Saturday,Weekend
11006,CHALUKYA EXP,PONDICHERRY,DADAR,Saturday,Weekend
11007,DECCAN EXPRE,CST-MUMBAI,PUNE JN.,Wednesday,Weekday
11008,DECCAN EXPRE,PUNE JN.,CST-MUMBAI,Monday,Weekday
11009,SINHAGAD EXP,CST-MUMBAI,PUNE JN.,Thursday,Weekday
11010,SINHAGAD EXP,PUNE JN.,CST-MUMBAI,Sunday,Weekend
11011,LTT-NED EXPR,LOKMANYA TILAK TERMINUS,NANDED,Friday,Weekday
11012,NED-LTT  EXP,NANDED,LOKMANYA TILAK TERMINUS,Monday,Weekday
11013,COIMBATORE E,LOKMANYA TILAK TERMINUS,COIMBATORE JN.,Tuesday,Weekday
11014,LOKMANYA TT,COIMBATORE JN.,LOKMANYA TILAK TERMINUS,Wednesday,Weekday
11015,KUSHINAGAR E,LOKMANYA TILAK TERMINUS,GORAKHPUR JN.,Saturday,Weekend
11016,KUSHINAGAR E,GORAKHPUR JN.,LOKMANYA TILAK TERMINUS,Sunday,Weekend
11017,LTT-KIK WEEK,LOKMANYA TILAK TERMINUS,KARAIKAL,Thursday,Weekday
11018,KARAIKAL LTT,KARAIKAL,LOKMANYA TILAK TERMINUS,Wednesday,Weekday
11019,KONARK EXPRE,CST-MUMBAI,BHUBANESWAR,Friday,Weekday
11020,KONARK EXPRE,BHUBANESWAR,CST-MUMBAI,Wednesday,Weekday
11021,DR-TEN EXPRE,DADAR,TIRUNELVELI JN,Saturday,Weekend
11022,TEN - DR EXP,TIRUNELVELI JN,DADAR,Saturday,Weekend
11023,SAHYADRI EXP,CST-MUMBAI,CHHATRAPATI SHAHU MAHARAJ TERMINUS,Wednesday,Weekday
11024,SAHYADRI EXP,CHHATRAPATI SHAHU MAHARAJ TERMINUS,CST-MUMBAI,Thursday,Weekday
11025,BSL-PUNE EXP,BHUSAVAL JN.,PUNE JN.,Tuesday,Weekday
11026,PUNE-BSL EXP,PUNE JN.,BHUSAVAL JN.,Saturday,Weekend
11027,CSMT-MAS MAI,CST-MUMBAI,CHENNAI CENTRAL,Sunday,Weekend
11028,MAS-CSMT MUM,CHENNAI CENTRAL,CST-MUMBAI,Thursday,Weekday
11029,KOYNA EXPRES,CST-MUMBAI,CHHATRAPATI SHAHU MAHARAJ TERMINUS,Tuesday,Weekday
11030,KOYNA EXPRES,CHHATRAPATI SHAHU MAHARAJ TERMINUS,CST-MUMBAI,Friday,Weekday
11031,SUR-BJP EPXR,SOLAPUR,BIJAPUR JN,Saturday,Weekend
11032,BJP-SUR EXPR,BIJAPUR JN,SOLAPUR,Wednesday,Weekday
11033,PUNE-DBG EXP,PUNE JN.,DARBHANGA JN.,Friday,Weekday
11034,DBG-PUNE EXP,DARBHANGA JN.,PUNE JN.,Wednesday,Weekday
11035,SHARAVATHI E,DADAR,MYSORE JN.,Friday,Weekday
11036,SHARAVATI EX,MYSORE JN.,DADAR,Tuesday,Weekday
11037,PUNE-GKP EXP,PUNE JN.,GORAKHPUR JN.,Friday,Weekday
11038,GKP-PUNE EXP,GORAKHPUR JN.,PUNE JN.,Tuesday,Weekday
11039,MAHARASHTRA,CHHATRAPATI SHAHU MAHARAJ TERMINUS,GONDIA JN.,Thursday,Weekday
11040,MAHARASHTRA,GONDIA JN.,CHHATRAPATI SHAHU MAHARAJ TERMINUS,Friday,Weekday
11041,CSMT -MAS EX,CST-MUMBAI,CHENNAI CENTRAL,Tuesday,Weekday
11042,MAS-CSMT MUM,CHENNAI CENTRAL,CST-MUMBAI,Saturday,Weekend
11043,LTT-MADURAI,LOKMANYA TILAK TERMINUS,MADURAI JN,Tuesday,Weekday
11044,LOKAMANYA TT,MADURAI JN,LOKMANYA TILAK TERMINUS,Sunday,Weekend
11045,DIKSHABHOOMI,CHHATRAPATI SHAHU MAHARAJ TERMINUS,DHANBAD JN.,Sunday,Weekend
11046,DIKSHABHUMI,DHANBAD JN.,CHHATRAPATI SHAHU MAHARAJ TERMINUS,Sunday,Weekend
11047,MRJ UBL EXP,MIRAJ JN.,HUBLI JN.,Friday,Weekday
11048,UBL MRJ EXPR,HUBLI JN.,MIRAJ JN.,Sunday,Weekend
11049,ADI-KOP EXPR,AHMEDABAD,CHHATRAPATI SHAHU MAHARAJ TERMINUS,Saturday,Weekend
11050,KOP-ADI EXPR,CHHATRAPATI SHAHU MAHARAJ TERMINUS,AHMEDABAD,Saturday,Weekend
11051,SUR - KOP EX,SOLAPUR,CHHATRAPATI SHAHU MAHARAJ TERMINUS,Friday,Weekday
11052,KOP - SUR EX,CHHATRAPATI SHAHU MAHARAJ TERMINUS,SOLAPUR,Sunday,Weekend
11053,LTT-AMH EXPR,LOKMANYA TILAK TERMINUS,AZAMGARH,Thursday,Weekday
11054,AMH-LTT EXPR,AZAMGARH,LOKMANYA TILAK TERMINUS,Thursday,Weekday
11055,GODAN EXPRES,LOKMANYA TILAK TERMINUS,GORAKHPUR JN.,Thursday,Weekday
11056,GODAN EXPRES,GORAKHPUR JN.,LOKMANYA TILAK TERMINUS,Wednesday,Weekday
11057,AMRITSAR EXP,CST-MUMBAI,AMRITSAR JN.,Friday,Weekday
11058,ASR CSMT EXP,AMRITSAR JN.,CST-MUMBAI,Thursday,Weekday
11059,CHHAPRA EXPR,LOKMANYA TILAK TERMINUS,CHHAPRA JN.,Sunday,Weekend
11060,CPR LTT EXPR,CHHAPRA JN.,LOKMANYA TILAK TERMINUS,Thursday,Weekday
11061,LTT-DBG  EXP,LOKMANYA TILAK TERMINUS,DARBHANGA JN.,Monday,Weekday
11062,DBG  LTT EXP,DARBHANGA JN.,LOKMANYA TILAK TERMINUS,Monday,Weekday
11063,MS SA SUPER,CHENNAI EGMORE,SALEM JN.,Monday,Weekday
11064,SA MS SUPERF,SALEM JN.,CHENNAI EGMORE,Sunday,Weekend
11067,SAKET EXPRES,LOKMANYA TILAK TERMINUS,FAIZABAD JN.,Saturday,Weekend
11068,SAKET EXPRES,FAIZABAD JN.,LOKMANYA TILAK TERMINUS,Friday,Weekday
11071,KAMAYANI EXP,LOKMANYA TILAK TERMINUS,VARANASI JN.,Sunday,Weekend
11072,KAMAYANI EXP,VARANASI JN.,LOKMANYA TILAK TERMINUS,Saturday,Weekend
11073,LTT-MAS EXPR,LOKMANYA TILAK TERMINUS,CHENNAI CENTRAL,Friday,Weekday
11074,CHENNAI - LT,CHENNAI CENTRAL,LOKMANYA TILAK TERMINUS,Wednesday,Weekday
11075,LTT-BIDR EXP,LOKMANYA TILAK TERMINUS,BIDAR,Thursday,Weekday
11076,BIDR-LTT EXP,BIDAR,LOKMANYA TILAK TERMINUS,Thursday,Weekday
11077,JHELUM EXPRE,PUNE JN.,JAMMU TAWI,Tuesday,Weekday
11078,JHELUM EXPRE,JAMMU TAWI,PUNE JN.,Saturday,Weekend
11079,LTT-GKP EXPR,LOKMANYA TILAK TERMINUS,GORAKHPUR JN.,Saturday,Weekend
11080,GKP-LTT EXPR,GORAKHPUR JN.,LOKMANYA TILAK TERMINUS,Wednesday,Weekday
11081,LTT-GKP VIA,LOKMANYA TILAK TERMINUS,GORAKHPUR JN.,Tuesday,Weekday
11082,GKP-LTT VIA,GORAKHPUR JN.,LOKMANYA TILAK TERMINUS,Friday,Weekday
11083,LTT-KZJ TADO,LOKMANYA TILAK TERMINUS,KAZIPET JN.,Friday,Weekday
11084,KZJ-LTT TADO,KAZIPET JN.,LOKMANYA TILAK TERMINUS,Thursday,Weekday
11085,LTT-MAO DOUB,LOKMANYA TILAK TERMINUS,MADGOAN JN.,Sunday,Weekend
11086,MAO-LTT DOUB,MADGOAN JN.,LOKMANYA TILAK TERMINUS,Saturday,Weekend
11087,VRL-PUNE EXP,VERAVAL,PUNE JN.,Sunday,Weekend
11088,PUNE-VRL EXP,PUNE JN.,VERAVAL,Thursday,Weekday
11089,BGKTPUNE EXP,BHAGAT-KI-KOTHI,PUNE JN.,Sunday,Weekend
11090,PUNE BGKT EX,PUNE JN.,BHAGAT-KI-KOTHI,Tuesday,Weekday
11091,BHUJ PUNE EX,NEW BHUJ,PUNE JN.,Friday,Weekday
11092,PUNE BHUJ EX,PUNE JN.,NEW BHUJ,Friday,Weekday
11093,MAHANAGARI E,CST-MUMBAI,VARANASI JN.,Thursday,Weekday
11094,MAHANAGARI E,VARANASI JN.,CST-MUMBAI,Thursday,Weekday
11095,AHIMSA EXPRE,AHMEDABAD,PUNE JN.,Friday,Weekday
11096,AHIMSA EXPRE,PUNE JN.,AHMEDABAD,Wednesday,Weekday
11097,POORNA EXPRE,PUNE JN.,ERNAKULAM. JN,Saturday,Weekend
11098,POORNA EXPRE,ERNAKULAM. JN,PUNE JN.,Friday,Weekday
11101,PUNE-GWALIOR,PUNE JN.,GWALIOR JN,Thursday,Weekday
11102,GWL-PUNE EXP,GWALIOR JN,PUNE JN.,Tuesday,Weekday
11103,JHS-BDTS EXP,JHANSI JN,BANDRA TERMINUS,Sunday,Weekend
11104,BDTS-JHS EXP,BANDRA TERMINUS,JHANSI JN,Sunday,Weekend
11107,BUNDELKHAND,GWALIOR JN,VARANASI JN.,Friday,Weekday
11108,BUNDELKHAND,VARANASI JN.,GWALIOR JN,Friday,Weekday
11109,JHS-LKO INTE,JHANSI JN,LUCKNOW JN.,Thursday,Weekday
11110,LKO -JHS INT,LUCKNOW JN.,JHANSI JN,Friday,Weekday
11111,GWL-BLP SUSH,GWALIOR JN,"BALRAMPUR,",Friday,Weekday
11112,BLP-GWL SUSH,"BALRAMPUR,",GWALIOR JN,Monday,Weekday
11123,BARAUNI-GWL,BARAUNI JN.,GWALIOR JN,Thursday,Weekday
11124,GWALIAR-BJU,GWALIOR JN,BARAUNI JN.,Wednesday,Weekday
11125,IND-GWL EXP,INDORE BG,GWALIOR JN,Monday,Weekday
11126,GWL-IND EXP,GWALIOR JN,INDORE BG,Thursday,Weekday
11201,LTT-AJNI EXP,LOKMANYA TILAK TERMINUS,AJNI,Wednesday,Weekday
11202,AJNI-LTT EXP,AJNI,LOKMANYA TILAK TERMINUS,Friday,Weekday
11203,NAGPUR JAIPU,NAGPUR JN.(CR),JAIPUR JN.,Tuesday,Weekday
11204,JAIPUR NAGPU,JAIPUR JN.,NAGPUR JN.(CR),Tuesday,Weekday
11205,LTT-NZB EXPR,LOKMANYA TILAK TERMINUS,NIZAMABAD,Thursday,Weekday
11206,NZB-LTT WEEK,NIZAMABAD,LOKMANYA TILAK TERMINUS,Friday,Weekday
11265,JBP-ABKP EXP,JABALPUR,AMBIKAPUR,Thursday,Weekday
11266,ABKP-JBP EXP,AMBIKAPUR,JABALPUR,Monday,Weekday
11272,VINDHYACHAL,BHOPAL,ITARSI,Friday,Weekday
11301,UDYAN EXPRES,CST-MUMBAI,KRANTIVIRA SANGOLLI RAYANNA (BENGALURU STATION),Wednesday,Weekday
11302,UDYAN EXP,KRANTIVIRA SANGOLLI RAYANNA (BENGALURU STATION),CST-MUMBAI,Monday,Weekday
11303,HYB-KOP EXPR,HYDERABAD DECCAN,CHHATRAPATI SHAHU MAHARAJ TERMINUS,Thursday,Weekday
11304,KOP-HYB EXPR,CHHATRAPATI SHAHU MAHARAJ TERMINUS,HYDERABAD DECCAN,Saturday,Weekend
11307,GR-HYB- INTE,GULBARGA,HYDERABAD DECCAN,Monday,Weekday
11308,HYB-GR INTER,HYDERABAD DECCAN,GULBARGA,Wednesday,Weekday
11309,SUR-MRJ EXP,SOLAPUR,MIRAJ JN.,Sunday,Weekend
11310,MRJ-SUR EXP,MIRAJ JN.,SOLAPUR,Wednesday,Weekday
11401,NANDIGRHAM E,CST-MUMBAI,NAGPUR JN.(CR),Thursday,Weekday
11402,NADHIGRAM EX,NAGPUR JN.(CR),CST-MUMBAI,Tuesday,Weekday
11403,NGP-KOP EXPR,NAGPUR JN.(CR),CHHATRAPATI SHAHU MAHARAJ TERMINUS,Friday,Weekday
11404,KOP-NGP EXPR,CHHATRAPATI SHAHU MAHARAJ TERMINUS,NAGPUR JN.(CR),Saturday,Weekend
11405,PUNE-AMRAVAT,PUNE JN.,AMRAVATI,Thursday,Weekday
11406,AMRAVAI-PUNE,AMRAVATI,PUNE JN.,Tuesday,Weekday
11407,PUNE-LJN EXP,PUNE JN.,LUCKNOW JN.,Sunday,Weekend
11408,LJN-PUNE EXP,LUCKNOW JN.,PUNE JN.,Saturday,Weekend
11423,SUR HUBLI EX,SOLAPUR,HUBLI JN.,Friday,Weekday
11424,GDG-SUR EXPR,HUBLI JN.,SOLAPUR,Tuesday,Weekday
11447,SHAKTIPUNJ E,JABALPUR,HOWRAH JN.,Friday,Weekday
11448,SHAKTIPUNJ E,HOWRAH JN.,JABALPUR,Friday,Weekday
11449,JBP-SVDK EXP,JABALPUR,SHRI MATA VAISHNO DEVI KATRA,Friday,Weekday
11450,SVDK-JBP EXP,SHRI MATA VAISHNO DEVI KATRA,JABALPUR,Thursday,Weekday
11463,SMNH-JBP EXP,SOMNATH,JABALPUR,Sunday,Weekend
11464,JBP -SMNH EX,JABALPUR,SOMNATH,Thursday,Weekday
11465,SMNH-JBP EXP,SOMNATH,JABALPUR,Tuesday,Weekday
11466,JBP-SMNH EXP,JABALPUR,SOMNATH,Monday,Weekday
11651,JBP-SGRL INT,JABALPUR,SINGRAULI,Thursday,Weekday
11652,SGRL-JBP INT,SINGRAULI,JABALPUR,Tuesday,Weekday
11701,JBP-INDB INT,JABALPUR,INDORE BG,Sunday,Weekend
11702,INDB-JBP INT,INDORE BG,JABALPUR,Sunday,Weekend
11703,REWA-DADN  E,REWA,MHOW,Thursday,Weekday
11704,INDB-REWA EX,MHOW,REWA,Saturday,Weekend
11801,JHS-ETW EXPR,JHANSI JN,ETAWAH,Wednesday,Weekday
11802,ETW-JHS LINK,ETAWAH,JHANSI JN,Saturday,Weekend
11901,MTJ-KKDE EXP,MATHURA JN.,KURUKSHETRA JN.,Saturday,Weekend
11902,KKDE-MTJ EXP,KURUKSHETRA JN.,MATHURA JN.,Wednesday,Weekday
12001,BPL - NDLS S,HABIBGANJ,NEW DELHI,Monday,Weekday
12002,NDLS - BPL S,NEW DELHI,HABIBGANJ,Thursday,Weekday
12003,LKO-NDLS SHA,LUCKNOW JN.,NEW DELHI,Sunday,Weekend
12004,NDLS-LKO SHA,NEW DELHI,LUCKNOW JN.,Monday,Weekday
12005,NDLS-KLK- SH,NEW DELHI,KALKA,Friday,Weekday
12006,KLK-NDLS SHA,KALKA,NEW DELHI,Sunday,Weekend
12007,MAS-MYS SHAT,CHENNAI CENTRAL,MYSORE JN.,Friday,Weekday
12008,MYS-MAS SHAT,MYSORE JN.,CHENNAI CENTRAL,Saturday,Weekend
12009,SHATABDI EXP,MUMBAI CENTRAL,AHMEDABAD,Tuesday,Weekday
12010,SHATABDI EXP,AHMEDABAD,MUMBAI CENTRAL,Friday,Weekday
12011,NDLS-KLK SHA,NEW DELHI,KALKA,Tuesday,Weekday
12012,KLK-NDLS SHA,KALKA,NEW DELHI,Monday,Weekday
12013,NDLS-ASR SHA,NEW DELHI,AMRITSAR JN.,Sunday,Weekend
12014,ASR-NDLS SHA,AMRITSAR JN.,NEW DELHI,Friday,Weekday
12015,NDLS-AII SHA,NEW DELHI,AJMER JN.,Monday,Weekday
12016,AII-NDLS SHA,AJMER JN.,NEW DELHI,Monday,Weekday
12017,NDLS-DDN SHA,NEW DELHI,DEHRA DUN,Sunday,Weekend
12018,DDN-NDLS SHA,DEHRA DUN,NEW DELHI,Saturday,Weekend
12019,HOWRAH RANCH,HOWRAH JN.,RANCHI,Tuesday,Weekday
12020,RNC HWH SHAT,RANCHI,HOWRAH JN.,Thursday,Weekday
12021,HOWRAH-BARAB,HOWRAH JN.,BARBIL,Saturday,Weekend
12022,BARABIL-HOWR,BARBIL,HOWRAH JN.,Tuesday,Weekday
12023,HOWRAH PATNA,HOWRAH JN.,PATNA JN.,Tuesday,Weekday
12024,PATNA HOWRAH,PATNA JN.,HOWRAH JN.,Wednesday,Weekday
12025,PUNE-SC SHAT,PUNE JN.,SECUNDERABAD JN.,Sunday,Weekend
12026,SC-PUNE SHAT,SECUNDERABAD JN.,PUNE JN.,Friday,Weekday
12027,MAS-SBC SHAT,CHENNAI CENTRAL,KRANTIVIRA SANGOLLI RAYANNA (BENGALURU STATION),Sunday,Weekend
12028,SBC-MAS SHAT,KRANTIVIRA SANGOLLI RAYANNA (BENGALURU STATION),CHENNAI CENTRAL,Thursday,Weekday
12029,SWARNA SHATA,NEW DELHI,AMRITSAR JN.,Monday,Weekday
12030,SWARNA SHATA,AMRITSAR JN.,NEW DELHI,Sunday,Weekend
12031,NDLS-ASR-SHA,NEW DELHI,AMRITSAR JN.,Tuesday,Weekday
12032,ASR-NDLS SHA,AMRITSAR JN.,NEW DELHI,Friday,Weekday
12033,CNB NDLS SHT,KANPUR CENTRAL JN.,NEW DELHI,Sunday,Weekend
12034,NDLS CNB SHA,NEW DELHI,KANPUR CENTRAL JN.,Friday,Weekday
12035,JP AF SHATAB,JAIPUR JN.,AGRA FORT,Tuesday,Weekday
12036,AF JP SHATAB,AGRA FORT,JAIPUR JN.,Friday,Weekday
12037,NDLS-LDH SHA,NEW DELHI,LUDHIANA JN.,Sunday,Weekend
12038,LDH-NDLS SHA,LUDHIANA JN.,NEW DELHI,Sunday,Weekend
12039,KGM-NDLS SHA,KATHGODAM,NEW DELHI,Thursday,Weekday
12040,NDLS-KGM SHA,NEW DELHI,KATHGODAM,Tuesday,Weekday
12041,HWH - NJP SH,HOWRAH JN.,NEW JALPAIGURI JN,Tuesday,Weekday
12042,NJP - HWH SH,NEW JALPAIGURI JN,HOWRAH JN.,Saturday,Weekend
12043,NDLS-MOGA SH,NEW DELHI,MOGA,Tuesday,Weekday
12044,MOGA-NDLS SH,MOGA,NEW DELHI,Sunday,Weekend
12045,NDLS-CDG SHA,NEW DELHI,CHANDIGARH,Friday,Weekday
12046,CDG-NDLS SHA,CHANDIGARH,NEW DELHI,Tuesday,Weekday
12047,BHATINDA SHA,NEW DELHI,FIROZPUR CANTT JN.,Saturday,Weekend
12048,NEW DELHI SH,FIROZPUR CANTT JN.,NEW DELHI,Thursday,Weekday
12049,GATIMAN EXPR,AGRA CANTT,HAZRAT NIZAMUDDIN JN,Tuesday,Weekday
12050,GATIMAN EXPR,HAZRAT NIZAMUDDIN JN,AGRA CANTT,Friday,Weekday
12051,JAN SHATABDI,DADAR,MADGOAN JN.,Wednesday,Weekday
12052,MAO-DR JAN S,MADGOAN JN.,DADAR,Wednesday,Weekday
12053,HW-ASR EXP,HARIDWAR JN,AMRITSAR JN.,Monday,Weekday
12054,ASR-HW JAN S,AMRITSAR JN.,HARIDWAR JN,Wednesday,Weekday
12055,DDN JANSHATA,NEW DELHI,DEHRA DUN,Wednesday,Weekday
12056,NEWDELHI JAN,DEHRA DUN,NEW DELHI,Tuesday,Weekday
12057,NDLS-NLDM- J,NEW DELHI,UNA HIMACHAL,Thursday,Weekday
12058,NDLS JANSHTB,UNA HIMACHAL,NEW DELHI,Friday,Weekday
12059,NZM JAN SHAT,KOTA,HAZRAT NIZAMUDDIN JN,Tuesday,Weekday
12060,KOTA JANSHTB,HAZRAT NIZAMUDDIN JN,KOTA,Tuesday,Weekday
12061,JBP JANSHATA,HABIBGANJ,JABALPUR,Tuesday,Weekday
12062,HBJ JANSHATA,JABALPUR,HABIBGANJ,Tuesday,Weekday
12065,NZM JAN SHAT,AJMER JN.,HAZRAT NIZAMUDDIN JN,Wednesday,Weekday
12066,AII JAN SHAT,HAZRAT NIZAMUDDIN JN,AJMER JN.,Tuesday,Weekday
12067,JANSATABDI E,GUWAHATI,JORHAT TOWN,Thursday,Weekday
12068,JANSATBDI EX,JORHAT TOWN,GUWAHATI,Sunday,Weekend
12069,RIG - G JANS,RAIGARH,GONDIA JN.,Monday,Weekday
12070,G - RIG JANS,GONDIA JN.,RAIGARH,Saturday,Weekend
12071,JANSHATABDI,DADAR,JALNA,Wednesday,Weekday
12072,JANSHATABDI,JALNA,DADAR,Sunday,Weekend
12073,HWH-BBS JAN,HOWRAH JN.,BHUBANESWAR,Monday,Weekday
12074,BBS-HWH JAN,BHUBANESWAR,HOWRAH JN.,Friday,Weekday
12075,CLT - T VC J,CALICUT,TRIVANDRUM CENTRAL,Thursday,Weekday
12076,TVC - CLT JA,TRIVANDRUM CENTRAL,CALICUT,Saturday,Weekend
12077,MAS-BZA JAN,CHENNAI CENTRAL,VIJAYWADA JN.,Monday,Weekday
12078,BZA-MAS-JAN,VIJAYWADA JN.,CHENNAI CENTRAL,Tuesday,Weekday
12079,JANSHATABDI,KRANTIVIRA SANGOLLI RAYANNA (BENGALURU STATION),HUBLI JN.,Friday,Weekday
12080,JAN SHATABDI,HUBLI JN.,KRANTIVIRA SANGOLLI RAYANNA (BENGALURU STATION),Tuesday,Weekday
12081,CAN - TVC JA,KANNUR,TRIVANDRUM CENTRAL,Wednesday,Weekday
12082,TVC - CAN JA,TRIVANDRUM CENTRAL,KANNUR,Sunday,Weekend
12083,MV-CBE JANSH,MAYILADUTURAI JN.,COIMBATORE JN.,Friday,Weekday
12084,CBE-MV JAN S,COIMBATORE JN.,MAYILADUTURAI JN.,Saturday,Weekend
12085,GHY-DBRG SHA,GUWAHATI,DIBRUGARH,Saturday,Weekend
12086,DBRG-GHY SHA,DIBRUGARH,GUWAHATI,Thursday,Weekday
12087,NHLN - GHY S,NAHARLAGUN,GUWAHATI,Wednesday,Weekday
12088,GHY - NHLN S,GUWAHATI,NAHARLAGUN,Wednesday,Weekday
12101,JNANESWARI D,LOKMANYA TILAK TERMINUS,HOWRAH JN.,Saturday,Weekend
12102,JNANESWARISU,HOWRAH JN.,LOKMANYA TILAK TERMINUS,Thursday,Weekday
12103,PUNE-LKO EXP,PUNE JN.,LUCKNOW JN.,Wednesday,Weekday
12104,LJN-PUNE EXP,LUCKNOW JN.,PUNE JN.,Saturday,Weekend
12105,VIDARBHA EXP,CST-MUMBAI,GONDIA JN.,Sunday,Weekend
12106,VIDARBHA EXP,GONDIA JN.,CST-MUMBAI,Sunday,Weekend
12107,LTT-LJN EXPR,LOKMANYA TILAK TERMINUS,LUCKNOW JN.,Sunday,Weekend
12108,LJN-LTT EXPR,LUCKNOW JN.,LOKMANYA TILAK TERMINUS,Tuesday,Weekday
12109,PANCHAVATI E,CST-MUMBAI,MANMAD JN.,Saturday,Weekend
12110,PANCHAVTI EX,MANMAD JN.,CST-MUMBAI,Sunday,Weekend
12111,CSMT-AMI SF,CST-MUMBAI,AMRAVATI,Sunday,Weekend
12112,AMI-CSMT SF,AMRAVATI,CST-MUMBAI,Monday,Weekday
12113,PUNE-NGP GAR,PUNE JN.,NAGPUR JN.(CR),Tuesday,Weekday
12114,NGP-PUNE GAR,NAGPUR JN.(CR),PUNE JN.,Thursday,Weekday
12115,CSTM-SUR SID,CST-MUMBAI,SOLAPUR,Saturday,Weekend
12116,SUR-CSMT SID,SOLAPUR,CST-MUMBAI,Saturday,Weekend
12117,LTT MANMAD E,LOKMANYA TILAK TERMINUS,MANMAD JN.,Monday,Weekday
12118,MANMAD LTT E,MANMAD JN.,LOKMANYA TILAK TERMINUS,Thursday,Weekday
12119,AMRAVATI-NGP,AMRAVATI,AJNI,Wednesday,Weekday
12120,NGP-AMI EXPR,AJNI,AMRAVATI,Wednesday,Weekday
12121,M P SMPRK KR,JABALPUR,HAZRAT NIZAMUDDIN JN,Wednesday,Weekday
12122,M P S KRANTI,HAZRAT NIZAMUDDIN JN,JABALPUR,Wednesday,Weekday
12123,DECCAN QUEEN,CST-MUMBAI,PUNE JN.,Wednesday,Weekday
12124,DECCAN QUEEN,PUNE JN.,CST-MUMBAI,Sunday,Weekend
12125,PRAGATI EXPR,CST-MUMBAI,PUNE JN.,Sunday,Weekend
12126,PRAGATI EXPR,PUNE JN.,CST-MUMBAI,Saturday,Weekend
12127,INTERCITY EX,CST-MUMBAI,PUNE JN.,Monday,Weekday
12128,INTERCITY EX,PUNE JN.,CST-MUMBAI,Saturday,Weekend
12129,AZAD HIND EX,PUNE JN.,HOWRAH JN.,Tuesday,Weekday
12130,HOWRAH PUNE,HOWRAH JN.,PUNE JN.,Wednesday,Weekday
12131,DR SAINAGAR,DADAR,SAI NAGAR SHIRDI,Monday,Weekday
12132,SAINAGAR DR,SAI NAGAR SHIRDI,DADAR,Wednesday,Weekday
12133,CSMT-MAJN EX,CST-MUMBAI,MANGALORE JN,Saturday,Weekend
12134,MAJN-CSMT EX,MANGALORE JN,CST-MUMBAI,Friday,Weekday
12135,PUNE-NGP EXP,PUNE JN.,NAGPUR JN.(CR),Saturday,Weekend
12136,NGP-PUNE EXP,NAGPUR JN.(CR),PUNE JN.,Wednesday,Weekday
12137,PUNJAB MAIL,CST-MUMBAI,FIROZPUR CANTT JN.,Sunday,Weekend
12138,PUNJAB MAIL,FIROZPUR CANTT JN.,CST-MUMBAI,Thursday,Weekday
12139,SEWAGRAM EXP,CST-MUMBAI,NAGPUR JN.(CR),Wednesday,Weekday
12140,SEWAGRAM EXP,NAGPUR JN.(CR),CST-MUMBAI,Wednesday,Weekday
12141,LTT-PPTA EXP,LOKMANYA TILAK TERMINUS,PATLIPUTRA,Saturday,Weekend
12142,PPTA-LTT SF,PATLIPUTRA,LOKMANYA TILAK TERMINUS,Thursday,Weekday
12143,LTT-SLN SF E,LOKMANYA TILAK TERMINUS,SULTANPUR JN.,Wednesday,Weekday
12144,SLN LTT SF S,SULTANPUR JN.,LOKMANYA TILAK TERMINUS,Thursday,Weekday
12145,LTT-PURI WEE,LOKMANYA TILAK TERMINUS,PURI,Saturday,Weekend
12146,PURI-LTT WEE,PURI,LOKMANYA TILAK TERMINUS,Sunday,Weekend
12147,KOP-NZM EXPR,CHHATRAPATI SHAHU MAHARAJ TERMINUS,HAZRAT NIZAMUDDIN JN,Friday,Weekday
12148,NZM-KOP EXPR,HAZRAT NIZAMUDDIN JN,CHHATRAPATI SHAHU MAHARAJ TERMINUS,Monday,Weekday
12149,PUNE-DNR EXP,PUNE JN.,DANAPUR,Saturday,Weekend
12150,DNR-PUNE EXP,DANAPUR,PUNE JN.,Sunday,Weekend
12151,SAMARSATA EX,LOKMANYA TILAK TERMINUS,HOWRAH JN.,Thursday,Weekday
12152,HWH-LTT SAMR,HOWRAH JN.,LOKMANYA TILAK TERMINUS,Monday,Weekday
12153,LTT-HBJ EXPR,LOKMANYA TILAK TERMINUS,HABIBGANJ,Saturday,Weekend
12154,HBJ-LTT EXPR,HABIBGANJ,LOKMANYA TILAK TERMINUS,Friday,Weekday
12155,SHAN-E-BPL E,HABIBGANJ,HAZRAT NIZAMUDDIN JN,Tuesday,Weekday
12156,SHAN-E- BHOP,HAZRAT NIZAMUDDIN JN,HABIBGANJ,Monday,Weekday
12157,HUTATMA EXPR,PUNE JN.,SOLAPUR,Monday,Weekday
12158,HUTATMA EXPR,SOLAPUR,PUNE JN.,Saturday,Weekend
12159,AMI- JBP SUF,AMRAVATI,JABALPUR,Saturday,Weekend
12160,JBP-AMI  SUF,JABALPUR,AMRAVATI,Wednesday,Weekday
12161,LASHKAR EXPR,LOKMANYA TILAK TERMINUS,AGRA CANTT,Wednesday,Weekday
12162,LASHKAR EXPR,AGRA CANTT,LOKMANYA TILAK TERMINUS,Monday,Weekday
12163,CHENNAI EXPR,DADAR,CHENNAI EGMORE,Friday,Weekday
12164,CHENNAI EXP,CHENNAI EGMORE,DADAR,Tuesday,Weekday
12165,LTT BSB SUP,LOKMANYA TILAK TERMINUS,VARANASI JN.,Tuesday,Weekday
12166,BSB LTT SUP,VARANASI JN.,LOKMANYA TILAK TERMINUS,Friday,Weekday
12167,LTT(T)-BSB S,LOKMANYA TILAK TERMINUS,VARANASI JN.,Saturday,Weekend
12168,BSB-LTT SF E,VARANASI JN.,LOKMANYA TILAK TERMINUS,Friday,Weekday
12169,SUR INTERCIT,PUNE JN.,SOLAPUR,Saturday,Weekend
12170,PUNE INTERCI,SOLAPUR,PUNE JN.,Thursday,Weekday
12171,LTT - HW SUP,LOKMANYA TILAK TERMINUS,HARIDWAR JN,Sunday,Weekend
12172,HW - LTT SUP,HARIDWAR JN,LOKMANYA TILAK TERMINUS,Wednesday,Weekday
12173,LTT-CNB EXPR,LOKMANYA TILAK TERMINUS,PARTAPGARH JN.,Saturday,Weekend
12174,CNB-LTT EXPR,PARTAPGARH JN.,LOKMANYA TILAK TERMINUS,Sunday,Weekend
12175,CHAMBAL EXP,HOWRAH JN.,GWALIOR JN,Friday,Weekday
12176,CHAMBAL EXPR,GWALIOR JN,HOWRAH JN.,Thursday,Weekday
12177,CHAMBAL EXP,HOWRAH JN.,MATHURA JN.,Monday,Weekday
12178,CHAMBAL EXP,MATHURA JN.,HOWRAH JN.,Sunday,Weekend
12179,INTERCITY,LUCKNOW JN.,AGRA CANTT,Thursday,Weekday
12180,INTERCITY,AGRA CANTT,LUCKNOW JN.,Friday,Weekday
12181,JBP-AII DAYO,JABALPUR,AJMER JN.,Friday,Weekday
12182,AII-JBP DAYO,AJMER JN.,JABALPUR,Sunday,Weekend
12183,BPL-PBH SUF,BHOPAL,PARTAPGARH JN.,Thursday,Weekday
12184,PBH-BPL SUF,PARTAPGARH JN.,BHOPAL,Sunday,Weekend
12185,HBJ-REWA REW,HABIBGANJ,REWA,Saturday,Weekend
12186,REWA-HBJ REW,REWA,HABIBGANJ,Wednesday,Weekday
12187,MUMBAI GARIB,JABALPUR,CST-MUMBAI,Wednesday,Weekday
12188,JBP GARIB RA,CST-MUMBAI,JABALPUR,Sunday,Weekend
12189,JBP-NZM MAHA,JABALPUR,HAZRAT NIZAMUDDIN JN,Saturday,Weekend
12190,NZM-JBP MAHA,HAZRAT NIZAMUDDIN JN,JABALPUR,Wednesday,Weekday
12191,SHRIDHAM SUP,NEW DELHI,JABALPUR,Tuesday,Weekday
12192,JBP-NDLS SUF,JABALPUR,NEW DELHI,Thursday,Weekday
12193,YPR-JBP WEEK,YESVANTPUR JN.,JABALPUR,Saturday,Weekend
12194,JBP-YPR WEEK,JABALPUR,YESVANTPUR JN.,Friday,Weekday
12195,AF-AII INTER,AGRA FORT,AJMER JN.,Saturday,Weekend
12196,AII-AF INTER,AJMER JN.,AGRA FORT,Saturday,Weekend
12197,BPL-GWL-INTE,BHOPAL,GWALIOR JN,Monday,Weekday
12198,GWL-BPL-INTE,GWALIOR JN,BHOPAL,Friday,Weekday
12201,KCVL GARIB R,LOKMANYA TILAK TERMINUS,KOCHUVELI,Monday,Weekday
12202,LTT GARIB RA,KOCHUVELI,LOKMANYA TILAK TERMINUS,Thursday,Weekday
12203,GARIB RATH,SAHARSA JN.,AMRITSAR JN.,Monday,Weekday
12204,GRIB RATH,AMRITSAR JN.,SAHARSA JN.,Thursday,Weekday
12205,NANDA DEVI E,NEW DELHI,DEHRA DUN,Sunday,Weekend
12206,NANDA DEVI E,DEHRA DUN,NEW DELHI,Saturday,Weekend
12207,KGM-JAT GARI,KATHGODAM,JAMMU TAWI,Wednesday,Weekday
12208,JAT-KGM GARI,JAMMU TAWI,KATHGODAM,Saturday,Weekend
12209,CNB-KGM GARI,KANPUR CENTRAL JN.,KATHGODAM,Wednesday,Weekday
12210,KGM-CNB GARI,KATHGODAM,KANPUR CENTRAL JN.,Monday,Weekday
12211,MFP-ANVT GAR,MUZAFFARPUR JN.,ANAND VIHAR TERMINAL,Thursday,Weekday
12212,ANVT-MFP GAR,ANAND VIHAR TERMINAL,MUZAFFARPUR JN.,Tuesday,Weekday
12213,DEE-YPR DURA,YESVANTPUR JN.,DELHI-SARAI ROHILLA,Monday,Weekday
12214,DEE-YPR DURO,DELHI-SARAI ROHILLA,YESVANTPUR JN.,Wednesday,Weekday
12215,DEE-BDTS GAR,DELHI-SARAI ROHILLA,BANDRA TERMINUS,Monday,Weekday
12216,BDTS-DEE GAR,BANDRA TERMINUS,DELHI-SARAI ROHILLA,Tuesday,Weekday
12217,KERALA S.KRA,KOCHUVELI,CHANDIGARH,Sunday,Weekend
12218,KERALA S.KRA,CHANDIGARH,KOCHUVELI,Thursday,Weekday
12219,LTT-SC AC DU,LOKMANYA TILAK TERMINUS,SECUNDERABAD JN.,Sunday,Weekend
12220,SC-LTT AC DU,SECUNDERABAD JN.,LOKMANYA TILAK TERMINUS,Monday,Weekday
12221,PA-HWH DURAN,PUNE JN.,HOWRAH JN.,Thursday,Weekday
12222,HWH-PUNE DUR,HOWRAH JN.,PUNE JN.,Tuesday,Weekday
12223,LTT-ERS DURO,LOKMANYA TILAK TERMINUS,ERNAKULAM. JN,Friday,Weekday
12224,ERS-LTT DURO,ERNAKULAM. JN,LOKMANYA TILAK TERMINUS,Tuesday,Weekday
12225,KAIFIAT EXP,AZAMGARH,DELHI JN.,Thursday,Weekday
12226,KAIFIAT EXP,DELHI JN.,AZAMGARH,Thursday,Weekday
12227,INDORE DURON,MUMBAI CENTRAL,INDORE BG,Tuesday,Weekday
12228,MUMBAI DURON,INDORE BG,MUMBAI CENTRAL,Tuesday,Weekday
12229,LUCKNOW MAIL,LUCKNOW JN.,NEW DELHI,Wednesday,Weekday
12230,LUCKNOW MAIL,NEW DELHI,LUCKNOW JN.,Thursday,Weekday
12231,LKO - CDG EX,LUCKNOW JN.,CHANDIGARH,Friday,Weekday
12232,CDG - LKO EX,CHANDIGARH,LUCKNOW JN.,Sunday,Weekend
12235,GHY-NDLS RAJ,DIBRUGARH,NEW DELHI,Friday,Weekday
12236,NDLS-GHY RAJ,NEW DELHI,DIBRUGARH,Saturday,Weekend
12237,BSB-JAT EXP.,VARANASI JN.,JAMMU TAWI,Saturday,Weekend
12238,JAT-BSB EXP.,JAMMU TAWI,VARANASI JN.,Thursday,Weekday
12239,JAIPUR DURON,MUMBAI CENTRAL,JAIPUR JN.,Tuesday,Weekday
12240,JP BCT DURON,JAIPUR JN.,MUMBAI CENTRAL,Saturday,Weekend
12241,CDG-ASR SUPE,CHANDIGARH,AMRITSAR JN.,Thursday,Weekday
12242,ASR-CDG SUPE,AMRITSAR JN.,CHANDIGARH,Saturday,Weekend
12243,MAS-CBE SHAT,CHENNAI CENTRAL,COIMBATORE JN.,Tuesday,Weekday
12244,CBE-MAS  SHA,COIMBATORE JN.,CHENNAI CENTRAL,Friday,Weekday
12245,HWH - YPR WE,HOWRAH JN.,YESVANTPUR JN.,Tuesday,Weekday
12246,YPR - HWH WE,YESVANTPUR JN.,HOWRAH JN.,Saturday,Weekend
12247,BDTS NZM YUV,BANDRA TERMINUS,HAZRAT NIZAMUDDIN JN,Thursday,Weekday
12248,NZM  BDTS  Y,HAZRAT NIZAMUDDIN JN,BANDRA TERMINUS,Tuesday,Weekday
12249,HWH-ANVT YUV,HOWRAH JN.,ANAND VIHAR TERMINAL,Wednesday,Weekday
12250,ANVT-HWH YUV,ANAND VIHAR TERMINAL,HOWRAH JN.,Saturday,Weekend
12251,WAINGANGA EX,YESVANTPUR JN.,KORBA,Thursday,Weekday
12252,WAINGANGA EX,KORBA,YESVANTPUR JN.,Saturday,Weekend
12253,YPR-BGP ANGA,YESVANTPUR JN.,BHAGALPUR,Thursday,Weekday
12254,BGP-YPR ANGA,BHAGALPUR,YESVANTPUR JN.,Tuesday,Weekday
12257,YPR-KCVL EXP,YESVANTPUR JN.,KOCHUVELI,Friday,Weekday
12258,KCVL-YPR EXP,KOCHUVELI,YESVANTPUR JN.,Wednesday,Weekday
12259,NDLS DURONTO,SEALDAH,NEW DELHI,Tuesday,Weekday
12260,SDAH DURONTO,NEW DELHI,SEALDAH,Tuesday,Weekday
12261,CSMT-HWH DUR,CST-MUMBAI,HOWRAH JN.,Thursday,Weekday
12262,HWH-CSMT DUR,HOWRAH JN.,CST-MUMBAI,Sunday,Weekend
12263,PUNE-NZM DUR,PUNE JN.,HAZRAT NIZAMUDDIN JN,Thursday,Weekday
12264,NZM-PUNE DUR,HAZRAT NIZAMUDDIN JN,PUNE JN.,Thursday,Weekday
12265,DEE-JAT DURO,DELHI-SARAI ROHILLA,JAMMU TAWI,Saturday,Weekend
12266,JAT-DEE,JAMMU TAWI,DELHI-SARAI ROHILLA,Saturday,Weekend
12267,ADI DURONTO,MUMBAI CENTRAL,AHMEDABAD,Sunday,Weekend
12268,BCT DURONTO,AHMEDABAD,MUMBAI CENTRAL,Sunday,Weekend
12269,MAS-NZM DURA,CHENNAI CENTRAL,HAZRAT NIZAMUDDIN JN,Wednesday,Weekday
12270,NZM-MAS DURA,HAZRAT NIZAMUDDIN JN,CHENNAI CENTRAL,Friday,Weekday
12273,HWH NDLS DUR,HOWRAH JN.,NEW DELHI,Sunday,Weekend
12274,HWH DURONTO,NEW DELHI,HOWRAH JN.,Tuesday,Weekday
12275,ALD-NDLS-DUR,ALLAHABAD JN.,NEW DELHI,Wednesday,Weekday
12276,NDLS-ALD-DUR,NEW DELHI,ALLAHABAD JN.,Thursday,Weekday
12277,HWH-PURI SHA,HOWRAH JN.,PURI,Wednesday,Weekday
12278,PURI-HWH SHA,PURI,HOWRAH JN.,Tuesday,Weekday
12279,TAJ EXPRESS,JHANSI JN,HAZRAT NIZAMUDDIN JN,Saturday,Weekend
12280,TAJ EXPRESS,HAZRAT NIZAMUDDIN JN,JHANSI JN,Friday,Weekday
12281,BBS-NDLS DUR,BHUBANESWAR,NEW DELHI,Tuesday,Weekday
12282,NDLS-BBS DUR,NEW DELHI,BHUBANESWAR,Tuesday,Weekday
12283,ERS-NZM DURO,ERNAKULAM. JN,HAZRAT NIZAMUDDIN JN,Wednesday,Weekday
12284,NZM-ERS DURO,HAZRAT NIZAMUDDIN JN,ERNAKULAM. JN,Tuesday,Weekday
12285,SC-NZM DORON,SECUNDERABAD JN.,HAZRAT NIZAMUDDIN JN,Friday,Weekday
12286,NZM-SC DURON,HAZRAT NIZAMUDDIN JN,SECUNDERABAD JN.,Wednesday,Weekday
12289,CSMT-NGP DUR,CST-MUMBAI,NAGPUR JN.(CR),Thursday,Weekday
12290,NGP-CSMT DUR,NAGPUR JN.(CR),CST-MUMBAI,Friday,Weekday
12291,YPR-MAS EXP,YESVANTPUR JN.,CHENNAI CENTRAL,Monday,Weekday
12292,MAS-YPR EXP,CHENNAI CENTRAL,YESVANTPUR JN.,Tuesday,Weekday
12293,LTT-ALD DURA,LOKMANYA TILAK TERMINUS,ALLAHABAD JN.,Sunday,Weekend
12294,ALD-LTT DURA,ALLAHABAD JN.,LOKMANYA TILAK TERMINUS,Saturday,Weekend
12295,SBC-PPTA SAN,KRANTIVIRA SANGOLLI RAYANNA (BENGALURU STATION),DANAPUR,Friday,Weekday
12296,PNBE-SBC SAN,DANAPUR,KRANTIVIRA SANGOLLI RAYANNA (BENGALURU STATION),Sunday,Weekend
12297,ADI-PUNE DUR,AHMEDABAD,PUNE JN.,Wednesday,Weekday
12298,PUNE-ADI DOR,PUNE JN.,AHMEDABAD,Sunday,Weekend
12301,KOLKATA RAJD,HOWRAH JN.,NEW DELHI,Tuesday,Weekday
12302,KOLKATA RAJD,NEW DELHI,HOWRAH JN.,Wednesday,Weekday
12303,POORVA EXPRE,HOWRAH JN.,NEW DELHI,Wednesday,Weekday
12304,POORVA EXPRE,NEW DELHI,HOWRAH JN.,Monday,Weekday
12305,KOLKATA RAJD,HOWRAH JN.,NEW DELHI,Thursday,Weekday
12306,KOLKATA RAJD,NEW DELHI,HOWRAH JN.,Tuesday,Weekday
12307,HWH-JU EXP,HOWRAH JN.,JODHPUR JN.,Friday,Weekday
12308,JU-HWH SUPFA,JODHPUR JN.,HOWRAH JN.,Saturday,Weekend
12309,PATNA RAJDHA,RAJENDRANAGAR TERMINAL,NEW DELHI,Wednesday,Weekday
12310,PATNA RAJDHA,NEW DELHI,RAJENDRANAGAR TERMINAL,Saturday,Weekend
12311,HWH DLIKLK M,HOWRAH JN.,KALKA,Sunday,Weekend
12312,KLK DLI HWH,KALKA,HOWRAH JN.,Monday,Weekday
12313,SDAH RAJDHAN,SEALDAH,NEW DELHI,Thursday,Weekday
12314,SDAH RAJDHAN,NEW DELHI,SEALDAH,Tuesday,Weekday
12315,ANNANYA  EXP,KOLKATA,UDAIPUR CITY,Thursday,Weekday
12316,ANANYA EXPRE,UDAIPUR CITY,KOLKATA,Tuesday,Weekday
12317,AKAL TAKHT E,KOLKATA,AMRITSAR JN.,Sunday,Weekend
12318,AKAL TAKHAT,AMRITSAR JN.,KOLKATA,Monday,Weekday
12319,KOAA-AGC WEE,KOLKATA,AGRA CANTT,Wednesday,Weekday
12320,AGC-KOAA WEE,AGRA CANTT,KOLKATA,Monday,Weekday
12321,HWH MUMBAI M,HOWRAH JN.,CST-MUMBAI,Tuesday,Weekday
12322,KOLKATA MAIL,CST-MUMBAI,HOWRAH JN.,Friday,Weekday
12323,HWH ANVT BI-,HOWRAH JN.,ANAND VIHAR TERMINAL,Monday,Weekday
12324,ANVT HWH BI-,ANAND VIHAR TERMINAL,HOWRAH JN.,Friday,Weekday
12325,KOAA-NANGALD,KOLKATA,NANGAL DAM,Wednesday,Weekday
12326,NLDM-KOAA WK,NANGAL DAM,KOLKATA,Sunday,Weekend
12327,UPASANA EXPR,HOWRAH JN.,DEHRA DUN,Friday,Weekday
12328,UPASANA EXPR,DEHRA DUN,HOWRAH JN.,Saturday,Weekend
12329,SAMPARK KRAN,SEALDAH,ANAND VIHAR TERMINAL,Tuesday,Weekday
12330,SAMPARKRANTI,ANAND VIHAR TERMINAL,SEALDAH,Sunday,Weekend
12331,HIMGIRI EXPR,HOWRAH JN.,JAMMU TAWI,Thursday,Weekday
12332,HIMGIRI EXPR,JAMMU TAWI,HOWRAH JN.,Wednesday,Weekday
12333,VIBHUTI EXPR,HOWRAH JN.,ALLAHABAD CITY,Sunday,Weekend
12334,VIBHUTI EXPR,ALLAHABAD CITY,HOWRAH JN.,Wednesday,Weekday
12335,BGP-LT(T) EX,BHAGALPUR,LOKMANYA TILAK TERMINUS,Tuesday,Weekday
12336,LTT-BGP EXP,LOKMANYA TILAK TERMINUS,BHAGALPUR,Friday,Weekday
12337,SHANTINIKETA,HOWRAH JN.,BOLPUR,Sunday,Weekend
12338,SHANTINIKETA,BOLPUR,HOWRAH JN.,Sunday,Weekend
12339,COALFIELD EX,HOWRAH JN.,DHANBAD JN.,Wednesday,Weekday
12340,COALFIELD EX,DHANBAD JN.,HOWRAH JN.,Sunday,Weekend
12341,AGNIVEENA EX,HOWRAH JN.,ASANSOL MAIN,Monday,Weekday
12342,AGNIVEENA EX,ASANSOL MAIN,HOWRAH JN.,Tuesday,Weekday
12343,DARJEELING M,SEALDAH,NEW JALPAIGURI JN,Thursday,Weekday
12344,DARJEELING M,NEW JALPAIGURI JN,SEALDAH,Tuesday,Weekday
12345,SARAIGHAT EX,HOWRAH JN.,GUWAHATI,Tuesday,Weekday
12346,SARAIGHAT EX,GUWAHATI,HOWRAH JN.,Wednesday,Weekday
12347,HWH RPH EXP,HOWRAH JN.,RAMPUR HAT,Wednesday,Weekday
12348,RPH HWH EXP,RAMPUR HAT,HOWRAH JN.,Monday,Weekday
12349,BGP NDLS EXP,BHAGALPUR,NEW DELHI,Monday,Weekday
12350,NDLS BGP  EX,NEW DELHI,BHAGALPUR,Wednesday,Weekday
12351,DANAPUR EXPR,HOWRAH JN.,RAJENDRANAGAR TERMINAL,Thursday,Weekday
12352,DANAPUR EXP,RAJENDRANAGAR TERMINAL,HOWRAH JN.,Thursday,Weekday
12353,HWH LKU EXP,HOWRAH JN.,LALKUA JN.,Saturday,Weekend
12354,LKU  HWH  EX,LALKUA JN.,HOWRAH JN.,Friday,Weekday
12355,ARCHNA EXPRE,RAJENDRANAGAR TERMINAL,JAMMU TAWI,Monday,Weekday
12356,ARCHNA EXPRE,JAMMU TAWI,RAJENDRANAGAR TERMINAL,Friday,Weekday
12357,DURGIANA EXP,KOLKATA,AMRITSAR JN.,Friday,Weekday
12358,ASR KOAA SUP,AMRITSAR JN.,KOLKATA,Saturday,Weekend
12359,PNBE GARIB R,KOLKATA,PATNA JN.,Tuesday,Weekday
12360,KOL GARIB RA,PATNA JN.,KOLKATA,Friday,Weekday
12361,ASN CSMT EXP,ASANSOL MAIN,CST-MUMBAI,Thursday,Weekday
12362,CSMT- ASANSO,CST-MUMBAI,ASANSOL MAIN,Wednesday,Weekday
12363,KOAA HDB SF,KOLKATA,HALDIBARI,Tuesday,Weekday
12364,HDB KOA SF E,HALDIBARI,KOLKATA,Tuesday,Weekday
12365,PNBE-RNC JAN,PATNA JN.,RANCHI,Thursday,Weekday
12366,RNC-PNBE JAN,RANCHI,PATNA JN.,Thursday,Weekday
12367,VIKRAMSHILA,BHAGALPUR,ANAND VIHAR TERMINAL,Tuesday,Weekday
12368,VIKRAMSHILA,ANAND VIHAR TERMINAL,BHAGALPUR,Saturday,Weekend
12369,KUMBHA EXPRE,HOWRAH JN.,HARIDWAR JN,Friday,Weekday
12370,HW HWH S F E,HARIDWAR JN,HOWRAH JN.,Thursday,Weekday
12371,HWH JSM SF E,HOWRAH JN.,JAISALMER,Wednesday,Weekday
12372,JSM HWH SF E,JAISALMER,HOWRAH JN.,Wednesday,Weekday
12373,SDAH RPH INT,SEALDAH,RAMPUR HAT,Tuesday,Weekday
12374,RPH SDAH INT,RAMPUR HAT,SEALDAH,Friday,Weekday
12375,MAS ASN  EXP,CHENNAI CENTRAL,ASANSOL MAIN,Sunday,Weekend
12376,ASN MAS  EXP,ASANSOL MAIN,CHENNAI CENTRAL,Tuesday,Weekday
12377,PADATIK EXP,SEALDAH,NEW ALIPURDUAR,Thursday,Weekday
12378,PADATIK EXP,NEW ALIPURDUAR,SEALDAH,Wednesday,Weekday
12379,JALIANWALA B,SEALDAH,AMRITSAR JN.,Monday,Weekday
12380,JALIANWALA B,AMRITSAR JN.,SEALDAH,Monday,Weekday
12381,POORVA EXPRE,HOWRAH JN.,NEW DELHI,Tuesday,Weekday
12382,POORVA EXPRE,NEW DELHI,HOWRAH JN.,Sunday,Weekend
12383,SDAH-ASN INT,SEALDAH,ASANSOL MAIN,Saturday,Weekend
12384,INTERCITY EX,ASANSOL MAIN,SEALDAH,Tuesday,Weekday
12389,GAYA-CHENNAI,GAYA JN.,CHENNAI EGMORE,Thursday,Weekday
12390,CHENNAI-EGMO,CHENNAI EGMORE,GAYA JN.,Friday,Weekday
12391,SHRAMJEEVI E,RAJGIR,NEW DELHI,Saturday,Weekend
12392,SHRAMJEEVI E,NEW DELHI,RAJGIR,Saturday,Weekend
12393,SAMPOORNA KR,RAJENDRANAGAR TERMINAL,NEW DELHI,Friday,Weekday
12394,SAMPOORNKRAN,NEW DELHI,RAJENDRANAGAR TERMINAL,Monday,Weekday
12395,ZIYARAT EXPR,RAJENDRANAGAR TERMINAL,AJMER JN.,Monday,Weekday
12396,ZIYARAT EXPR,AJMER JN.,RAJENDRANAGAR TERMINAL,Saturday,Weekend
12397,MAHABODHI EX,GAYA JN.,NEW DELHI,Thursday,Weekday
12398,MAHABODHI EX,NEW DELHI,GAYA JN.,Saturday,Weekend
12401,MAGADH EXPRE,ISLAMPUR,NEW DELHI,Saturday,Weekend
12402,MAGADH EXPRE,NEW DELHI,ISLAMPUR,Tuesday,Weekday
12405,GONDWANA EXP,BHUSAVAL JN.,HAZRAT NIZAMUDDIN JN,Wednesday,Weekday
12406,NZM BSL EXPR,HAZRAT NIZAMUDDIN JN,BHUSAVAL JN.,Monday,Weekday
12407,KARMABHOOMI,NEW JALPAIGURI JN,AMRITSAR JN.,Monday,Weekday
12408,KARMABHOOMI,AMRITSAR JN.,NEW JALPAIGURI JN,Saturday,Weekend
12409,GONDWANA EXP,RAIGARH,HAZRAT NIZAMUDDIN JN,Friday,Weekday
12410,GONDWANA EXP,HAZRAT NIZAMUDDIN JN,RAIGARH,Wednesday,Weekday
12411,CDG-ASR INTE,CHANDIGARH,AMRITSAR JN.,Tuesday,Weekday
12412,ASR-CDG INTE,AMRITSAR JN.,CHANDIGARH,Tuesday,Weekday
12413,AII-JAT POOJ,AJMER JN.,JAMMU TAWI,Tuesday,Weekday
12414,JAT-AII POOJ,JAMMU TAWI,AJMER JN.,Sunday,Weekend
12415,IND NZM EXPR,INDORE BG,DELHI-SARAI ROHILLA,Sunday,Weekend
12416,INTERCITY  E,DELHI-SARAI ROHILLA,INDORE BG,Wednesday,Weekday
12417,PRAYAG RAJ E,ALLAHABAD JN.,NEW DELHI,Friday,Weekday
12418,PRAYAG RAJ E,NEW DELHI,ALLAHABAD JN.,Wednesday,Weekday
12419,GOMTI EXP,LUCKNOW JN.,NEW DELHI,Wednesday,Weekday
12420,GOMTI EXPRES,NEW DELHI,LUCKNOW JN.,Wednesday,Weekday
12421,NED-ASR SUPE,NANDED,AMRITSAR JN.,Saturday,Weekend
12422,ASR-NED SUPE,AMRITSAR JN.,NANDED,Sunday,Weekend
12423,DBRT-NDLS RA,DIBRUGARH TOWN,NEW DELHI,Saturday,Weekend
12424,NDLS-DBRT RA,NEW DELHI,DIBRUGARH TOWN,Thursday,Weekday
12425,NDLS-JAT RAJ,NEW DELHI,JAMMU TAWI,Thursday,Weekday
12426,JAT-NDLS RAJ,JAMMU TAWI,NEW DELHI,Thursday,Weekday
12427,REWA-ANVT EX,REWA,ANAND VIHAR TERMINAL,Friday,Weekday
12428,ANVT-REWA EX,ANAND VIHAR TERMINAL,REWA,Wednesday,Weekday
12431,TVC-NZM RAJD,TRIVANDRUM CENTRAL,HAZRAT NIZAMUDDIN JN,Wednesday,Weekday
12432,NZM-TVC RAJD,HAZRAT NIZAMUDDIN JN,TRIVANDRUM CENTRAL,Tuesday,Weekday
12433,MAS-NZM RAJD,CHENNAI CENTRAL,HAZRAT NIZAMUDDIN JN,Tuesday,Weekday
12434,NZM-MAS RAJD,HAZRAT NIZAMUDDIN JN,CHENNAI CENTRAL,Friday,Weekday
12435,DBRT - NDLS,DIBRUGARH TOWN,NEW DELHI,Tuesday,Weekday
12436,NDLS - DBRT,NEW DELHI,DIBRUGARH TOWN,Tuesday,Weekday
12437,RAJDHANI EXP,SECUNDERABAD JN.,HAZRAT NIZAMUDDIN JN,Saturday,Weekend
12438,NZM SC RAJDH,HAZRAT NIZAMUDDIN JN,SECUNDERABAD JN.,Monday,Weekday
12439,RNC NDLS RAJ,RANCHI,NEW DELHI,Thursday,Weekday
12440,NDLS RNC RAJ,NEW DELHI,RANCHI,Thursday,Weekday
12441,BSP-NDLS,BILASPUR JN.,NEW DELHI,Tuesday,Weekday
12442,NDLS-BSP,NEW DELHI,BILASPUR JN.,Tuesday,Weekday
12443,HLZ-ANVT EXP,HALDIA,ANAND VIHAR TERMINAL,Tuesday,Weekday
12444,ANVT-HLZ EXP,ANAND VIHAR TERMINAL,HALDIA,Friday,Weekday
12445,UTTAR SMPRK,NEW DELHI,SHRI MATA VAISHNO DEVI KATRA,Tuesday,Weekday
12446,UTTAR SMPRK,SHRI MATA VAISHNO DEVI KATRA,NEW DELHI,Tuesday,Weekday
12447,U S KRANTI E,MANIKPUR JN.,HAZRAT NIZAMUDDIN JN,Tuesday,Weekday
12448,U P S KRANTI,HAZRAT NIZAMUDDIN JN,MANIKPUR JN.,Tuesday,Weekday
12449,GOA SMPRK K,MADGOAN JN.,CHANDIGARH,Sunday,Weekend
12450,GOA SMPRK KR,CHANDIGARH,MADGOAN JN.,Monday,Weekday
12451,SHRAM SHKTI,KANPUR CENTRAL JN.,NEW DELHI,Wednesday,Weekday
12452,SHRAM SHKTI,NEW DELHI,KANPUR CENTRAL JN.,Saturday,Weekend
12453,RNC-NDLS,RANCHI,NEW DELHI,Saturday,Weekend
12454,NDLS-RNC,NEW DELHI,RANCHI,Tuesday,Weekday
12455,DEE- BKN EXP,DELHI-SARAI ROHILLA,BIKANER JN.,Thursday,Weekday
12456,BKN-DEE  EXP,BIKANER JN.,DELHI-SARAI ROHILLA,Tuesday,Weekday
12457,DEE BKN  S F,DELHI-SARAI ROHILLA,BIKANER JN.,Saturday,Weekend
12458,BKN DEE S F,BIKANER JN.,DELHI-SARAI ROHILLA,Tuesday,Weekday
12459,ASR-NDLS EXP,NEW DELHI,AMRITSAR JN.,Tuesday,Weekday
12460,ASR-NDLS EXP,AMRITSAR JN.,NEW DELHI,Sunday,Weekend
12461,MANDOR EXPRE,DELHI JN.,JODHPUR JN.,Wednesday,Weekday
12462,MANDOR EXPRE,JODHPUR JN.,DELHI JN.,Wednesday,Weekday
12463,RAJSTHN S KR,DELHI-SARAI ROHILLA,JODHPUR JN.,Thursday,Weekday
12464,RJSTHN S KRN,JODHPUR JN.,DELHI-SARAI ROHILLA,Wednesday,Weekday
12465,RANTHAMBORE,INDORE BG,JODHPUR JN.,Thursday,Weekday
12466,INTERCITY EX,JODHPUR JN.,INDORE BG,Tuesday,Weekday
12467,LEELAN EXP,JAISALMER,JAIPUR JN.,Friday,Weekday
12468,LEELAN EXP,JAIPUR JN.,JAISALMER,Monday,Weekday
12469,CNB-JAT EXPR,KANPUR CENTRAL JN.,JAMMU TAWI,Friday,Weekday
12470,JAT-CNB EXPR,JAMMU TAWI,KANPUR CENTRAL JN.,Wednesday,Weekday
12471,SWARAJ EXPRE,BANDRA TERMINUS,SHRI MATA VAISHNO DEVI KATRA,Wednesday,Weekday
12472,SWARAJ EXPRE,SHRI MATA VAISHNO DEVI KATRA,BANDRA TERMINUS,Friday,Weekday
12473,SARVODAYA EX,AHMEDABAD,SHRI MATA VAISHNO DEVI KATRA,Wednesday,Weekday
12474,SARVODAYA EX,SHRI MATA VAISHNO DEVI KATRA,AHMEDABAD,Friday,Weekday
12475,HAPA JAT EXP,HAPA,SHRI MATA VAISHNO DEVI KATRA,Saturday,Weekend
12476,SARVODAYA EX,SHRI MATA VAISHNO DEVI KATRA,HAPA,Friday,Weekday
12477,JAM SVDK EXP,JAMNAGAR,SHRI MATA VAISHNO DEVI KATRA,Sunday,Weekend
12478,SVDK- JAMNAG,SHRI MATA VAISHNO DEVI KATRA,JAMNAGAR,Saturday,Weekend
12479,SURYA NAGRI,JODHPUR JN.,BANDRA TERMINUS,Sunday,Weekend
12480,SURYANAGARI,BANDRA TERMINUS,JODHPUR JN.,Saturday,Weekend
12481,INTERCITY EX,DELHI JN.,SHRI GANGANAGAR,Monday,Weekday
12482,INTERCITY EX,SHRI GANGANAGAR,DELHI JN.,Wednesday,Weekday
12483,KCVL EXPRESS,KOCHUVELI,AMRITSAR JN.,Thursday,Weekday
12484,KCVL EXPRESS,AMRITSAR JN.,KOCHUVELI,Monday,Weekday
12485,NED SGNR EXP,NANDED,SHRI GANGANAGAR,Friday,Weekday
12486,SGNR NED EXP,SHRI GANGANAGAR,NANDED,Tuesday,Weekday
12487,JBN-ANVT SUP,JOGBANI,ANAND VIHAR TERMINAL,Wednesday,Weekday
12488,ANVT-JBNSUPE,ANAND VIHAR TERMINAL,JOGBANI,Sunday,Weekend
12489,BKN DDR SF E,BIKANER JN.,DADAR,Saturday,Weekend
12490,DDR BIKANER,DADAR,BIKANER JN.,Monday,Weekday
12491,MOURDHWAJ EX,BARAUNI JN.,JAMMU TAWI,Wednesday,Weekday
12492,MOURDHAJ EXP,JAMMU TAWI,BARAUNI JN.,Wednesday,Weekday
12493,PUNE-NZM AC,PUNE JN.,HAZRAT NIZAMUDDIN JN,Wednesday,Weekday
12494,NZM-PUNE AC,HAZRAT NIZAMUDDIN JN,PUNE JN.,Thursday,Weekday
12495,BKN KOAA SUP,BIKANER JN.,KOLKATA,Friday,Weekday
12496,PRATAP EXPRE,KOLKATA,BIKANER JN.,Wednesday,Weekday
12497,SHANE PUNJAB,NEW DELHI,AMRITSAR JN.,Thursday,Weekday
12498,SHANE PUNJAB,AMRITSAR JN.,NEW DELHI,Thursday,Weekday
12501,POORVATTAR S,GUWAHATI,NEW DELHI,Friday,Weekday
12502,POORVATTAR S,NEW DELHI,GUWAHATI,Monday,Weekday
12503,BNC - KYQ HU,BANGALORE CANTT.,KAMAKHYA JN,Tuesday,Weekday
12504,KYQ - BNC HU,KAMAKHYA JN,BANGALORE CANTT.,Sunday,Weekend
12505,NORTHEAST EX,GUWAHATI,ANAND VIHAR TERMINAL,Thursday,Weekday
12506,NORTHEAST EX,ANAND VIHAR TERMINAL,GUWAHATI,Monday,Weekday
12507,TVC - SCL EX,TRIVANDRUM CENTRAL,SILCHAR,Tuesday,Weekday
12508,SCL - TVC EX,SILCHAR,TRIVANDRUM CENTRAL,Sunday,Weekend
12509,SBC -GHY EXP,BANGALORE CANTT.,GUWAHATI,Thursday,Weekday
12510,GHY-SBC EXP,GUWAHATI,BANGALORE CANTT.,Friday,Weekday
12511,RAPTISAGAR E,GORAKHPUR JN.,TRIVANDRUM CENTRAL,Monday,Weekday
12512,RAPTISAGAR E,TRIVANDRUM CENTRAL,GORAKHPUR JN.,Tuesday,Weekday
12513,SC - GHY EXP,SECUNDERABAD JN.,GUWAHATI,Wednesday,Weekday
12514,GHY - SC EXP,GUWAHATI,SECUNDERABAD JN.,Sunday,Weekend
12515,TVC - SCL EX,TRIVANDRUM CENTRAL,SILCHAR,Friday,Weekday
12516,SCL -TVC EXP,SILCHAR,TRIVANDRUM CENTRAL,Thursday,Weekday
12517,GARIB RATH E,KOLKATA,GUWAHATI,Saturday,Weekend
12518,GARIB RATH E,GUWAHATI,KOLKATA,Sunday,Weekend
12519,LTT-KYQ AC E,LOKMANYA TILAK TERMINUS,KAMAKHYA JN,Sunday,Weekend
12520,KYQ-LTT AC E,KAMAKHYA JN,LOKMANYA TILAK TERMINUS,Sunday,Weekend
12521,RAPTI SAGAR,BARAUNI JN.,ERNAKULAM. JN,Friday,Weekday
12522,RAPTI SAGAR,ERNAKULAM. JN,BARAUNI JN.,Wednesday,Weekday
12523,NJP-NDLS BI-,NEW JALPAIGURI JN,NEW DELHI,Sunday,Weekend
12524,NDLS-NJP BI-,NEW DELHI,NEW JALPAIGURI JN,Monday,Weekday
12525,KOAA - DBRG,KOLKATA,DIBRUGARH,Tuesday,Weekday
12526,DBRG - KOAA,DIBRUGARH,KOLKATA,Monday,Weekday
12527,RMR-CDG - WE,RAMNAGAR,CHANDIGARH,Thursday,Weekday
12529,PPTA LJN S F,PATLIPUTRA,LUCKNOW JN.,Thursday,Weekday
12530,LJN PPTA S F,LUCKNOW JN.,PATLIPUTRA,Saturday,Weekend
12531,INTERCITY EX,GORAKHPUR JN.,LUCKNOW JN.,Sunday,Weekend
12532,LJN- GKP INT,LUCKNOW JN.,GORAKHPUR JN.,Saturday,Weekend
12533,PUSHPAK SF E,LUCKNOW JN.,CST-MUMBAI,Thursday,Weekday
12534,PUSHPAK SF E,CST-MUMBAI,LUCKNOW JN.,Monday,Weekday
12535,GARIB RATH,LUCKNOW JN.,RAIPUR JN.,Friday,Weekday
12536,GARIB RATH,RAIPUR JN.,LUCKNOW JN.,Sunday,Weekend
12537,MANDUADIH EX,MUZAFFARPUR JN.,MANDUADIH,Tuesday,Weekday
12538,MUV MFP EXPR,MANDUADIH,MUZAFFARPUR JN.,Friday,Weekday
12539,YPR-LKO EXPR,YESVANTPUR JN.,LUCKNOW JN.,Saturday,Weekend
12540,LKO-YPR EXPR,LUCKNOW JN.,YESVANTPUR JN.,Wednesday,Weekday
12541,GKP-LTT-SUPE,GORAKHPUR JN.,LOKMANYA TILAK TERMINUS,Thursday,Weekday
12542,LTT-GKP-SUPE,LOKMANYA TILAK TERMINUS,GORAKHPUR JN.,Saturday,Weekend
12545,KARMBHOOMI E,RAXAUL JN.,LOKMANYA TILAK TERMINUS,Thursday,Weekday
12546,KARMBHOOMI E,LOKMANYA TILAK TERMINUS,RAXAUL JN.,Thursday,Weekday
12547,AF-ADI SUPER,AGRA FORT,AHMEDABAD,Friday,Weekday
12548,ADI-AF SUPER,AHMEDABAD,AGRA FORT,Sunday,Weekend
12549,DURG - JAT S,DURG,JAMMU TAWI,Friday,Weekday
12550,JAT - DURG S,JAMMU TAWI,DURG,Friday,Weekday
12551,YPR - KYQ AC,YESVANTPUR JN.,KAMAKHYA JN,Friday,Weekday
12552,KYQ - YPR AC,KAMAKHYA JN,YESVANTPUR JN.,Tuesday,Weekday
12553,VAISHALI EXP,BARAUNI JN.,NEW DELHI,Monday,Weekday
12554,VAISHALI EXP,NEW DELHI,BARAUNI JN.,Saturday,Weekend
12555,GORAKHDHAM E,GORAKHPUR JN.,HISAR JN,Friday,Weekday
12556,GORAKHDHAM E,HISAR JN,GORAKHPUR JN.,Monday,Weekday
12557,SAPT KRANTI,MUZAFFARPUR JN.,ANAND VIHAR TERMINAL,Saturday,Weekend
12558,SAPT KRANTI,ANAND VIHAR TERMINAL,MUZAFFARPUR JN.,Sunday,Weekend
12559,SHIV GANGA E,MANDUADIH,NEW DELHI,Wednesday,Weekday
12560,SHIVGANGA,NEW DELHI,MANDUADIH,Thursday,Weekday
12561,SWATANTRTA S,JAYNAGAR,NEW DELHI,Friday,Weekday
12562,SWATANTRTA S,NEW DELHI,JAYNAGAR,Saturday,Weekend
12565,BIHAR SAMPAR,DARBHANGA JN.,NEW DELHI,Tuesday,Weekday
12566,BIHAR SAMPAR,NEW DELHI,DARBHANGA JN.,Sunday,Weekend
12567,SHC-PNBE RAJ,SAHARSA JN.,PATNA JN.,Sunday,Weekend
12568,PNBE-SHC RAJ,PATNA JN.,SAHARSA JN.,Wednesday,Weekday
12569,JYG -ANVT GA,JAYNAGAR,ANAND VIHAR TERMINAL,Tuesday,Weekday
12570,ANVT-JYG GAR,ANAND VIHAR TERMINAL,JAYNAGAR,Sunday,Weekend
12572,ANVT-GKP HAM,ANAND VIHAR TERMINAL,GORAKHPUR JN.,Sunday,Weekend
12577,BAGMATI EXP,DARBHANGA JN.,MYSORE JN.,Thursday,Weekday
12578,BAGMATI  EXP,MYSORE JN.,DARBHANGA JN.,Thursday,Weekday
12581,MUV-NDLS-SUP,MANDUADIH,NEW DELHI,Thursday,Weekday
12582,NDLS-MUV-SUP,NEW DELHI,MANDUADIH,Tuesday,Weekday
12587,AMAR NATH EX,GORAKHPUR JN.,JAMMU TAWI,Saturday,Weekend
12588,JAMMU GKP EX,JAMMU TAWI,GORAKHPUR JN.,Wednesday,Weekday
12589,GKP-SC EXP,GORAKHPUR JN.,SECUNDERABAD JN.,Monday,Weekday
12590,SC-GKP EXP,SECUNDERABAD JN.,GORAKHPUR JN.,Monday,Weekday
12591,GKP-SBC EXP,GORAKHPUR JN.,YESVANTPUR JN.,Saturday,Weekend
12592,SBC-GKP EXP,YESVANTPUR JN.,GORAKHPUR JN.,Tuesday,Weekday
12593,LJN-BPL-EXP,LUCKNOW JN.,BHOPAL,Friday,Weekday
12594,BPL-LJN-EXP,BHOPAL,LUCKNOW JN.,Tuesday,Weekday
12595,GKP-ANVT HAM,GORAKHPUR JN.,ANAND VIHAR TERMINAL,Wednesday,Weekday
12596,ANVT-GKP HAM,ANAND VIHAR TERMINAL,GORAKHPUR JN.,Friday,Weekday
12597,GKP-CSMT-WEE,GORAKHPUR JN.,CST-MUMBAI,Saturday,Weekend
12598,CSMT-GKP -WE,CST-MUMBAI,GORAKHPUR JN.,Friday,Weekday
12601,MANGALORE MA,CHENNAI CENTRAL,MANGALORE CENTRAL,Thursday,Weekday
12602,CHENNAI MAIL,MANGALORE CENTRAL,CHENNAI CENTRAL,Sunday,Weekend
12603,HYDERABAD EX,CHENNAI CENTRAL,HYDERABAD DECCAN,Monday,Weekday
12604,CHENNAI EXP,HYDERABAD DECCAN,CHENNAI CENTRAL,Wednesday,Weekday
12605,MS-KKDI PALL,CHENNAI EGMORE,KARAIKKUDI,Monday,Weekday
12606,KKDI-MS PALL,KARAIKKUDI,CHENNAI EGMORE,Friday,Weekday
12607,MAS-SBC LALB,CHENNAI CENTRAL,KRANTIVIRA SANGOLLI RAYANNA (BENGALURU STATION),Sunday,Weekend
12608,SBC-MAS LALB,KRANTIVIRA SANGOLLI RAYANNA (BENGALURU STATION),CHENNAI CENTRAL,Friday,Weekday
12609,MAS-SBC EXP,CHENNAI CENTRAL,KRANTIVIRA SANGOLLI RAYANNA (BENGALURU STATION),Thursday,Weekday
12610,SBC-MAS EXP,KRANTIVIRA SANGOLLI RAYANNA (BENGALURU STATION),CHENNAI CENTRAL,Tuesday,Weekday
12611,MAS-NZM GARI,CHENNAI CENTRAL,HAZRAT NIZAMUDDIN JN,Tuesday,Weekday
12612,NZM-MAS GARI,HAZRAT NIZAMUDDIN JN,CHENNAI CENTRAL,Tuesday,Weekday
12613,TIPU EXPRESS,MYSORE JN.,KRANTIVIRA SANGOLLI RAYANNA (BENGALURU STATION),Monday,Weekday
12614,TIPPU EXP,KRANTIVIRA SANGOLLI RAYANNA (BENGALURU STATION),MYSORE JN.,Wednesday,Weekday
12615,MAS-NDLS GRA,CHENNAI CENTRAL,DELHI-SARAI ROHILLA,Monday,Weekday
12616,G T EXPRESS,DELHI-SARAI ROHILLA,CHENNAI CENTRAL,Monday,Weekday
12617,MANGALA LDWE,ERNAKULAM. JN,HAZRAT NIZAMUDDIN JN,Wednesday,Weekday
12618,MNGLA LKSDP,HAZRAT NIZAMUDDIN JN,ERNAKULAM. JN,Monday,Weekday
12619,MATSYAGANDHA,LOKMANYA TILAK TERMINUS,MANGALORE CENTRAL,Saturday,Weekend
12620,MATSYAGANDA,MANGALORE CENTRAL,LOKMANYA TILAK TERMINUS,Sunday,Weekend
12621,MAS-NDLS TAM,CHENNAI CENTRAL,NEW DELHI,Saturday,Weekend
12622,NDLS-MAS TAM,NEW DELHI,CHENNAI CENTRAL,Friday,Weekday
12623,TRIVANDRUM M,CHENNAI CENTRAL,TRIVANDRUM CENTRAL,Saturday,Weekend
12624,CHENNAI MAIL,TRIVANDRUM CENTRAL,CHENNAI CENTRAL,Sunday,Weekend
12625,KERALA EXPRE,TRIVANDRUM CENTRAL,NEW DELHI,Friday,Weekday
12626,NDLS-TVC KER,NEW DELHI,TRIVANDRUM CENTRAL,Thursday,Weekday
12627,SBC-NDLS KAR,KRANTIVIRA SANGOLLI RAYANNA (BENGALURU STATION),NEW DELHI,Sunday,Weekend
12628,NDLS-SBC KAR,NEW DELHI,KRANTIVIRA SANGOLLI RAYANNA (BENGALURU STATION),Saturday,Weekend
12629,SAMPARKRANTH,YESVANTPUR JN.,HAZRAT NIZAMUDDIN JN,Monday,Weekday
12630,SAMPARKRANTH,HAZRAT NIZAMUDDIN JN,YESVANTPUR JN.,Thursday,Weekday
12631,MS-TEN NELLA,CHENNAI EGMORE,TIRUNELVELI JN,Friday,Weekday
12632,TEN-MS NELLA,TIRUNELVELI JN,CHENNAI EGMORE,Wednesday,Weekday
12633,MS-CAPE EXP.,CHENNAI EGMORE,KANNIYAKUMARI,Tuesday,Weekday
12634,CAPE-MS EXP.,KANNIYAKUMARI,CHENNAI EGMORE,Monday,Weekday
12635,MS-MDU VAIGA,CHENNAI EGMORE,MADURAI JN,Wednesday,Weekday
12636,MDU-MS VAIGA,MADURAI JN,CHENNAI EGMORE,Saturday,Weekend
12637,PANDIAN EXP,CHENNAI EGMORE,MADURAI JN,Wednesday,Weekday
12638,MDU-MS PANDI,MADURAI JN,CHENNAI EGMORE,Monday,Weekday
12639,MAS-SBC BRIN,CHENNAI CENTRAL,KRANTIVIRA SANGOLLI RAYANNA (BENGALURU STATION),Wednesday,Weekday
12640,SBC-MAS BRIN,KRANTIVIRA SANGOLLI RAYANNA (BENGALURU STATION),CHENNAI CENTRAL,Monday,Weekday
12641,CAPE- NZM TI,KANNIYAKUMARI,HAZRAT NIZAMUDDIN JN,Tuesday,Weekday
12642,NZM-CAPE THI,HAZRAT NIZAMUDDIN JN,KANNIYAKUMARI,Thursday,Weekday
12643,NIZAMUDDIN E,TRIVANDRUM CENTRAL,HAZRAT NIZAMUDDIN JN,Wednesday,Weekday
12644,SWARNA JAYAN,HAZRAT NIZAMUDDIN JN,TRIVANDRUM CENTRAL,Tuesday,Weekday
12645,ERS-NZM MILL,ERNAKULAM. JN,HAZRAT NIZAMUDDIN JN,Wednesday,Weekday
12646,ERS-NZM  MIL,HAZRAT NIZAMUDDIN JN,ERNAKULAM. JN,Friday,Weekday
12647,KONGU EXPRES,COIMBATORE JN.,HAZRAT NIZAMUDDIN JN,Sunday,Weekend
12648,KONGU EXPRES,HAZRAT NIZAMUDDIN JN,COIMBATORE JN.,Friday,Weekday
12649,SAMPARKAKRAN,YESVANTPUR JN.,HAZRAT NIZAMUDDIN JN,Monday,Weekday
12650,SAMPARKAKRAN,HAZRAT NIZAMUDDIN JN,YESVANTPUR JN.,Wednesday,Weekday
12651,MDU-NZM  EXP,MADURAI JN,HAZRAT NIZAMUDDIN JN,Thursday,Weekday
12652,NZM-MDU EXP.,HAZRAT NIZAMUDDIN JN,MADURAI JN,Thursday,Weekday
12653,ROCKFORT EXP,CHENNAI EGMORE,TIRUCHIRAPPALLI JN.,Sunday,Weekend
12654,ROCKFORT EXP,TIRUCHIRAPPALLI JN.,CHENNAI EGMORE,Thursday,Weekday
12655,NAVAJEEVAN E,AHMEDABAD,CHENNAI CENTRAL,Thursday,Weekday
12656,NAVAJEEVAN E,CHENNAI CENTRAL,AHMEDABAD,Sunday,Weekend
12657,MAS-SBC MAIL,CHENNAI CENTRAL,KRANTIVIRA SANGOLLI RAYANNA (BENGALURU STATION),Friday,Weekday
12658,SBC-MAS MAIL,KRANTIVIRA SANGOLLI RAYANNA (BENGALURU STATION),CHENNAI CENTRAL,Sunday,Weekend
12659,NCJ-SHM GURU,NAGERCOIL JN.,SHALIMAR,Sunday,Weekend
12660,SHM-NCJ GURU,SHALIMAR,NAGERCOIL JN.,Friday,Weekday
12661,MS-SCT POTHI,CHENNAI EGMORE,SENGOTTAI JN,Wednesday,Weekday
12662,SCT-MS POTHI,SENGOTTAI JN,CHENNAI EGMORE,Sunday,Weekend
12663,HWH-TPJ EXPR,HOWRAH JN.,TIRUCHIRAPPALLI JN.,Friday,Weekday
12664,TPJ-HWH EXP,TIRUCHIRAPPALLI JN.,HOWRAH JN.,Wednesday,Weekday
12665,HWH-CAPE EXP,HOWRAH JN.,KANNIYAKUMARI,Wednesday,Weekday
12666,CAPE HWH EXP,KANNIYAKUMARI,HOWRAH JN.,Monday,Weekday
12667,MS-NCJ EXP.,CHENNAI EGMORE,NAGERCOIL JN.,Sunday,Weekend
12668,NCJ-MS EXP.,NAGERCOIL JN.,CHENNAI EGMORE,Monday,Weekday
12669,MAS-CPR GANG,CHENNAI CENTRAL,CHHAPRA JN.,Friday,Weekday
12670,CPR-MAS GANG,CHHAPRA JN.,CHENNAI CENTRAL,Tuesday,Weekday
12671,MAS-MTP NILA,CHENNAI CENTRAL,METTUPALAIYAM JN.,Friday,Weekday
12672,MTP-MAS NILA,METTUPALAIYAM JN.,CHENNAI CENTRAL,Tuesday,Weekday
12673,MAS-CBE CHER,CHENNAI CENTRAL,COIMBATORE JN.,Thursday,Weekday
12674,CBE-MAS CHER,COIMBATORE JN.,CHENNAI CENTRAL,Tuesday,Weekday
12675,MAS-CBE KOVA,CHENNAI CENTRAL,COIMBATORE JN.,Tuesday,Weekday
12676,CBE-MAS KOVA,COIMBATORE JN.,CHENNAI CENTRAL,Tuesday,Weekday
12677,SBC-ERS INTE,KRANTIVIRA SANGOLLI RAYANNA (BENGALURU STATION),ERNAKULAM. JN,Friday,Weekday
12678,ERS-SBC INTE,ERNAKULAM. JN,KRANTIVIRA SANGOLLI RAYANNA (BENGALURU STATION),Saturday,Weekend
12679,MAS-CBE INTE,CHENNAI CENTRAL,COIMBATORE JN.,Wednesday,Weekday
12680,CBE-MAS INTE,COIMBATORE JN.,CHENNAI CENTRAL,Tuesday,Weekday
12681,MAS CBE EXP,CHENNAI CENTRAL,COIMBATORE JN.,Thursday,Weekday
12682,CHENNAI EXP,COIMBATORE JN.,CHENNAI CENTRAL,Wednesday,Weekday
12683,ERS-SBC EXP,ERNAKULAM. JN,KRANTIVIRA SANGOLLI RAYANNA (BENGALURU STATION),Friday,Weekday
12684,SBC-ERS EXP,KRANTIVIRA SANGOLLI RAYANNA (BENGALURU STATION),ERNAKULAM. JN,Thursday,Weekday
12685,MAS-MAQ EXP.,CHENNAI CENTRAL,MANGALORE CENTRAL,Sunday,Weekend
12686,MAQ-MAS EXP.,MANGALORE CENTRAL,CHENNAI CENTRAL,Tuesday,Weekday
12687,MDU-DDN/CDG,MADURAI JN,DEHRA DUN,Wednesday,Weekday
12688,DDN/CDG-MAS,DEHRA DUN,MADURAI JN,Friday,Weekday
12689,MAS-NCJ EXP.,CHENNAI CENTRAL,NAGERCOIL JN.,Friday,Weekday
12690,NCJ-MAS EXP,NAGERCOIL JN.,CHENNAI CENTRAL,Tuesday,Weekday
12691,MAS-SSPN EXP,CHENNAI CENTRAL,SRI SATYA SAI PRASANTI NILAYAM,Friday,Weekday
12692,MAS-SSPN EXP,SRI SATYA SAI PRASANTI NILAYAM,CHENNAI CENTRAL,Monday,Weekday
12693,MS-TN PEARL,CHENNAI EGMORE,TUTICORIN,Tuesday,Weekday
12694,TN-MS PEARL,TUTICORIN,CHENNAI EGMORE,Saturday,Weekend
12695,MAS - TVC SU,CHENNAI CENTRAL,TRIVANDRUM CENTRAL,Wednesday,Weekday
12696,TVC - MAS SU,TRIVANDRUM CENTRAL,CHENNAI CENTRAL,Tuesday,Weekday
12697,MAS-TVC EXP.,CHENNAI CENTRAL,TRIVANDRUM CENTRAL,Wednesday,Weekday
12698,TVC-MAS EXP,TRIVANDRUM CENTRAL,CHENNAI CENTRAL,Tuesday,Weekday
12701,CSMT-HYB HUS,CST-MUMBAI,HYDERABAD DECCAN,Saturday,Weekend
12702,HYB-CSMT HUS,HYDERABAD DECCAN,CST-MUMBAI,Wednesday,Weekday
12703,HWH-SC FALAK,HOWRAH JN.,SECUNDERABAD JN.,Saturday,Weekend
12704,SC-HWH FALAK,SECUNDERABAD JN.,HOWRAH JN.,Saturday,Weekend
12705,GNT-SC INTER,GUNTUR JN.,SECUNDERABAD JN.,Thursday,Weekday
12706,SC-GNT INTER,SECUNDERABAD JN.,GUNTUR JN.,Sunday,Weekend
12707,TPTY-NZM AP,TIRUPATI,HAZRAT NIZAMUDDIN JN,Friday,Weekday
12708,AP SAMPARK K,HAZRAT NIZAMUDDIN JN,TIRUPATI,Sunday,Weekend
12709,GDR-SC SIMHA,GUDUR JN.,SECUNDERABAD JN.,Thursday,Weekday
12710,SC-GDR SIMHA,SECUNDERABAD JN.,GUDUR JN.,Tuesday,Weekday
12711,BZA-MAS PINA,VIJAYWADA JN.,CHENNAI CENTRAL,Friday,Weekday
12712,MAS-BZA PINA,CHENNAI CENTRAL,VIJAYWADA JN.,Monday,Weekday
12713,BZA-SC SATAV,VIJAYWADA JN.,SECUNDERABAD JN.,Saturday,Weekend
12714,SC-BZA SATAV,SECUNDERABAD JN.,VIJAYWADA JN.,Wednesday,Weekday
12715,NED-ASR SACH,NANDED,AMRITSAR JN.,Friday,Weekday
12716,ASR-NED SACH,AMRITSAR JN.,NANDED,Saturday,Weekend
12717,VSKP-BZA RAT,VISAKHAPATNAM,VIJAYWADA JN.,Tuesday,Weekday
12718,BZA-VSKP  RA,VIJAYWADA JN.,VISAKHAPATNAM,Monday,Weekday
12719,AII-HYB  EXP,AJMER JN.,HYDERABAD DECCAN,Monday,Weekday
12720,HYB-AII EXP,HYDERABAD DECCAN,AJMER JN.,Saturday,Weekend
12721,HYB-NZM DAKS,HYDERABAD DECCAN,HAZRAT NIZAMUDDIN JN,Tuesday,Weekday
12722,NZM-HYB DAKS,HAZRAT NIZAMUDDIN JN,HYDERABAD DECCAN,Monday,Weekday
12723,TELANGANA EX,HYDERABAD DECCAN,NEW DELHI,Sunday,Weekend
12724,TELANGANA EX,NEW DELHI,HYDERABAD DECCAN,Monday,Weekday
12725,SIDHAGANAGA,KRANTIVIRA SANGOLLI RAYANNA (BENGALURU STATION),DHARWAD,Wednesday,Weekday
12726,SIDHAGANGA I,DHARWAD,KRANTIVIRA SANGOLLI RAYANNA (BENGALURU STATION),Thursday,Weekday
12727,VSKP-HYB GOD,VISAKHAPATNAM,HYDERABAD DECCAN,Tuesday,Weekday
12728,HYB-VSKP GOD,HYDERABAD DECCAN,VISAKHAPATNAM,Saturday,Weekend
12729,PUNE-NED EXP,PUNE JN.,NANDED,Sunday,Weekend
12730,NED-PUNE EXP,NANDED,PUNE JN.,Sunday,Weekend
12731,TPTY-SC EXP,TIRUPATI,SECUNDERABAD JN.,Wednesday,Weekday
12732,SC-TPTY EXP,SECUNDERABAD JN.,TIRUPATI,Thursday,Weekday
12733,TPTY-SC NARA,TIRUPATI,SECUNDERABAD JN.,Thursday,Weekday
12734,SC-TPTY NARA,SECUNDERABAD JN.,TIRUPATI,Tuesday,Weekday
12735,SC-YPR GARIB,SECUNDERABAD JN.,YESVANTPUR JN.,Tuesday,Weekday
12736,YPR-SC GARIB,YESVANTPUR JN.,SECUNDERABAD JN.,Monday,Weekday
12737,COA-SC GOWTA,KAKINADA PORT,SECUNDERABAD JN.,Saturday,Weekend
12738,SC-COA GOWTA,SECUNDERABAD JN.,KAKINADA PORT,Sunday,Weekend
12739,VSKP-SC GARI,VISAKHAPATNAM,SECUNDERABAD JN.,Monday,Weekday
12740,SC-VSKP GARI,SECUNDERABAD JN.,VISAKHAPATNAM,Sunday,Weekend
12741,VSG-PNBE EXP,VASCO-DA-GAMA,PATNA JN.,Friday,Weekday
12742,PNBE-VSG EXP,PATNA JN.,VASCO-DA-GAMA,Tuesday,Weekday
12747,GNT-VKB PALA,GUNTUR JN.,VIKRABAD JN.,Saturday,Weekend
12748,VKB-GNT PALA,VIKRABAD JN.,GUNTUR JN.,Monday,Weekday
12749,MTM EXP,MACHILIPATNAM,SECUNDERABAD JN.,Sunday,Weekend
12750,MACHILIPATNA,SECUNDERABAD JN.,MACHILIPATNAM,Monday,Weekday
12757,SC-SKZR EXP,SECUNDERABAD JN.,SIRPURKAGHAZ NAGAR,Sunday,Weekend
12758,SKZR-SC  EXP,SIRPURKAGHAZ NAGAR,SECUNDERABAD JN.,Saturday,Weekend
12759,MAS-HYB CHAR,CHENNAI CENTRAL,HYDERABAD DECCAN,Sunday,Weekend
12760,HYB-MAS CHAR,HYDERABAD DECCAN,CHENNAI CENTRAL,Monday,Weekday
12761,TPTY-KRMR  E,TIRUPATI,KARIM NAGAR,Saturday,Weekend
12762,KRMR-TPTY EX,KARIM NAGAR,TIRUPATI,Monday,Weekday
12763,TPTY-SC PADM,TIRUPATI,SECUNDERABAD JN.,Friday,Weekday
12764,SC-TPTY PADM,SECUNDERABAD JN.,TIRUPATI,Tuesday,Weekday
12765,TPTY-AMI EXP,TIRUPATI,AMRAVATI,Friday,Weekday
12766,AMI-TPTY EXP,AMRAVATI,TIRUPATI,Monday,Weekday
12767,NED-SRC EXP,NANDED,SANTRAGACHI JN.,Sunday,Weekend
12768,SRC-NED  EXP,SANTRAGACHI JN.,NANDED,Saturday,Weekend
12769,TPTY-SC  SEV,TIRUPATI,SECUNDERABAD JN.,Sunday,Weekend
12770,SC-TPTY  SEV,SECUNDERABAD JN.,TIRUPATI,Sunday,Weekend
12771,SC-NGP  EXP,SECUNDERABAD JN.,NAGPUR JN.(CR),Friday,Weekday
12772,NGP-SC EXP,NAGPUR JN.(CR),SECUNDERABAD JN.,Saturday,Weekend
12773,SHM-SC AC EX,SHALIMAR,SECUNDERABAD JN.,Tuesday,Weekday
12774,SC-SHM AC  E,SECUNDERABAD JN.,SHALIMAR,Sunday,Weekend
12775,CCT-SC COCAN,KAKINADA TOWN,SECUNDERABAD JN.,Tuesday,Weekday
12776,SC-CCT COCAN,SECUNDERABAD JN.,KAKINADA TOWN,Sunday,Weekend
12777,UBL-KCVL EXP,HUBLI JN.,KOCHUVELI,Tuesday,Weekday
12778,KCVL- UBL EX,KOCHUVELI,HUBLI JN.,Thursday,Weekday
12779,GOA EXPRESS,VASCO-DA-GAMA,HAZRAT NIZAMUDDIN JN,Friday,Weekday
12780,GOA EXPRESS,HAZRAT NIZAMUDDIN JN,VASCO-DA-GAMA,Saturday,Weekend
12781,SWARNA JAYAN,MYSORE JN.,HAZRAT NIZAMUDDIN JN,Thursday,Weekday
12782,SWARNA JAYAN,HAZRAT NIZAMUDDIN JN,MYSORE JN.,Wednesday,Weekday
12783,VSKP-SC SUF,VISAKHAPATNAM,SECUNDERABAD JN.,Tuesday,Weekday
12784,SC-VSKP AC W,SECUNDERABAD JN.,VISAKHAPATNAM,Thursday,Weekday
12785,KCG-SBC EXP,KACHEGUDA,KRANTIVIRA SANGOLLI RAYANNA (BENGALURU STATION),Saturday,Weekend
12786,SBC-KCG EXP,KRANTIVIRA SANGOLLI RAYANNA (BENGALURU STATION),KACHEGUDA,Friday,Weekday
12791,SC-DNR EXP,SECUNDERABAD JN.,DANAPUR,Sunday,Weekend
12792,DNR-SC EXP,DANAPUR,SECUNDERABAD JN.,Friday,Weekday
12795,BZA-SC SUP E,VIJAYWADA JN.,SECUNDERABAD JN.,Tuesday,Weekday
12796,SC-BZA SUP E,SECUNDERABAD JN.,VIJAYWADA JN.,Thursday,Weekday
12797,KCG-CTO VENK,KACHEGUDA,CHITTOOR,Monday,Weekday
12798,CTO-KCG VENK,CHITTOOR,KACHEGUDA,Thursday,Weekday
12801,PURI-NDLS PU,PURI,NEW DELHI,Monday,Weekday
12802,NDLS-PURI PU,NEW DELHI,PURI,Sunday,Weekend
12803,VSKP-NZM SWA,VISAKHAPATNAM,HAZRAT NIZAMUDDIN JN,Friday,Weekday
12804,VSKP SWRN J,HAZRAT NIZAMUDDIN JN,VISAKHAPATNAM,Tuesday,Weekday
12805,VSKP-SC JANM,VISAKHAPATNAM,SECUNDERABAD JN.,Wednesday,Weekday
12806,SC-VSKP JANM,SECUNDERABAD JN.,VISAKHAPATNAM,Wednesday,Weekday
12807,VSKP-NZM SAM,VISAKHAPATNAM,HAZRAT NIZAMUDDIN JN,Thursday,Weekday
12808,NZM-VSKP SAM,HAZRAT NIZAMUDDIN JN,VISAKHAPATNAM,Tuesday,Weekday
12809,CSMT HWH MAI,CST-MUMBAI,HOWRAH JN.,Friday,Weekday
12810,HWH CSMT MAI,HOWRAH JN.,CST-MUMBAI,Tuesday,Weekday
12811,LTT HTE EXPR,LOKMANYA TILAK TERMINUS,HATIA,Sunday,Weekend
12812,HTE LTT EXPR,HATIA,LOKMANYA TILAK TERMINUS,Saturday,Weekend
12813,HWH-TATA STE,HOWRAH JN.,TATANAGAR JN,Sunday,Weekend
12814,TATA-HWH STE,TATANAGAR JN,HOWRAH JN.,Wednesday,Weekday
12815,NANDAN KANAN,PURI,NEW DELHI,Sunday,Weekend
12816,NANDAN KANAN,NEW DELHI,PURI,Wednesday,Weekday
12817,HTE ANVT EXP,HATIA,ANAND VIHAR TERMINAL,Friday,Weekday
12818,ANVT HTE EXP,ANAND VIHAR TERMINAL,HATIA,Thursday,Weekday
12819,BBS-NDLS SAM,BHUBANESWAR,ANAND VIHAR TERMINAL,Monday,Weekday
12820,ANVT-BBS SAM,ANAND VIHAR TERMINAL,BHUBANESWAR,Monday,Weekday
12821,HWH-BBS-PURI,HOWRAH JN.,PURI,Wednesday,Weekday
12822,PURI-BBS-HWH,PURI,HOWRAH JN.,Tuesday,Weekday
12823,DURG-NZM CG,DURG,HAZRAT NIZAMUDDIN JN,Monday,Weekday
12824,NZM-DURG CG,HAZRAT NIZAMUDDIN JN,DURG,Thursday,Weekday
12825,RNC NDLS SAM,RANCHI,NEW DELHI,Tuesday,Weekday
12826,NDLS RNC SAM,NEW DELHI,RANCHI,Thursday,Weekday
12827,HWH PRR EXPR,HOWRAH JN.,PURULIA JN.,Wednesday,Weekday
12828,PRR HWH EXPR,PURULIA JN.,HOWRAH JN.,Wednesday,Weekday
12829,CEN-BBS WEEK,CHENNAI CENTRAL,BHUBANESWAR,Saturday,Weekend
12830,BBS-CEN WEEK,BHUBANESWAR,CHENNAI CENTRAL,Monday,Weekday
12831,BKSC-BBS GAR,BOKARO STEEL CITY,BHUBANESWAR,Friday,Weekday
12832,BBS-BKSC GAR,BHUBANESWAR,BOKARO STEEL CITY,Sunday,Weekend
12833,ADI -HOWRAH,AHMEDABAD,HOWRAH JN.,Thursday,Weekday
12834,HOWRAH-AHMED,HOWRAH JN.,AHMEDABAD,Sunday,Weekend
12835,HTE-YPR  BI-,HATIA,YESVANTPUR JN.,Monday,Weekday
12836,YPR-HTE BI-W,YESVANTPUR JN.,HATIA,Saturday,Weekend
12837,HOWRAH-PURI,HOWRAH JN.,PURI,Saturday,Weekend
12838,PURI-HWH EXP,PURI,HOWRAH JN.,Tuesday,Weekday
12839,HWH-MAS MAIL,HOWRAH JN.,CHENNAI CENTRAL,Monday,Weekday
12840,MAS-HWH MAIL,CHENNAI CENTRAL,HOWRAH JN.,Saturday,Weekend
12841,HOWRAH-CHENN,HOWRAH JN.,CHENNAI CENTRAL,Tuesday,Weekday
12842,COROMANDEL E,CHENNAI CENTRAL,HOWRAH JN.,Wednesday,Weekday
12843,PUI-ADI S/F,PURI,AHMEDABAD,Sunday,Weekend
12844,ADI-PURI S/F,AHMEDABAD,PURI,Sunday,Weekend
12845,BBS-YPR S/FA,BHUBANESWAR,BANGALORE CANTT.,Saturday,Weekend
12846,BHUBANESHWAR,BANGALORE CANTT.,BHUBANESWAR,Friday,Weekday
12847,HWH-DGHA SUP,HOWRAH JN.,DIGHA FS,Friday,Weekday
12848,DGHA-HWH SUP,DIGHA FS,HOWRAH JN.,Friday,Weekday
12849,BSP - PUNE S,BILASPUR JN.,PUNE JN.,Thursday,Weekday
12850,PUNE - BSP S,PUNE JN.,BILASPUR JN.,Thursday,Weekday
12851,BSP - MAS SF,BILASPUR JN.,CHENNAI CENTRAL,Tuesday,Weekday
12852,MAS - BSP SF,CHENNAI CENTRAL,BILASPUR JN.,Friday,Weekday
12853,DURG-BPL AMA,DURG,BHOPAL,Wednesday,Weekday
12854,BPL-DURG AMA,BHOPAL,DURG,Tuesday,Weekday
12855,BSP - NGP IN,BILASPUR JN.,NAGPUR JN.(CR),Sunday,Weekend
12856,NGP - BSP IN,NAGPUR JN.(CR),BILASPUR JN.,Tuesday,Weekday
12857,TAMRALIPTA,HOWRAH JN.,DIGHA FS,Saturday,Weekend
12858,TAMRALIPTA,DIGHA FS,HOWRAH JN.,Monday,Weekday
12859,HWH-CSMT,CST-MUMBAI,HOWRAH JN.,Wednesday,Weekday
12860,HWH-CSMT GEE,HOWRAH JN.,CST-MUMBAI,Sunday,Weekend
12861,VSKP-KZJ LIN,VISAKHAPATNAM,KAZIPET JN.,Friday,Weekday
12862,KZJ-VSKP LIN,KAZIPET JN.,VISAKHAPATNAM,Thursday,Weekday
12863,HOWRAH YESVA,HOWRAH JN.,YESVANTPUR JN.,Friday,Weekday
12864,YPR HOWRAH E,YESVANTPUR JN.,HOWRAH JN.,Friday,Weekday
12865,HWH-PRR LALM,HOWRAH JN.,PURULIA JN.,Monday,Weekday
12866,PRR-HWH LALM,PURULIA JN.,HOWRAH JN.,Sunday,Weekend
12867,HWH-PDY WEEK,HOWRAH JN.,PONDICHERRY,Sunday,Weekend
12868,PDY-HWH WKY,PONDICHERRY,HOWRAH JN.,Wednesday,Weekday
12869,CSMT-HWH WEE,CST-MUMBAI,HOWRAH JN.,Monday,Weekday
12870,HWH-CSTM WEE,HOWRAH JN.,CST-MUMBAI,Saturday,Weekend
12871,HWH-TIG ISPA,HOWRAH JN.,TITLA GARH JN.,Tuesday,Weekday
12872,TIG-HWH ISPA,TITLA GARH JN.,HOWRAH JN.,Saturday,Weekend
12873,HTE-ANVT EXP,HATIA,ANAND VIHAR TERMINAL,Friday,Weekday
12874,ANVT HTE  EX,ANAND VIHAR TERMINAL,HATIA,Saturday,Weekend
12875,PURI-NDLS NE,PURI,NEW DELHI,Sunday,Weekend
12876,NDLS-PURI NE,NEW DELHI,PURI,Tuesday,Weekday
12877,RNC-NDLS GBR,RANCHI,NEW DELHI,Monday,Weekday
12878,NDLS RNC GBR,NEW DELHI,RANCHI,Wednesday,Weekday
12879,LTT-BBS BI-W,LOKMANYA TILAK TERMINUS,BHUBANESWAR,Tuesday,Weekday
12880,BBS-LTT BI-W,BHUBANESWAR,LOKMANYA TILAK TERMINUS,Wednesday,Weekday
12881,HWH-PURI GAR,HOWRAH JN.,PURI,Friday,Weekday
12882,PURI-HWH GAR,PURI,HOWRAH JN.,Sunday,Weekend
12883,SRC PURULIA,SANTRAGACHI JN.,PURULIA JN.,Friday,Weekday
12884,PURULIA HWH,PURULIA JN.,HOWRAH JN.,Sunday,Weekend
12885,SHM-BJE  ARA,SHALIMAR,BHOJUDIH JN.,Monday,Weekday
12886,BJE-SHM ARAN,BHOJUDIH JN.,SHALIMAR,Friday,Weekday
12887,HWH-PURI S/F,HOWRAH JN.,PURI,Friday,Weekday
12888,PURI-HWH S/F,PURI,HOWRAH JN.,Sunday,Weekend
12889,TATA YPR EXP,TATANAGAR JN,YESVANTPUR JN.,Tuesday,Weekday
12890,YPR TATA EXP,YESVANTPUR JN.,TATANAGAR JN,Wednesday,Weekday
12891,BGY BBS EXPR,BANGRIPOSI,BHUBANESWAR,Friday,Weekday
12892,BBS BGY EXPR,BHUBANESWAR,BANGRIPOSI,Sunday,Weekend
12893,BBS-BLGR S/F,BHUBANESWAR,BALANGIR,Sunday,Weekend
12894,BLGR-BBS S/F,BALANGIR,BHUBANESWAR,Saturday,Weekend
12895,HWH-PURI WEE,HOWRAH JN.,PURI,Saturday,Weekend
12896,PURI-HWH WEE,PURI,HOWRAH JN.,Thursday,Weekday
12897,PDY-BBS WEEK,PONDICHERRY,BHUBANESWAR,Tuesday,Weekday
12898,BBS-PDY S/F,BHUBANESWAR,PONDICHERRY,Saturday,Weekend
12901,GUJARAT MAIL,MUMBAI CENTRAL,AHMEDABAD,Monday,Weekday
12902,GUJARAT MAIL,AHMEDABAD,MUMBAI CENTRAL,Tuesday,Weekday
12903,GOLDENTEMPLE,MUMBAI CENTRAL,AMRITSAR JN.,Friday,Weekday
12904,GOLDN TEMPLE,AMRITSAR JN.,MUMBAI CENTRAL,Thursday,Weekday
12905,PBR HOWRAH E,PORBANDAR,HOWRAH JN.,Saturday,Weekend
12906,HWH PBR  OKH,HOWRAH JN.,PORBANDAR,Monday,Weekday
12907,BDTS SMPRK K,BANDRA TERMINUS,HAZRAT NIZAMUDDIN JN,Wednesday,Weekday
12908,MHRST SMPRK,HAZRAT NIZAMUDDIN JN,BANDRA TERMINUS,Wednesday,Weekday
12909,NZM GARIB RA,BANDRA TERMINUS,HAZRAT NIZAMUDDIN JN,Wednesday,Weekday
12910,BDTS GARIB R,HAZRAT NIZAMUDDIN JN,BANDRA TERMINUS,Sunday,Weekend
12911,BL HARIDWAR,VALSAD,HARIDWAR JN,Monday,Weekday
12912,HW BL SUP EX,HARIDWAR JN,VALSAD,Sunday,Weekend
12913,TRISHATABDI,INDORE BG,NAGPUR JN.(CR),Tuesday,Weekday
12914,TRISHATABDI,NAGPUR JN.(CR),INDORE BG,Monday,Weekday
12915,ASHRAM EXPRE,AHMEDABAD,DELHI JN.,Wednesday,Weekday
12916,ASHRAM EXPRE,DELHI JN.,AHMEDABAD,Friday,Weekday
12917,GUJARAT SMPR,AHMEDABAD,HAZRAT NIZAMUDDIN JN,Monday,Weekday
12918,GUJRAT S KRA,HAZRAT NIZAMUDDIN JN,AHMEDABAD,Tuesday,Weekday
12919,MALWA EXPRES,INDORE BG,SHRI MATA VAISHNO DEVI KATRA,Sunday,Weekend
12920,MALWA EXPRES,SHRI MATA VAISHNO DEVI KATRA,INDORE BG,Tuesday,Weekday
12921,FLYING RANEE,MUMBAI CENTRAL,SURAT,Thursday,Weekday
12922,FLYING RANEE,SURAT,MUMBAI CENTRAL,Tuesday,Weekday
12923,INDB NAGPUR,INDORE BG,NAGPUR JN.(CR),Monday,Weekday
12924,NGP INDORE E,NAGPUR JN.(CR),INDORE BG,Monday,Weekday
12925,PASCHIM EXPR,BANDRA TERMINUS,AMRITSAR JN.,Tuesday,Weekday
12926,PASCHIM EXPR,AMRITSAR JN.,BANDRA TERMINUS,Friday,Weekday
12927,VADODARA EXP,MUMBAI CENTRAL,VADODARA JN.,Saturday,Weekend
12928,VADODARA EXP,VADODARA JN.,MUMBAI CENTRAL,Monday,Weekday
12929,BL-DHD INTER,VALSAD,DAHOD,Saturday,Weekend
12930,DHD - BL  IN,DAHOD,VALSAD,Saturday,Weekend
12931,ADI DOUBLE D,MUMBAI CENTRAL,AHMEDABAD,Friday,Weekday
12932,BCT DOUBLEDE,AHMEDABAD,MUMBAI CENTRAL,Tuesday,Weekday
12933,KARNAVATI EX,MUMBAI CENTRAL,AHMEDABAD,Friday,Weekday
12934,KARNAVATI EX,AHMEDABAD,MUMBAI CENTRAL,Saturday,Weekend
12935,BDTS SURAT E,BANDRA TERMINUS,SURAT,Tuesday,Weekday
12936,SURAT BDTS E,SURAT,BANDRA TERMINUS,Tuesday,Weekday
12937,GARBHA EXPRE,GANDHIDHAM JN.,HOWRAH JN.,Saturday,Weekend
12938,GARBHA EXPRE,HOWRAH JN.,GANDHIDHAM JN.,Saturday,Weekend
12939,PUNE JAIPUR,PUNE JN.,JAIPUR JN.,Wednesday,Weekday
12940,JP PUNE SF E,JAIPUR JN.,PUNE JN.,Thursday,Weekday
12941,BVC ASANSOL,BHAVNAGAR TERMINUS,ASANSOL MAIN,Friday,Weekday
12942,PARASNATH EX,ASANSOL MAIN,BHAVNAGAR TERMINUS,Friday,Weekday
12943,UDYOGKARMI E,VALSAD,KANPUR CENTRAL JN.,Sunday,Weekend
12944,UDHYOGKARMI,KANPUR CENTRAL JN.,VALSAD,Friday,Weekday
12946,SURAT EXPRES,MAHUVA,SURAT,Friday,Weekday
12947,AZIMABAD EXP,AHMEDABAD,PATNA JN.,Friday,Weekday
12948,AZIMABAD EXP,PATNA JN.,AHMEDABAD,Saturday,Weekend
12949,KAVIGURU EXP,PORBANDAR,SANTRAGACHI JN.,Thursday,Weekday
12950,PBR KAVIGURU,SANTRAGACHI JN.,PORBANDAR,Monday,Weekday
12951,MUMBAI RAJDH,MUMBAI CENTRAL,NEW DELHI,Monday,Weekday
12952,MUMBAI RAJDH,NEW DELHI,MUMBAI CENTRAL,Sunday,Weekend
12953,AUG KR RAJ E,MUMBAI CENTRAL,HAZRAT NIZAMUDDIN JN,Monday,Weekday
12954,AG KRANTI RJ,HAZRAT NIZAMUDDIN JN,MUMBAI CENTRAL,Friday,Weekday
12955,BCT JP SF EX,MUMBAI CENTRAL,JAIPUR JN.,Monday,Weekday
12956,JP BCT SUPFA,JAIPUR JN.,MUMBAI CENTRAL,Friday,Weekday
12957,SWARNA J RAJ,AHMEDABAD,NEW DELHI,Friday,Weekday
12958,ADI SJ RAJDH,NEW DELHI,AHMEDABAD,Thursday,Weekday
12959,DADAR BHUJ E,DADAR,NEW BHUJ,Sunday,Weekend
12960,BHUJ DADAR E,NEW BHUJ,DADAR,Saturday,Weekend
12961,AVANTIKA EXP,MUMBAI CENTRAL,INDORE BG,Thursday,Weekday
12962,INDB - BCT A,INDORE BG,MUMBAI CENTRAL,Thursday,Weekday
12963,MEWAR EXPRES,HAZRAT NIZAMUDDIN JN,UDAIPUR CITY,Friday,Weekday
12964,MEWAR EXPRES,UDAIPUR CITY,HAZRAT NIZAMUDDIN JN,Friday,Weekday
12967,JAIPUR EXP,CHENNAI CENTRAL,JAIPUR JN.,Monday,Weekday
12968,JP CHENNAI E,JAIPUR JN.,CHENNAI CENTRAL,Friday,Weekday
12969,CBE JAIPUR E,COIMBATORE JN.,JAIPUR JN.,Tuesday,Weekday
12970,JP CBE SF EX,JAIPUR JN.,COIMBATORE JN.,Thursday,Weekday
12971,BHAVNAGAR EX,BANDRA TERMINUS,BHAVNAGAR TERMINUS,Tuesday,Weekday
12972,BVC BDTS EXP,BHAVNAGAR TERMINUS,BANDRA TERMINUS,Friday,Weekday
12973,INDB JP SF E,INDORE BG,JAIPUR JN.,Wednesday,Weekday
12974,JP INDB SF E,JAIPUR JN.,INDORE BG,Sunday,Weekend
12975,MYS JP SF EX,MYSORE JN.,JAIPUR JN.,Thursday,Weekday
12976,JP MYS SF EX,JAIPUR JN.,MYSORE JN.,Monday,Weekday
12977,MARU SAGAR E,ERNAKULAM. JN,AJMER JN.,Saturday,Weekend
12978,MARU SAGAR E,AJMER JN.,ERNAKULAM. JN,Monday,Weekday
12979,BDTS JP SF E,BANDRA TERMINUS,JAIPUR JN.,Sunday,Weekend
12980,JP BDTS  SF,JAIPUR JN.,BANDRA TERMINUS,Thursday,Weekday
12981,CHETAK EXP,DELHI-SARAI ROHILLA,UDAIPUR CITY,Sunday,Weekend
12982,CHETAK EXP,UDAIPUR CITY,DELHI-SARAI ROHILLA,Wednesday,Weekday
12983,AII CDG G RA,AJMER JN.,CHANDIGARH,Friday,Weekday
12984,CDG AII G RA,CHANDIGARH,AJMER JN.,Saturday,Weekend
12985,DEE DOUBLE D,JAIPUR JN.,DELHI-SARAI ROHILLA,Wednesday,Weekday
12986,JP DOUBLE DC,DELHI-SARAI ROHILLA,JAIPUR JN.,Monday,Weekday
12987,SDAH AII  SF,SEALDAH,AJMER JN.,Tuesday,Weekday
12988,AII SDAH SF,AJMER JN.,SEALDAH,Wednesday,Weekday
12989,DDR AII SF E,DADAR,AJMER JN.,Monday,Weekday
12990,AII DDR SF E,AJMER JN.,DADAR,Thursday,Weekday
12991,UDZ JP SF EX,UDAIPUR CITY,JAIPUR JN.,Monday,Weekday
12992,JP UDZ SF EX,JAIPUR JN.,UDAIPUR CITY,Monday,Weekday
12993,GIMB PURI EX,GANDHIDHAM JN.,PURI,Sunday,Weekend
12994,PURI GIMB  E,PURI,GANDHIDHAM JN.,Monday,Weekday
12995,BDTS AII UDZ,BANDRA TERMINUS,UDAIPUR CITY,Sunday,Weekend
12996,UDZ BDTS SF,UDAIPUR CITY,BANDRA TERMINUS,Friday,Weekday
13005,AMRITSAR MAI,HOWRAH JN.,AMRITSAR JN.,Friday,Weekday
13006,ASR HWH MAIL,AMRITSAR JN.,HOWRAH JN.,Monday,Weekday
13007,U ABHATOOFAN,HOWRAH JN.,SHRI GANGANAGAR,Saturday,Weekend
13008,U A TOOFAN E,SHRI GANGANAGAR,HOWRAH JN.,Wednesday,Weekday
13009,DOON EXPRESS,HOWRAH JN.,DEHRA DUN,Saturday,Weekend
13010,DOON EXPRESS,DEHRA DUN,HOWRAH JN.,Tuesday,Weekday
13011,HWH MLDT INT,HOWRAH JN.,MALDA TOWN,Tuesday,Weekday
13012,MLDT  HWH IN,MALDA TOWN,HOWRAH JN.,Saturday,Weekend
13013,BWN-RPH TRI-,BARDDHAMAN JN.,RAMPUR HAT,Saturday,Weekend
13014,RPH-BWN TRI,RAMPUR HAT,BARDDHAMAN JN.,Tuesday,Weekday
13015,HWH-BHP KAVI,HOWRAH JN.,BOLPUR,Monday,Weekday
13016,BHP-HWH KAVI,BOLPUR,HOWRAH JN.,Sunday,Weekend
13017,GANADEVTA EX,HOWRAH JN.,AZIMGANJ JN.,Friday,Weekday
13018,GANADEVTA EX,AZIMGANJ JN.,HOWRAH JN.,Sunday,Weekend
13019,BAGH EXPRESS,HOWRAH JN.,KATHGODAM,Tuesday,Weekday
13020,BAGH EXPRESS,KATHGODAM,HOWRAH JN.,Saturday,Weekend
13021,MITHILA EXPR,HOWRAH JN.,RAXAUL JN.,Tuesday,Weekday
13022,MITHILA EXPR,RAXAUL JN.,HOWRAH JN.,Tuesday,Weekday
13023,HOWRAH GAYA,HOWRAH JN.,GAYA JN.,Sunday,Weekend
13024,GAYA HOWRAH,GAYA JN.,HOWRAH JN.,Thursday,Weekday
13027,KAVI GURU EX,HOWRAH JN.,AZIMGANJ JN.,Tuesday,Weekday
13028,KAVI GURU EX,AZIMGANJ JN.,HOWRAH JN.,Monday,Weekday
13033,HWH-KIR EXP,HOWRAH JN.,KATIHAR JN.,Sunday,Weekend
13034,KIR-HWH EXP,KATIHAR JN.,HOWRAH JN.,Monday,Weekday
13043,HWH RXL EXPR,HOWRAH JN.,RAXAUL JN.,Tuesday,Weekday
13044,RXL HWH EXPR,RAXAUL JN.,HOWRAH JN.,Tuesday,Weekday
13049,AMRITSAR EXP,HOWRAH JN.,AMRITSAR JN.,Tuesday,Weekday
13050,ASR HWH EXPR,AMRITSAR JN.,HOWRAH JN.,Monday,Weekday
13053,HWH SURI EXP,HOWRAH JN.,SIURI,Friday,Weekday
13054,SURI HWH EXP,SIURI,HOWRAH JN.,Tuesday,Weekday
13063,HWH BLGT EXP,HOWRAH JN.,BALURGHAT,Saturday,Weekend
13064,BLGT HWH EXP,BALURGHAT,HOWRAH JN.,Tuesday,Weekday
13071,HWH JMP EXPR,HOWRAH JN.,JAMALPUR JN.,Monday,Weekday
13072,JMP HWH EXP,JAMALPUR JN.,HOWRAH JN.,Friday,Weekday
13103,BHAGIRATHI E,SEALDAH,LALGOLA,Tuesday,Weekday
13104,BHAGIRATHI E,LALGOLA,SEALDAH,Saturday,Weekend
13105,SDAH BUI EXP,SEALDAH,BALLIA,Friday,Weekday
13106,BUI SDAH EXP,BALLIA,SEALDAH,Thursday,Weekday
13109,KOL-DHAKA MA,KOLKATA,GEDE,Sunday,Weekend
13110,DHAKA-KOLKAT,GEDE,KOLKATA,Monday,Weekday
13113,HAZARDUARI E,KOLKATA,LALGOLA,Wednesday,Weekday
13114,HAZARDUARI E,LALGOLA,KOLKATA,Tuesday,Weekday
13117,KOAA LGL EXP,KOLKATA,LALGOLA,Friday,Weekday
13118,LGL KOAA EXP,LALGOLA,KOLKATA,Tuesday,Weekday
13119,SDAH DLI  EX,SEALDAH,ANAND VIHAR TERMINAL,Friday,Weekday
13120,DLI SDAH EXP,ANAND VIHAR TERMINAL,SEALDAH,Monday,Weekday
13121,KOAA GCT EXP,KOLKATA,GHAZIPUR CITY,Thursday,Weekday
13122,GCT KOAA EXP,GHAZIPUR CITY,KOLKATA,Wednesday,Weekday
13129,KOAA KHULNA,KOLKATA,PETRAPOLE,Thursday,Weekday
13130,KHULNA KOLKA,PETRAPOLE,KOLKATA,Monday,Weekday
13131,KOAA PNBE  E,KOLKATA,PATNA JN.,Friday,Weekday
13132,PNBE - KOAA,PATNA JN.,KOLKATA,Friday,Weekday
13133,SDAH  BSB EX,SEALDAH,VARANASI JN.,Sunday,Weekend
13134,BSB SDAH EXP,VARANASI JN.,SEALDAH,Friday,Weekday
13135,KOAA JYG EXP,KOLKATA,JAYNAGAR,Sunday,Weekend
13136,JYG KOAA  EX,JAYNAGAR,KOLKATA,Sunday,Weekend
13137,KOAA-AMH WKL,KOLKATA,AZAMGARH,Tuesday,Weekday
13138,AMH-BP WEEKL,AZAMGARH,KOLKATA,Sunday,Weekend
13141,TEESTA TORSH,SEALDAH,NEW ALIPURDUAR,Friday,Weekday
13142,TEESTA TORSH,NEW ALIPURDUAR,SEALDAH,Monday,Weekday
13145,KOLKATA RADH,KOLKATA,RADHIKAPUR,Sunday,Weekend
13146,KOLKATTA RAD,RADHIKAPUR,KOLKATA,Sunday,Weekend
13147,UTTAR BANGA,SEALDAH,NEW COOCH BEHAR,Friday,Weekday
13148,UTTAR BANGA,NEW COOCH BEHAR,SEALDAH,Tuesday,Weekday
13149,KANCHAN KANY,SEALDAH,ALIPUR DUAR JN.,Wednesday,Weekday
13150,KANCHAN KANY,ALIPUR DUAR JN.,SEALDAH,Saturday,Weekend
13151,JAMMU TAWI E,KOLKATA,JAMMU TAWI,Thursday,Weekday
13152,SEALDAH EXPR,JAMMU TAWI,KOLKATA,Friday,Weekday
13153,GOUR EXPRESS,SEALDAH,MALDA TOWN,Saturday,Weekend
13154,MALDAH TOWN,MALDA TOWN,SEALDAH,Sunday,Weekend
13155,MITHILANCHAL,KOLKATA,SITAMARHI,Monday,Weekday
13156,MITHILANCHAL,SITAMARHI,KOLKATA,Friday,Weekday
13157,TRIHUT EXP,KOLKATA,MUZAFFARPUR JN.,Sunday,Weekend
13158,TRIHUT EXP,MUZAFFARPUR JN.,KOLKATA,Friday,Weekday
13159,KOLKATA-JOGB,KOLKATA,JOGBANI,Tuesday,Weekday
13160,JOGBANI-KOLK,JOGBANI,KOLKATA,Monday,Weekday
13161,KOLKATA-BALU,KOLKATA,BALURGHAT,Monday,Weekday
13162,BLGT-KOLKATA,BALURGHAT,KOLKATA,Monday,Weekday
13163,HATEBAZARE E,SEALDAH,SAHARSA JN.,Thursday,Weekday
13164,HATE BAZARE,SAHARSA JN.,SEALDAH,Tuesday,Weekday
13165,KOLKATA-SITA,KOLKATA,SITAMARHI,Tuesday,Weekday
13166,SITAMARI-KOL,SITAMARHI,KOLKATA,Monday,Weekday
13167,KOAA-AGC WKL,KOLKATA,AGRA CANTT,Wednesday,Weekday
13168,AGC-KOAA WKL,AGRA CANTT,KOLKATA,Thursday,Weekday
13169,HATEBAZARE E,SEALDAH,SAHARSA JN.,Saturday,Weekend
13170,HATEBAZARE E,SAHARSA JN.,SEALDAH,Wednesday,Weekday
13185,GANGA SAGAR,SEALDAH,JAYNAGAR,Monday,Weekday
13186,JYG-SDAH GAN,JAYNAGAR,SEALDAH,Wednesday,Weekday
13187,SDAH-RPH EXP,SEALDAH,RAMPUR HAT,Sunday,Weekend
13188,RPH-SDAH EXP,RAMPUR HAT,SEALDAH,Friday,Weekday
13201,RJPB LTT EXP,RAJENDRANAGAR TERMINAL,LOKMANYA TILAK TERMINUS,Tuesday,Weekday
13202,LTT  RJPB EX,LOKMANYA TILAK TERMINUS,RAJENDRANAGAR TERMINAL,Thursday,Weekday
13205,SHC-DNR JANH,SAHARSA JN.,DANAPUR,Saturday,Weekend
13206,DNR-SHC JANH,DANAPUR,SAHARSA JN.,Friday,Weekday
13225,JYG-RJPB  IN,JAYNAGAR,RAJENDRANAGAR TERMINAL,Friday,Weekday
13226,RJPB-JYG INT,RAJENDRANAGAR TERMINAL,JAYNAGAR,Friday,Weekday
13233,RGD - DNR IN,RAJGIR,DANAPUR,Monday,Weekday
13234,DNR - RGD IN,DANAPUR,RAJGIR,Monday,Weekday
13235,SBG - DNR IN,SAHIBGANJ,DANAPUR,Thursday,Weekday
13236,DNR - SBG IN,DANAPUR,SAHIBGANJ,Thursday,Weekday
13237,PNBE- KOTA,PATNA JN.,KOTA,Tuesday,Weekday
13238,KOTA - PNBE,KOTA,PATNA JN.,Thursday,Weekday
13239,PNBE-KOTA EX,PATNA JN.,KOTA,Tuesday,Weekday
13240,KOTA - PNBE,KOTA,PATNA JN.,Monday,Weekday
13241,BAKA- RJPB(T,BANKA,RAJENDRANAGAR TERMINAL,Tuesday,Weekday
13242,BANKA-RJPB (,RAJENDRANAGAR TERMINAL,BANKA,Monday,Weekday
13243,PNBE-GAYA -B,PATNA JN.,BHABUA ROAD,Friday,Weekday
13244,BBU-GAYA-PNB,BHABUA ROAD,PATNA JN.,Thursday,Weekday
13245,NJP-RJPB CAP,NEW JALPAIGURI JN,RAJENDRANAGAR TERMINAL,Saturday,Weekend
13246,RJPB-NJP CAP,RAJENDRANAGAR TERMINAL,NEW JALPAIGURI JN,Friday,Weekday
13247,KYQ-RJPB CAP,KAMAKHYA JN,RAJENDRANAGAR TERMINAL,Sunday,Weekend
13248,RJPB-KYQ CAP,RAJENDRANAGAR TERMINAL,KAMAKHYA JN,Saturday,Weekend
13249,PNBE-BBU INT,PATNA JN.,BHABUA ROAD,Thursday,Weekday
13250,BBU-PNBE INT,BHABUA ROAD,PATNA JN.,Thursday,Weekday
13257,JAN SADHARAN,DANAPUR,ANAND VIHAR TERMINAL,Wednesday,Weekday
13258,JAN SADHARAN,ANAND VIHAR TERMINAL,DANAPUR,Thursday,Weekday
13287,SOUTH BIHAR,DURG,RAJENDRANAGAR TERMINAL,Sunday,Weekend
13288,SOUTH BIHAR,RAJENDRANAGAR TERMINAL,DURG,Wednesday,Weekday
13301,SUVARNA REKH,DHANBAD JN.,TATANAGAR JN,Saturday,Weekend
13302,SUVARNA REKH,TATANAGAR JN,DHANBAD JN.,Sunday,Weekend
13303,DHN -RNC INT,DHANBAD JN.,RANCHI,Friday,Weekday
13304,RNC-DHN INTE,RANCHI,DHANBAD JN.,Tuesday,Weekday
13305,DHN-GAYA INT,DHANBAD JN.,GAYA JN.,Saturday,Weekend
13306,GAYA-DHN  IN,GAYA JN.,DHANBAD JN.,Tuesday,Weekday
13307,GANGASUTLEJ,DHANBAD JN.,FIROZPUR CANTT JN.,Wednesday,Weekday
13308,GANGASATLUJ,FIROZPUR CANTT JN.,DHANBAD JN.,Friday,Weekday
13319,BDME-RNC EXP,DEOGHAR,RANCHI,Saturday,Weekend
13320,RNC-BDME EXP,RANCHI,DEOGHAR,Sunday,Weekend
13329,GANGA DAMODA,DHANBAD JN.,PATNA JN.,Monday,Weekday
13330,GANGA DAMODA,PATNA JN.,DHANBAD JN.,Tuesday,Weekday
13331,DHN-PNBE INT,DHANBAD JN.,PATNA JN.,Wednesday,Weekday
13332,PNBE-DHN  IN,PATNA JN.,DHANBAD JN.,Tuesday,Weekday
13345,BSB-SGRL INT,VARANASI JN.,SINGRAULI,Monday,Weekday
13346,SGRL-BSB INT,SINGRAULI,VARANASI JN.,Sunday,Weekend
13347,PALAMU EXPRE,BARKAKANA,PATNA JN.,Friday,Weekday
13348,PALAMUEXP,PATNA JN.,BARKAKANA,Friday,Weekday
13351,DHANBAD - AL,DHANBAD JN.,ALLEPPEY,Tuesday,Weekday
13352,ALLEPY-DHANB,ALLEPPEY,DHANBAD JN.,Tuesday,Weekday
13401,INTERCITY,BHAGALPUR,DANAPUR,Sunday,Weekend
13402,INTERCITY  E,DANAPUR,BHAGALPUR,Monday,Weekday
13403,VANANCHAL EX,RANCHI,BHAGALPUR,Friday,Weekday
13404,VANANCHAL EX,BHAGALPUR,RANCHI,Thursday,Weekday
13409,MLDT-JMP INT,MALDA TOWN,JAMALPUR JN.,Wednesday,Weekday
13410,JMP-MLDT INT,JAMALPUR JN.,MALDA TOWN,Monday,Weekday
13413,FARAKKA EXPR,MALDA TOWN,DELHI JN.,Wednesday,Weekday
13414,FARKKA EXPRE,DELHI JN.,MALDA TOWN,Tuesday,Weekday
13415,MLDT-PNBE EX,MALDA TOWN,PATNA JN.,Friday,Weekday
13416,PNBE-MLDT EX,PATNA JN.,MALDA TOWN,Thursday,Weekday
13417,DIGHA-MLDT W,DIGHA FS,MALDA TOWN,Monday,Weekday
13418,MLDT-DIGHA,MALDA TOWN,DIGHA FS,Sunday,Weekend
13419,JANASEWA EXP,BHAGALPUR,MUZAFFARPUR JN.,Thursday,Weekday
13420,JANSEWA EXPR,MUZAFFARPUR JN.,BHAGALPUR,Wednesday,Weekday
13421,NDAE-NFK EXP,NABADWIP DHAM,MALDA TOWN,Tuesday,Weekday
13422,NFK-NDAE EXP,MALDA TOWN,NABADWIP DHAM,Friday,Weekday
13423,BGP-AII WKLY,BHAGALPUR,AJMER JN.,Thursday,Weekday
13424,AII- BGPWKLY,AJMER JN.,BHAGALPUR,Saturday,Weekend
13425,MLDT-ST WEEK,MALDA TOWN,SURAT,Tuesday,Weekday
13426,ST-MLDT WKLY,SURAT,MALDA TOWN,Friday,Weekday
13429,MLDT-ANVT WK,MALDA TOWN,ANAND VIHAR TERMINAL,Tuesday,Weekday
13430,ANVT-MLDT WK,ANAND VIHAR TERMINAL,MALDA TOWN,Saturday,Weekend
13465,MLDT INTERCI,HOWRAH JN.,MALDA TOWN,Monday,Weekday
13466,MLDT INTERCI,MALDA TOWN,HOWRAH JN.,Saturday,Weekend
13483,FARAKKA EXPR,MALDA TOWN,DELHI JN.,Sunday,Weekend
13484,FARAKKA EXPR,DELHI JN.,MALDA TOWN,Sunday,Weekend
13501,HLZ - ASANSO,HALDIA,ASANSOL MAIN,Friday,Weekday
13502,ASN -  HLZ E,ASANSOL MAIN,HALDIA,Saturday,Weekend
13505,DIGHA-ASANSO,DIGHA FS,ASANSOL MAIN,Tuesday,Weekday
13506,DIGHA-ASANSO,ASANSOL MAIN,DIGHA FS,Tuesday,Weekday
13507,ASANSOL-GORA,ASANSOL MAIN,GORAKHPUR JN.,Monday,Weekday
13508,GKP-ASN WKLY,GORAKHPUR JN.,ASANSOL MAIN,Friday,Weekday
13509,ASANSOL-GOND,ASANSOL MAIN,GONDA JN.,Thursday,Weekday
13510,GD-ASN WKLY,GONDA JN.,ASANSOL MAIN,Sunday,Weekend
13511,TATA-ASN TRI,TATANAGAR JN,ASANSOL MAIN,Saturday,Weekend
13512,ASN-TATA TRI,ASANSOL MAIN,TATANAGAR JN,Saturday,Weekend
14001,DLI-ATT LINK,DELHI JN.,ATARI JN,Saturday,Weekend
14002,ATT-DLI LINK,ATARI JN,DELHI JN.,Thursday,Weekday
14003,MLDT-NDLS EX,MALDA TOWN,NEW DELHI,Friday,Weekday
14004,NDLS-MLDT EX,NEW DELHI,MALDA TOWN,Monday,Weekday
14005,LICHCHIVI EX,SITAMARHI,ANAND VIHAR TERMINAL,Tuesday,Weekday
14006,LICHCHIVI EX,ANAND VIHAR TERMINAL,SITAMARHI,Sunday,Weekend
14007,SADBHAWNA EX,RAXAUL JN.,ANAND VIHAR TERMINAL,Saturday,Weekend
14008,SADHBHAWNA E,ANAND VIHAR TERMINAL,RAXAUL JN.,Tuesday,Weekday
14011,DLI-HSX EXPR,DELHI JN.,HOSHIARPUR,Friday,Weekday
14012,HSX-DLI EXPR,HOSHIARPUR,DELHI JN.,Sunday,Weekend
14013,SADBHAWANA E,SULTANPUR JN.,ANAND VIHAR TERMINAL,Tuesday,Weekday
14014,SADBHAWANA E,ANAND VIHAR TERMINAL,SULTANPUR JN.,Saturday,Weekend
14015,SADBHAWANA E,RAXAUL JN.,ANAND VIHAR TERMINAL,Saturday,Weekend
14016,SADHBHAWNA E,ANAND VIHAR TERMINAL,RAXAUL JN.,Thursday,Weekday
14017,SADBHAWANA E,RAXAUL JN.,ANAND VIHAR TERMINAL,Monday,Weekday
14018,SADBHAWANA E,ANAND VIHAR TERMINAL,RAXAUL JN.,Monday,Weekday
14019,AGTL-ANVT SU,AGARTALA,ANAND VIHAR TERMINAL,Saturday,Weekend
14020,ANVT-AGTL SU,ANAND VIHAR TERMINAL,AGARTALA,Thursday,Weekday
14021,DEE SIKR,DELHI-SARAI ROHILLA,SIKAR JN.,Wednesday,Weekday
14022,SIKR DEE,SIKAR JN.,DELHI-SARAI ROHILLA,Friday,Weekday
14033,JAMMU MAIL,DELHI JN.,SHRI MATA VAISHNO DEVI KATRA,Monday,Weekday
14034,JAMMU MAIL,SHRI MATA VAISHNO DEVI KATRA,DELHI JN.,Thursday,Weekday
14035,DLI PTK EXPR,DELHI JN.,PATHANKOT JN.,Saturday,Weekend
14036,PTK DLI EXPR,PATHANKOT JN.,DELHI JN.,Saturday,Weekend
14041,MUSSOORIE EX,DELHI-SARAI ROHILLA,DEHRA DUN,Monday,Weekday
14042,MUSSOORIE EX,DEHRA DUN,DELHI-SARAI ROHILLA,Friday,Weekday
14043,GARHWAL EXPR,KOTDWARA,DELHI JN.,Wednesday,Weekday
14044,GARHWAL EXPR,DELHI JN.,KOTDWARA,Wednesday,Weekday
14055,BRAHMAPUTRA,DIBRUGARH,DELHI JN.,Tuesday,Weekday
14056,BRAHMPUTRA M,DELHI JN.,DIBRUGARH,Monday,Weekday
14085,HARYANA EXPR,TILAK BRIDGE,SIRSA,Saturday,Weekend
14086,HARYANA EXPR,SIRSA,TILAK BRIDGE,Monday,Weekday
14095,HIMALAYAN QU,DELHI-SARAI ROHILLA,KALKA,Thursday,Weekday
14096,HIMALAYAN QU,KALKA,DELHI-SARAI ROHILLA,Monday,Weekday
14101,PRG-CNB EXP,PRAYAG JN.,KANPUR CENTRAL JN.,Monday,Weekday
14102,CNB-PRG EXP,KANPUR CENTRAL JN.,PRAYAG JN.,Friday,Weekday
14109,CTKD-CNB EXP,CHITRAKUTDHAM KARWI,KANPUR CENTRAL JN.,Thursday,Weekday
14110,CNB-CKTD EXP,KANPUR CENTRAL JN.,CHITRAKUTDHAM KARWI,Tuesday,Weekday
14113,ALD-DDN LINK,ALIGARH JN.,DEHRA DUN,Friday,Weekday
14114,DDN - ALD LI,DEHRA DUN,ALIGARH JN.,Wednesday,Weekday
14115,ALD HW EXP,ALLAHABAD JN.,HARIDWAR JN,Wednesday,Weekday
14116,HW ALD EXP,HARIDWAR JN,ALLAHABAD JN.,Friday,Weekday
14117,ALD-BST EXP,ALLAHABAD JN.,BASTI,Wednesday,Weekday
14118,BST-ALD,BASTI,ALLAHABAD JN.,Friday,Weekday
14119,KGM-DDN EXP.,KATHGODAM,DEHRA DUN,Monday,Weekday
14120,DDN-KGM EXP.,DEHRA DUN,KATHGODAM,Friday,Weekday
14123,INTERCITY EX,PARTAPGARH JN.,KANPUR CENTRAL JN.,Sunday,Weekend
14124,KANPUR INTER,KANPUR CENTRAL JN.,PARTAPGARH JN.,Wednesday,Weekday
14125,SARYU EXPRES,ALLAHABAD JN.,MANKAPUR JN.,Thursday,Weekday
14126,SARYU EXPRES,MANKAPUR JN.,ALLAHABAD JN.,Sunday,Weekend
14151,CNB-ANVT-EXP,KANPUR CENTRAL JN.,ANAND VIHAR TERMINAL,Monday,Weekday
14152,ANVT-CNB-EXP,ANAND VIHAR TERMINAL,KANPUR CENTRAL JN.,Tuesday,Weekday
14163,SANGAM EXPRE,ALLAHABAD JN.,MEERUT CITY JN.,Monday,Weekday
14164,SANGAM EXP,MEERUT CITY JN.,ALLAHABAD JN.,Sunday,Weekend
14201,JNU - RBL EX,JAUNPUR JN.,RAE BARELI JN.,Wednesday,Weekday
14202,RBL-JNU,RAE BARELI JN.,JAUNPUR JN.,Friday,Weekday
14203,BSB LKO INTE,VARANASI JN.,LUCKNOW JN.,Monday,Weekday
14204,LKO BSB INTE,LUCKNOW JN.,VARANASI JN.,Thursday,Weekday
14205,FD-DLI EXP,FAIZABAD JN.,DELHI JN.,Sunday,Weekend
14206,DLI-FD EXPRE,DELHI JN.,FAIZABAD JN.,Thursday,Weekday
14207,PADMAVAT EXP,PARTAPGARH JN.,DELHI JN.,Wednesday,Weekday
14208,PADMAVAT EXP,DELHI JN.,PARTAPGARH JN.,Wednesday,Weekday
14209,BDL-LKO INTE,PRAYAG JN.,LUCKNOW JN.,Sunday,Weekend
14210,LKO - BDL IN,LUCKNOW JN.,PRAYAG JN.,Wednesday,Weekday
14211,AGC INTERCIT,AGRA CANTT,NEW DELHI,Wednesday,Weekday
14212,AGC INTERCIT,NEW DELHI,AGRA CANTT,Saturday,Weekend
14213,BSB-GD INTER,VARANASI JN.,GONDA JN.,Sunday,Weekend
14214,BSB-GD INTER,GONDA JN.,VARANASI JN.,Tuesday,Weekday
14215,GANGA GOMTI,ALLAHABAD JN.,LUCKNOW JN.,Friday,Weekday
14216,GANGA GOMTI,LUCKNOW JN.,ALLAHABAD JN.,Monday,Weekday
14217,UNCHAHAR EXP,PRAYAG JN.,CHANDIGARH,Wednesday,Weekday
14218,UNCHAHAR EXP,CHANDIGARH,PRAYAG JN.,Saturday,Weekend
14219,BSB-LKO EXPR,VARANASI JN.,LUCKNOW JN.,Wednesday,Weekday
14220,LKO-BSB EXPR,LUCKNOW JN.,VARANASI JN.,Thursday,Weekday
14221,FD-CPA EXPRE,FAIZABAD JN.,KANPUR ANWARGANJ,Monday,Weekday
14222,CPA-FD EXPRE,KANPUR ANWARGANJ,FAIZABAD JN.,Tuesday,Weekday
14227,VARUNA EXPRE,VARANASI JN.,LUCKNOW JN.,Wednesday,Weekday
14228,VARUNA EXP,LUCKNOW JN.,VARANASI JN.,Tuesday,Weekday
14235,VARANASI-BAR,VARANASI JN.,BAREILLY JN.,Wednesday,Weekday
14236,BERELLY VARA,BAREILLY JN.,VARANASI JN.,Tuesday,Weekday
14257,K V EXP,VARANASI JN.,NEW DELHI,Thursday,Weekday
14258,KASHI V EXPR,NEW DELHI,VARANASI JN.,Saturday,Weekend
14260,LKO-MGS EKAT,LUCKNOW JN.,MUGHAL SARAI JN.,Tuesday,Weekday
14265,BSB DDN EXP,VARANASI JN.,DEHRA DUN,Tuesday,Weekday
14266,DDN BSB EXPR,DEHRA DUN,VARANASI JN.,Tuesday,Weekday
14307,PRG -BE PASS,PRAYAG JN.,BAREILLY JN.,Thursday,Weekday
14308,BE-LKO EXP.,BAREILLY JN.,PRAYAG JN.,Thursday,Weekday
14309,UJJAINI EXPR,UJJAIN JN,DEHRA DUN,Saturday,Weekend
14310,UJJAIYANI EX,DEHRA DUN,UJJAIN JN,Saturday,Weekend
14311,BE -NBVJ EXP,BAREILLY JN.,NEW BHUJ,Friday,Weekday
14312,BE - NBVJ,NEW BHUJ,BAREILLY JN.,Sunday,Weekend
14313,LTT-BE EXPRE,LOKMANYA TILAK TERMINUS,BAREILLY JN.,Tuesday,Weekday
14314,LTT-BE EXPRE,BAREILLY JN.,LOKMANYA TILAK TERMINUS,Saturday,Weekend
14315,INTERCITY EX,BAREILLY JN.,NEW DELHI,Tuesday,Weekday
14316,INTERCITY EX,NEW DELHI,BAREILLY JN.,Tuesday,Weekday
14317,IND DDN EXPR,INDORE BG,DEHRA DUN,Wednesday,Weekday
14318,DEHRADUN IND,DEHRA DUN,INDORE BG,Tuesday,Weekday
14319,IND-BE EXPRE,INDORE BG,BAREILLY JN.,Tuesday,Weekday
14320,BE-IND EXPRE,BAREILLY JN.,INDORE BG,Thursday,Weekday
14321,BE - NBVJ EX,BAREILLY JN.,NEW BHUJ,Monday,Weekday
14322,BE - NBVJ,NEW BHUJ,BAREILLY JN.,Tuesday,Weekday
14323,ROK INTERCIT,NEW DELHI,ROHTAK JN.,Sunday,Weekend
14324,NDLS INTERCI,ROHTAK JN.,NEW DELHI,Monday,Weekday
14369,TRIVENI EXPR,SINGRAULI,BAREILLY JN.,Thursday,Weekday
14370,TRIVENI EXP,BAREILLY JN.,SINGRAULI,Thursday,Weekday
14371,TRIBENI EXPR,BARWADIH JN,CHOPAN,Wednesday,Weekday
14372,CHOPAN BARWA,CHOPAN,BARWADIH JN,Monday,Weekday
14501,BTI-JAT EXPR,BATHINDA JN,JAMMU TAWI,Friday,Weekday
14502,JAT-BTI EXPR,JAMMU TAWI,BATHINDA JN,Sunday,Weekend
14503,KLK-SVDK EXP,KALKA,SHRI MATA VAISHNO DEVI KATRA,Monday,Weekday
14504,SVDK-KLK EXP,SHRI MATA VAISHNO DEVI KATRA,KALKA,Thursday,Weekday
14505,ASR-NLDM EXP,AMRITSAR JN.,NANGAL DAM,Saturday,Weekend
14506,NLDM-ASR EXP,NANGAL DAM,AMRITSAR JN.,Sunday,Weekend
14511,NAUCHANDI EX,ALLAHABAD JN.,SAHARANPUR JN.,Monday,Weekday
14512,NAUCHANDI EX,SAHARANPUR JN.,ALLAHABAD JN.,Sunday,Weekend
14519,KISAN EXPRES,DELHI JN.,BATHINDA JN,Saturday,Weekend
14520,KISAN EXPRES,BATHINDA JN,DELHI JN.,Sunday,Weekend
14521,DELHI-AMBALA,DELHI JN.,AMBALA CANTT JN,Sunday,Weekend
14522,AMBALA-DELHI,AMBALA CANTT JN,DELHI JN.,Monday,Weekday
14523,MFP-UMB EXPR,BARAUNI JN.,AMBALA CANTT JN,Thursday,Weekday
14524,UMB-MFP HARI,AMBALA CANTT JN,BARAUNI JN.,Saturday,Weekend
14525,UMB - SGNR I,AMBALA CANTT JN,SHRI GANGANAGAR,Saturday,Weekend
14526,SGNR - UMB I,SHRI GANGANAGAR,AMBALA CANTT JN,Wednesday,Weekday
14545,DLI SRE EXP,FARUKHNAGAR,SAHARANPUR JN.,Friday,Weekday
14546,SRE DLI EXP,SAHARANPUR JN.,FARUKHNAGAR,Friday,Weekday
14553,HIMACHAL EXP,DELHI JN.,AMB ANDAURA,Thursday,Weekday
14554,HIMACHAL EXP,AMB ANDAURA,DELHI JN.,Wednesday,Weekday
14555,BAREILLY EXP,BAREILLY JN.,DELHI JN.,Tuesday,Weekday
14556,BAREILLY EXP,DELHI JN.,BAREILLY JN.,Friday,Weekday
14601,FZR-SGNR EXP,FIROZPUR CANTT JN.,SHRI GANGANAGAR,Monday,Weekday
14602,SGNR-FZR EXP,SHRI GANGANAGAR,FIROZPUR CANTT JN.,Wednesday,Weekday
14603,JANSADHARAN,SAHARSA JN.,AMRITSAR JN.,Friday,Weekday
14604,JANSADHARAN,AMRITSAR JN.,SAHARSA JN.,Saturday,Weekend
14609,HEMKUNT EXP,RISHIKESH,SHRI MATA VAISHNO DEVI KATRA,Sunday,Weekend
14610,HEMKUNT EXP,SHRI MATA VAISHNO DEVI KATRA,RISHIKESH,Monday,Weekday
14611,GCT-SVDK EXP,GHAZIPUR CITY,SHRI MATA VAISHNO DEVI KATRA,Friday,Weekday
14613,CDG-FZR EXP,CHANDIGARH,FIROZPUR CANTT JN.,Monday,Weekday
14614,FZR-CDG- EXP,FIROZPUR CANTT JN.,CHANDIGARH,Monday,Weekday
14615,LKU-ASR EXPR,LALKUA JN.,AMRITSAR JN.,Tuesday,Weekday
14616,ASR-LKU EXPR,AMRITSAR JN.,LALKUA JN.,Wednesday,Weekday
14623,PATALKOT EXP,CHHINWARA JN,DELHI-SARAI ROHILLA,Friday,Weekday
14624,PATALKOT EXP,DELHI-SARAI ROHILLA,CHHINWARA JN,Tuesday,Weekday
14625,DEE-FZR INTE,DELHI-SARAI ROHILLA,FIROZPUR CANTT JN.,Sunday,Weekend
14626,FZR-DEE INTE,FIROZPUR CANTT JN.,DELHI-SARAI ROHILLA,Friday,Weekday
14629,SUTLEJ EXP.,LUDHIANA JN.,FIROZPUR CANTT JN.,Monday,Weekday
14630,FZR-LDH SUTL,FIROZPUR CANTT JN.,LUDHIANA JN.,Wednesday,Weekday
14631,DDN ASR EXPR,DEHRA DUN,AMRITSAR JN.,Tuesday,Weekday
14632,ASR DDN PASS,AMRITSAR JN.,DEHRA DUN,Monday,Weekday
14633,RAVI EXPRESS,AMRITSAR JN.,PATHANKOT JN.,Tuesday,Weekday
14634,RAVI EXPRESS,PATHANKOT JN.,AMRITSAR JN.,Thursday,Weekday
14645,SHALIMAR EXP,DELHI JN.,JAMMU TAWI,Wednesday,Weekday
14646,SHALIMAR EXP,JAMMU TAWI,DELHI JN.,Sunday,Weekend
14649,SARYUYAMUNA,JAYNAGAR,AMRITSAR JN.,Sunday,Weekend
14650,SARYUYAMUNA,AMRITSAR JN.,JAYNAGAR,Tuesday,Weekday
14659,DLI - JSM EX,DELHI JN.,JAISALMER,Saturday,Weekend
14660,JSM - DLI EX,JAISALMER,DELHI JN.,Sunday,Weekend
14661,JU BME EXP,JODHPUR JN.,BARMER,Wednesday,Weekday
14662,BME JU EXPRE,BARMER,JODHPUR JN.,Thursday,Weekday
14673,SHAHEED EXPR,JAYNAGAR,AMRITSAR JN.,Tuesday,Weekday
14674,SHAHEED EXP,AMRITSAR JN.,JAYNAGAR,Friday,Weekday
14681,NDLS-JUC EXP,NEW DELHI,JALANDHAR CITY JN.,Saturday,Weekend
14682,JUC-NDLS EXP,JALANDHAR CITY JN.,NEW DELHI,Wednesday,Weekday
14703,JSM LGH EXP,JAISALMER,LALGARH JN.,Wednesday,Weekday
14704,LGH JSM EXP,LALGARH JN.,JAISALMER,Saturday,Weekend
14707,RANAKPUR EXP,BIKANER JN.,BANDRA TERMINUS,Tuesday,Weekday
14708,RANAKPUR EXP,BANDRA TERMINUS,BIKANER JN.,Wednesday,Weekday
14709,BKN PURI EXP,BIKANER JN.,PURI,Sunday,Weekend
14710,PURI BKN EXP,PURI,BIKANER JN.,Thursday,Weekday
14711,HW SGNR EXP,HARIDWAR JN,SHRI GANGANAGAR,Monday,Weekday
14712,SGNR HW  EXP,SHRI GANGANAGAR,HARIDWAR JN,Sunday,Weekend
14713,SGNR JAT EXP,SHRI GANGANAGAR,JAMMU TAWI,Tuesday,Weekday
14714,JAT SGNR EXP,JAMMU TAWI,SHRI GANGANAGAR,Tuesday,Weekday
14715,HSR HW EXP,HISAR JN,HARIDWAR JN,Saturday,Weekend
14716,HW HSR EXP,HARIDWAR JN,HISAR JN,Thursday,Weekday
14717,BKN HW EXP,BIKANER JN.,HARIDWAR JN,Monday,Weekday
14718,HW BKN EXP,HARIDWAR JN,BIKANER JN.,Tuesday,Weekday
14723,KALINDI EXPR,KANPUR CENTRAL JN.,BHIWANI JN.,Friday,Weekday
14724,KALINDI EXPR,BHIWANI JN.,KANPUR CENTRAL JN.,Thursday,Weekday
14731,DLI FKA EXP,DELHI JN.,FAZILKA JN.,Wednesday,Weekday
14732,FKA DLI EXP,FAZILKA JN.,DELHI JN.,Monday,Weekday
14795,BNW-PNP MAIL,BHIWANI JN.,PANIPAT JN.,Monday,Weekday
14796,PNP-BNW EKTA,PANIPAT JN.,BHIWANI JN.,Sunday,Weekend
14801,JU INDB EXP,JODHPUR JN.,INDORE BG,Tuesday,Weekday
14803,BGKT ADI EXP,BHAGAT-KI-KOTHI,AHMEDABAD,Friday,Weekday
14804,ADI BGKT EXP,AHMEDABAD,BHAGAT-KI-KOTHI,Saturday,Weekend
14805,BARMER AC EX,YESVANTPUR JN.,BARMER,Tuesday,Weekday
14806,BME YPR AC E,BARMER,YESVANTPUR JN.,Saturday,Weekend
14807,JP AWR EXP,JAIPUR JN.,ALWAR JN.,Sunday,Weekend
14808,AWR JP EXP,ALWAR JN.,JAIPUR JN.,Sunday,Weekend
14809,JSM JU EXPRE,JAISALMER,JODHPUR JN.,Friday,Weekday
14810,JU JSM EXPRE,JODHPUR JN.,JAISALMER,Wednesday,Weekday
14811,SIKR DEE EXP,SIKAR JN.,DELHI-SARAI ROHILLA,Friday,Weekday
14812,DEE SIKAR EX,DELHI-SARAI ROHILLA,SIKAR JN.,Friday,Weekday
14853,MARUDHAR EXP,VARANASI JN.,JODHPUR JN.,Monday,Weekday
14854,MARUDHAR EXP,JODHPUR JN.,VARANASI JN.,Thursday,Weekday
14863,MARUDHAR EXP,VARANASI JN.,JODHPUR JN.,Saturday,Weekend
14864,MARUDHAR EXP,JODHPUR JN.,VARANASI JN.,Wednesday,Weekday
14865,MARUDHAR EXP,VARANASI JN.,JODHPUR JN.,Saturday,Weekend
14866,MARUDHAR EXP,JODHPUR JN.,VARANASI JN.,Saturday,Weekend
14887,KLK BME EXPR,KALKA,BARMER,Wednesday,Weekday
14888,BARMER  KLK,BARMER,KALKA,Saturday,Weekend
14889,JU MBF LINK,BHAGAT-KI-KOTHI,MUNABAO,Tuesday,Weekday
14890,MBF BGKT EXP,MUNABAO,BHAGAT-KI-KOTHI,Sunday,Weekend
15001,MFP DDN EXP,MUZAFFARPUR JN.,DEHRA DUN,Friday,Weekday
15002,DDN MFP EXP,DEHRA DUN,MUZAFFARPUR JN.,Thursday,Weekday
15003,CHAURICHAURA,KANPUR ANWARGANJ,GORAKHPUR JN.,Friday,Weekday
15004,CHAURICHAURA,GORAKHPUR JN.,KANPUR ANWARGANJ,Friday,Weekday
15005,GKP DDN EXPR,GORAKHPUR JN.,DEHRA DUN,Friday,Weekday
15006,DDN GKP EXP,DEHRA DUN,GORAKHPUR JN.,Thursday,Weekday
15007,KRISHAK EXPR,VARANASI CITY,LUCKNOW JN.,Wednesday,Weekday
15008,KRISHAK EXPR,LUCKNOW JN.,VARANASI CITY,Tuesday,Weekday
15009,GKP-GTNR-EXP,GORAKHPUR JN.,GOMTINAGAR F,Sunday,Weekend
15011,LJN-SRE EXP,LUCKNOW JN.,CHANDIGARH,Wednesday,Weekday
15012,LJN SRE EXP,CHANDIGARH,LUCKNOW JN.,Saturday,Weekend
15013,RANIKHET EXP,JAISALMER,KATHGODAM,Wednesday,Weekday
15014,RANIKHET EXP,KATHGODAM,JAISALMER,Thursday,Weekday
15015,GKP- YPR EXP,GORAKHPUR JN.,YESVANTPUR JN.,Thursday,Weekday
15016,YPR - GKP EX,YESVANTPUR JN.,GORAKHPUR JN.,Wednesday,Weekday
15017,KASHI EXP,LOKMANYA TILAK TERMINUS,GORAKHPUR JN.,Sunday,Weekend
15018,GKP-LTT EXPR,GORAKHPUR JN.,LOKMANYA TILAK TERMINUS,Wednesday,Weekday
15019,GKP-NTV-EXP,GORAKHPUR JN.,NAUTANWA,Thursday,Weekday
15020,NTV-GKP-EXP,NAUTANWA,GORAKHPUR JN.,Tuesday,Weekday
15021,SHALIMAR-GOR,SHALIMAR,GORAKHPUR JN.,Friday,Weekday
15022,GORAKHPUR-SH,GORAKHPUR JN.,SHALIMAR,Saturday,Weekend
15023,GKP-YPR-EXP,GORAKHPUR JN.,YESVANTPUR JN.,Friday,Weekday
15024,YPR-GKP-EXP,YESVANTPUR JN.,GORAKHPUR JN.,Wednesday,Weekday
15025,MAU-ANVT EXP,MAU JN.,ANAND VIHAR TERMINAL,Saturday,Weekend
15026,ANVR-MAU-EXP,ANAND VIHAR TERMINAL,MAU JN.,Saturday,Weekend
15027,MAURYA EXP,HATIA,GORAKHPUR JN.,Tuesday,Weekday
15028,MAURYA EXPRE,GORAKHPUR JN.,HATIA,Tuesday,Weekday
15029,GKP-PUNE-EXP,GORAKHPUR JN.,PUNE JN.,Wednesday,Weekday
15030,PUNE-GKP-EXP,PUNE JN.,GORAKHPUR JN.,Saturday,Weekend
15033,HW-RMR EXP,HARIDWAR JN,RAMNAGAR,Saturday,Weekend
15034,RMR-HW EXP,RAMNAGAR,HARIDWAR JN,Monday,Weekday
15035,UTR SAMPARK,DELHI JN.,KATHGODAM,Sunday,Weekend
15036,UTR SAMPRK K,KATHGODAM,DELHI JN.,Sunday,Weekend
15037,CNB-KSJ-EXP,KANPUR CENTRAL JN.,KASGANJ JN.,Wednesday,Weekday
15038,KSJ-CNB-EXP,KASGANJ JN.,KANPUR CENTRAL JN.,Thursday,Weekday
15039,FBD-KSJ-EXP,FARRUKHABAD JN,KASGANJ JN.,Wednesday,Weekday
15040,KSJ-FBD-EXP,KASGANJ JN.,FARRUKHABAD JN,Monday,Weekday
15041,FBD-KSJ-EXP,FARRUKHABAD JN,KASGANJ JN.,Sunday,Weekend
15042,KSJ-FBD-EXP,KASGANJ JN.,FARRUKHABAD JN,Wednesday,Weekday
15043,LJN-KGM EXPR,LUCKNOW JN.,KATHGODAM,Monday,Weekday
15044,KGM-LJN EXPR,KATHGODAM,LUCKNOW JN.,Thursday,Weekday
15045,GKP - OKHA E,GORAKHPUR JN.,OKHA,Monday,Weekday
15046,OKHA-GKP EXP,OKHA,GORAKHPUR JN.,Thursday,Weekday
15047,PURBANCHAL E,KOLKATA,GORAKHPUR JN.,Sunday,Weekend
15048,PURVANCHAL E,GORAKHPUR JN.,KOLKATA,Friday,Weekday
15049,KKK-GKP EXP,KOLKATA,GORAKHPUR JN.,Thursday,Weekday
15050,GKP KKK  EXP,GORAKHPUR JN.,KOLKATA,Sunday,Weekend
15051,KKK GKP EXPR,KOLKATA,GORAKHPUR JN.,Monday,Weekday
15052,GKP KKKEXPRE,GORAKHPUR JN.,KOLKATA,Monday,Weekday
15053,CPR-LJN-EXP,CHHAPRA JN.,LUCKNOW JN.,Wednesday,Weekday
15054,LJN-CPR-EXP,LUCKNOW JN.,CHHAPRA JN.,Tuesday,Weekday
15055,RMR-AF WEEKL,AGRA FORT,RAMNAGAR,Wednesday,Weekday
15056,RMR-AF WEEKL,RAMNAGAR,AGRA FORT,Sunday,Weekend
15057,GKP-ANVT-EXP,GORAKHPUR JN.,ANAND VIHAR TERMINAL,Tuesday,Weekday
15058,ANVT-GKP EXP,ANAND VIHAR TERMINAL,GORAKHPUR JN.,Saturday,Weekend
15059,LKU-ANVT EXP,LALKUA JN.,ANAND VIHAR TERMINAL,Monday,Weekday
15060,ANVT-LKU,ANAND VIHAR TERMINAL,LALKUA JN.,Thursday,Weekday
15063,GKP-LTT EXP,GORAKHPUR JN.,LOKMANYA TILAK TERMINUS,Sunday,Weekend
15064,LTT-GKP EXP,LOKMANYA TILAK TERMINUS,GORAKHPUR JN.,Saturday,Weekend
15065,GKP-PNVL EXP,GORAKHPUR JN.,PANVEL,Thursday,Weekday
15066,PNVL-GKP EXP,PANVEL,GORAKHPUR JN.,Tuesday,Weekday
15067,GKP-BDTS EXP,GORAKHPUR JN.,BANDRA TERMINUS,Wednesday,Weekday
15068,BDTS-GKP EXP,BANDRA TERMINUS,GORAKHPUR JN.,Saturday,Weekend
15069,GKP-GTNR INT,GORAKHPUR JN.,BADSHAHNAGAR,Friday,Weekday
15070,BNZ-GKP INTE,BADSHAHNAGAR,GORAKHPUR JN.,Saturday,Weekend
15097,AMARNATH EXP,BHAGALPUR,JAMMU TAWI,Tuesday,Weekday
15098,AMARNATH EXP,JAMMU TAWI,BHAGALPUR,Thursday,Weekday
15101,JANSADHARAN,CHHAPRA JN.,CST-MUMBAI,Sunday,Weekend
15102,JANSADHARN,CST-MUMBAI,CHHAPRA JN.,Sunday,Weekend
15103,INTERCITY EX,GORAKHPUR JN.,MANDUADIH,Monday,Weekday
15104,INTERCITY EX,MANDUADIH,GORAKHPUR JN.,Friday,Weekday
15105,INTERCITY EX,CHHAPRA JN.,GORAKHPUR JN.,Wednesday,Weekday
15106,INTERCITY EX,GORAKHPUR JN.,CHHAPRA JN.,Tuesday,Weekday
15111,CPR-BCY- INT,CHHAPRA JN.,VARANASI CITY,Saturday,Weekend
15112,BCY-CPR- INT,VARANASI CITY,CHHAPRA JN.,Wednesday,Weekday
15115,LOKNAYAK EXP,CHHAPRA JN.,DELHI JN.,Thursday,Weekday
15116,LOKNAYAK EXP,DELHI JN.,CHHAPRA JN.,Thursday,Weekday
15117,MUV-JBP EXPR,MANDUADIH,JABALPUR,Sunday,Weekend
15118,JBP-MUV EXPR,JABALPUR,MANDUADIH,Sunday,Weekend
15119,RMM-MUV EXPR,RAMESWARAM,MANDUADIH,Thursday,Weekday
15120,MUV-RMM EXPR,MANDUADIH,RAMESWARAM,Saturday,Weekend
15159,SARNATH EXPR,CHHAPRA JN.,DURG,Monday,Weekday
15160,SARNATH EXP.,DURG,CHHAPRA JN.,Friday,Weekday
15201,PPTA-RXL-NKE,PATLIPUTRA,RAXAUL JN.,Thursday,Weekday
15202,RXL-NKE-PPTA,RAXAUL JN.,PATLIPUTRA,Thursday,Weekday
15203,BARAUNI LUCK,BARAUNI JN.,LUCKNOW JN.,Tuesday,Weekday
15204,LUCKNOW-BARA,LUCKNOW JN.,BARAUNI JN.,Friday,Weekday
15205,CHITRAKOOT E,LUCKNOW JN.,JABALPUR,Sunday,Weekend
15206,CHITRAKOOT E,JABALPUR,LUCKNOW JN.,Tuesday,Weekday
15209,SHC-ASR JANS,SAHARSA JN.,AMRITSAR JN.,Thursday,Weekday
15210,ASR-SHC JANS,AMRITSAR JN.,SAHARSA JN.,Saturday,Weekend
15211,DBG-ASR JANN,DARBHANGA JN.,AMRITSAR JN.,Thursday,Weekday
15212,ASR- DBG JAN,AMRITSAR JN.,DARBHANGA JN.,Monday,Weekday
15215,EXPRESS,MUZAFFARPUR JN.,NARKATIAGANJ JN.,Tuesday,Weekday
15216,EXPRESS,NARKATIAGANJ JN.,MUZAFFARPUR JN.,Friday,Weekday
15227,YPR-MFP EXP,YESVANTPUR JN.,MUZAFFARPUR JN.,Thursday,Weekday
15228,MUZAFFARPUR-,MUZAFFARPUR JN.,YESVANTPUR JN.,Wednesday,Weekday
15231,BJU - GONDIA,BARAUNI JN.,GONDIA JN.,Saturday,Weekend
15232,GONDIA - BJU,GONDIA JN.,BARAUNI JN.,Saturday,Weekend
15233,KOLKATA-DARB,KOLKATA,DARBHANGA JN.,Wednesday,Weekday
15234,DARBHANGA-KO,DARBHANGA JN.,KOLKATA,Sunday,Weekend
15235,HWH-DBG EXPR,HOWRAH JN.,DARBHANGA JN.,Thursday,Weekday
15236,DBG-HWH EXPR,DARBHANGA JN.,HOWRAH JN.,Saturday,Weekend
15267,RXL-LTT JANS,RAXAUL JN.,LOKMANYA TILAK TERMINUS,Sunday,Weekend
15268,LTT-RXL JANS,LOKMANYA TILAK TERMINUS,RAXAUL JN.,Thursday,Weekday
15269,MFP-ADI JANS,MUZAFFARPUR JN.,AHMEDABAD,Sunday,Weekend
15270,ADI-MFP JANS,AHMEDABAD,MUZAFFARPUR JN.,Saturday,Weekend
15271,MFP-HWH JANS,HOWRAH JN.,MUZAFFARPUR JN.,Tuesday,Weekday
15272,HWH-MFP JANS,MUZAFFARPUR JN.,HOWRAH JN.,Sunday,Weekend
15273,RXL-DLI SATY,RAXAUL JN.,ANAND VIHAR TERMINAL,Thursday,Weekday
15274,SATYAGRAH EX,ANAND VIHAR TERMINAL,RAXAUL JN.,Friday,Weekday
15275,SHC-BJU EXPR,SAHARSA JN.,BARAUNI JN.,Sunday,Weekend
15276,BJU-SHC EXPR,BARAUNI JN.,SAHARSA JN.,Monday,Weekday
15279,POORBIYA EXP,SAHARSA JN.,ANAND VIHAR TERMINAL,Saturday,Weekend
15280,POORBIYA EXP,ANAND VIHAR TERMINAL,SAHARSA JN.,Wednesday,Weekday
15283,KIR-JYG JANK,KATIHAR JN.,JAYNAGAR,Thursday,Weekday
15284,JYG-KIR JANK,JAYNAGAR,KATIHAR JN.,Friday,Weekday
15417,APDJ-SHTT RA,ALIPUR DUAR JN.,SILGHAT TOWN,Friday,Weekday
15418,SHTT-APDJ RA,SILGHAT TOWN,ALIPUR DUAR JN.,Monday,Weekday
15463,BLGT - SGUJ,BALURGHAT,SILIGURI JN.,Friday,Weekday
15464,SGUJ - BLGT,SILIGURI JN.,BALURGHAT,Friday,Weekday
15483,SIKKIM MAHAN,ALIPUR DUAR JN.,DELHI JN.,Friday,Weekday
15484,SIKKIM MAHAN,DELHI JN.,ALIPUR DUAR JN.,Thursday,Weekday
15529,SHC-ANVT JSA,SAHARSA JN.,ANAND VIHAR TERMINAL,Friday,Weekday
15530,ANVT-SHC JSA,ANAND VIHAR TERMINAL,SAHARSA JN.,Saturday,Weekend
15531,SHC-ASR JSAD,SAHARSA JN.,AMRITSAR JN.,Tuesday,Weekday
15532,ASR-SHC JSAD,AMRITSAR JN.,SAHARSA JN.,Saturday,Weekend
15547,JYG-LTT JANS,JAYNAGAR,LOKMANYA TILAK TERMINUS,Wednesday,Weekday
15548,LTT-JYG JANS,LOKMANYA TILAK TERMINUS,JAYNAGAR,Tuesday,Weekday
15549,JYG-PNBE-JYG,JAYNAGAR,PATNA JN.,Wednesday,Weekday
15550,JYG-PNBE-JYG,PATNA JN.,JAYNAGAR,Thursday,Weekday
15559,DBG-ADI JANS,DARBHANGA JN.,AHMEDABAD,Sunday,Weekend
15560,ADI-DBG JANS,AHMEDABAD,DARBHANGA JN.,Saturday,Weekend
15563,JYG-UDN ANTY,JAYNAGAR,UDHNA JN.,Wednesday,Weekday
15564,UDN-JYG ANTY,UDHNA JN.,JAYNAGAR,Sunday,Weekend
15601,SCL - NDLS,SILCHAR,NEW DELHI,Tuesday,Weekday
15602,NDLS - SCL P,NEW DELHI,SILCHAR,Saturday,Weekend
15603,INTER CITY E,GUWAHATI,LEDO,Tuesday,Weekday
15604,INTER CITY E,LEDO,GUWAHATI,Monday,Weekday
15605,KYQ-DBRG IC,FURKATING JN.,DIBRUGARH,Saturday,Weekend
15606,DBRG KYQ IC,DIBRUGARH,FURKATING JN.,Sunday,Weekend
15613,LACHIT EXPRE,KAMAKHYA JN,MURKEONG SELEK,Thursday,Weekday
15614,LACHIT EXPRE,MURKEONG SELEK,KAMAKHYA JN,Saturday,Weekend
15617,DONYI POLO E,GUWAHATI,NAHARLAGUN,Monday,Weekday
15618,DONYI POLO E,NAHARLAGUN,GUWAHATI,Thursday,Weekday
15619,GAYA-KYQ EXP,GAYA JN.,KAMAKHYA JN,Friday,Weekday
15620,KYQ-GAYA EXP,KAMAKHYA JN,GAYA JN.,Thursday,Weekday
15621,KYQ - ANVT E,KAMAKHYA JN,ANAND VIHAR TERMINAL,Saturday,Weekend
15622,ANVT - KYQ E,ANAND VIHAR TERMINAL,KAMAKHYA JN,Sunday,Weekend
15623,BGKT KYQ WEE,BHAGAT-KI-KOTHI,KAMAKHYA JN,Saturday,Weekend
15624,KYQ BGKT WEE,KAMAKHYA JN,BHAGAT-KI-KOTHI,Friday,Weekday
15629,TBM-GHY EXPR,TAMBARAM,GUWAHATI,Friday,Weekday
15630,GHY-TBM EXPR,GUWAHATI,TAMBARAM,Sunday,Weekend
15631,BME-BKN GHY,BARMER,GUWAHATI,Wednesday,Weekday
15632,GHY BME-BKN,GUWAHATI,BARMER,Sunday,Weekend
15635,DWARKA EXPRE,OKHA,GUWAHATI,Sunday,Weekend
15636,DWARKA EXPRE,GUWAHATI,OKHA,Friday,Weekday
15639,PURI - KYQ E,PURI,KAMAKHYA JN,Wednesday,Weekday
15640,KYQ - PURI E,KAMAKHYA JN,PURI,Monday,Weekday
15643,PURI-KYQ EXP,PURI,KAMAKHYA JN,Sunday,Weekend
15644,KYQ-PURI  EX,KAMAKHYA JN,PURI,Wednesday,Weekday
15645,LTT-GHY EXP,LOKMANYA TILAK TERMINUS,GUWAHATI,Wednesday,Weekday
15646,GHY-LTT EXP,GUWAHATI,LOKMANYA TILAK TERMINUS,Monday,Weekday
15647,LTT-GHY EXP,LOKMANYA TILAK TERMINUS,GUWAHATI,Monday,Weekday
15648,GHY-LTT EXP,GUWAHATI,LOKMANYA TILAK TERMINUS,Tuesday,Weekday
15651,GHY-JAT LOHI,GUWAHATI,JAMMU TAWI,Sunday,Weekend
15652,GHY-JAT LOHI,JAMMU TAWI,GUWAHATI,Friday,Weekday
15653,AMARNATH EXP,GUWAHATI,JAMMU TAWI,Tuesday,Weekday
15654,JAMMU GHY EX,JAMMU TAWI,GUWAHATI,Tuesday,Weekday
15655,KYQ - SVDK E,KAMAKHYA JN,SHRI MATA VAISHNO DEVI KATRA,Saturday,Weekend
15656,SVDK - KYQ E,SHRI MATA VAISHNO DEVI KATRA,KAMAKHYA JN,Monday,Weekday
15657,KANCHAN JUNG,SEALDAH,GUWAHATI,Sunday,Weekend
15658,KUNCHANJUNGH,GUWAHATI,SEALDAH,Friday,Weekday
15659,SDAH - AGTL,SEALDAH,AGARTALA,Sunday,Weekend
15660,AGTL - SDAH,AGARTALA,SEALDAH,Monday,Weekday
15661,RNC-KYQ EXPR,RANCHI,KAMAKHYA JN,Friday,Weekday
15662,KYQ-RNC EXPR,KAMAKHYA JN,RANCHI,Friday,Weekday
15665,KYQ - DMV BG,GUWAHATI,DIMAPUR,Thursday,Weekday
15666,DMV-KYQ BG E,DIMAPUR,GUWAHATI,Friday,Weekday
15667,GADHIDHAM-KA,GANDHIDHAM JN.,KAMAKHYA JN,Saturday,Weekend
15668,KAMAKHYA-GAN,KAMAKHYA JN,GANDHIDHAM JN.,Friday,Weekday
15669,KYQ - DMV EX,GUWAHATI,DIMAPUR,Thursday,Weekday
15670,DMV - KYQ NA,DIMAPUR,GUWAHATI,Monday,Weekday
15707,KIR-ASR EXPR,KATIHAR JN.,AMRITSAR JN.,Wednesday,Weekday
15708,ASR-KIR EXPR,AMRITSAR JN.,KATIHAR JN.,Sunday,Weekend
15711,HWH-KIR EXPR,HOWRAH JN.,KATIHAR JN.,Monday,Weekday
15712,KIR-HWH EXPR,KATIHAR JN.,HOWRAH JN.,Friday,Weekday
15713,INTERCITY EX,KATIHAR JN.,PATNA JN.,Wednesday,Weekday
15714,INTERCITY EX,PATNA JN.,KATIHAR JN.,Wednesday,Weekday
15715,GAREEB NAWAJ,KISHANGANJ,AJMER JN.,Saturday,Weekend
15716,GAREEB NAWAJ,AJMER JN.,KISHANGANJ,Tuesday,Weekday
15717,GHY-MXN I/C,GUWAHATI,MARIANI JN.,Sunday,Weekend
15718,MXN-GHY I/C,MARIANI JN.,GUWAHATI,Tuesday,Weekday
15719,KIR-SGUJ INT,KATIHAR JN.,SILIGURI JN.,Thursday,Weekday
15720,SGUJ-KIR INT,SILIGURI JN.,KATIHAR JN.,Wednesday,Weekday
15721,PAHARIA EXPR,DIGHA FS,NEW JALPAIGURI JN,Tuesday,Weekday
15722,PAHARIA EXPR,NEW JALPAIGURI JN,DIGHA FS,Sunday,Weekend
15723,NJP - SMI WE,NEW JALPAIGURI JN,SITAMARHI,Sunday,Weekend
15724,SMI - NJP WE,SITAMARHI,NEW JALPAIGURI JN,Saturday,Weekend
15765,SGUJ-DBB INT,SILIGURI JN.,DHUBRI,Wednesday,Weekday
15766,DBB - SGUJ I,DHUBRI,SILIGURI JN.,Thursday,Weekday
15767,NJP - APDJ I,SILIGURI JN.,ALIPUR DUAR JN.,Monday,Weekday
15768,APDJ - NJP I,ALIPUR DUAR JN.,SILIGURI JN.,Sunday,Weekend
15769,APDJ - LMG I,ALIPUR DUAR JN.,LUMDING JN.,Monday,Weekday
15770,LMG - APDJ I,LUMDING JN.,ALIPUR DUAR JN.,Thursday,Weekday
15771,APDJ-KYQ I/C,ALIPUR DUAR JN.,KAMAKHYA JN,Tuesday,Weekday
15772,KYQ - APDJ I,KAMAKHYA JN,ALIPUR DUAR JN.,Monday,Weekday
15815,KYQ-DKGN INT,KAMAKHYA JN,DEKARGAON,Saturday,Weekend
15816,DKGN-KYQ INT,DEKARGAON,KAMAKHYA JN,Monday,Weekday
15903,DBRG-CDG EXP,DIBRUGARH,CHANDIGARH,Wednesday,Weekday
15904,CDG-DBRG EXP,CHANDIGARH,DIBRUGARH,Tuesday,Weekday
15905,CAPE - DBRG,KANNIYAKUMARI,DIBRUGARH,Tuesday,Weekday
15906,DBRG - CAPE,DIBRUGARH,KANNIYAKUMARI,Wednesday,Weekday
15909,AVADH ASSAM,DIBRUGARH,LALGARH JN.,Saturday,Weekend
15927,RNY - NTSK E,RANGIYA JN.,NEW TINSUKIA JN,Wednesday,Weekday
15928,NTSK - RNY E,NEW TINSUKIA JN,RANGIYA JN.,Tuesday,Weekday
15929,TBM-DBRG EXP,TAMBARAM,DIBRUGARH,Saturday,Weekend
15930,DBRG-TBM EXP,DIBRUGARH,TAMBARAM,Sunday,Weekend
15933,DBRG-ASR EXP,DIBRUGARH,AMRITSAR JN.,Tuesday,Weekday
15934,ASR-DBRG EXP,AMRITSAR JN.,DIBRUGARH,Friday,Weekday
15941,JAJ-DBRG EXP,JHAJHA,DIBRUGARH,Friday,Weekday
15942,DBRG-JAJ EXP,DIBRUGARH,JHAJHA,Saturday,Weekend
15959,KAMRUP EXPRE,HOWRAH JN.,DIBRUGARH,Wednesday,Weekday
15960,KAMRUP EXPRE,DIBRUGARH,HOWRAH JN.,Tuesday,Weekday
15967,RNY-DBRG EXP,RANGIYA JN.,DIBRUGARH,Sunday,Weekend
15968,DBRG - RNY S,DIBRUGARH,RANGIYA JN.,Monday,Weekday
16003,MAS-NSL WKLY,CHENNAI CENTRAL,NAGARSOL,Friday,Weekday
16004,NSL-MAS WKLY,NAGARSOL,CHENNAI CENTRAL,Tuesday,Weekday
16021,KAVERI EXPRE,CHENNAI CENTRAL,MYSORE JN.,Friday,Weekday
16022,MYS-MAS KAVE,MYSORE JN.,CHENNAI CENTRAL,Wednesday,Weekday
16023,MYS-YPR EXPR,MYSORE JN.,YESVANTPUR JN.,Saturday,Weekend
16024,YPR-MYS EXPR,YESVANTPUR JN.,MYSORE JN.,Monday,Weekday
16031,MAS-SVDK AND,CHENNAI CENTRAL,SHRI MATA VAISHNO DEVI KATRA,Monday,Weekday
16032,SVDK-MAS AND,SHRI MATA VAISHNO DEVI KATRA,CHENNAI CENTRAL,Sunday,Weekend
16053,MAS-TPTY EXP,CHENNAI CENTRAL,TIRUPATI,Monday,Weekday
16054,TPTY-MAS EXP,TIRUPATI,CHENNAI CENTRAL,Sunday,Weekend
16057,MAS-TPTY SAP,CHENNAI CENTRAL,TIRUPATI,Friday,Weekday
16058,SAPTAGIRI EX,TIRUPATI,CHENNAI CENTRAL,Monday,Weekday
16085,AJJ-JTJ EXP,ARAKKONAM JN,JOLARPETTAI JN,Saturday,Weekend
16086,JTJ-AJJ  EXP,JOLARPETTAI JN,ARAKKONAM JN,Saturday,Weekend
16089,MAS-TPT YELA,CHENNAI CENTRAL,JOLARPETTAI JN,Monday,Weekday
16090,YELAGIRI EXP,JOLARPETTAI JN,CHENNAI CENTRAL,Saturday,Weekend
16093,MAS-LJN EXPR,CHENNAI CENTRAL,LUCKNOW JN.,Saturday,Weekend
16094,LJN - MAS EX,LUCKNOW JN.,CHENNAI CENTRAL,Saturday,Weekend
16101,MS-RMM EXP,CHENNAI EGMORE,RAMESWARAM,Sunday,Weekend
16102,RMM MS EXP,RAMESWARAM,CHENNAI EGMORE,Sunday,Weekend
16105,MS - TCN EXP,CHENNAI EGMORE,TIRUCHENDUR,Tuesday,Weekday
16106,TCN - MS EXP,TIRUCHENDUR,CHENNAI EGMORE,Monday,Weekday
16115,MS-PDY EXP,CHENNAI EGMORE,PONDICHERRY,Tuesday,Weekday
16116,PDY-MS EXP,PONDICHERRY,CHENNAI EGMORE,Wednesday,Weekday
16127,MS GURUVAYUR,CHENNAI EGMORE,GURUVAYUR,Sunday,Weekend
16128,GUV CHENNAI,GURUVAYUR,CHENNAI EGMORE,Monday,Weekday
16129,MEJ-TN LINK,VANCHI MANIYACHCHI JN,TUTICORIN,Tuesday,Weekday
16130,TN-MEJ LINK,TUTICORIN,VANCHI MANIYACHCHI JN,Wednesday,Weekday
16175,MS-KIK EXP,CHENNAI EGMORE,KARAIKAL,Wednesday,Weekday
16176,KIK-MS EXP,KARAIKAL,CHENNAI EGMORE,Saturday,Weekend
16179,MS-MQ,CHENNAI EGMORE,MANNARGUDI,Tuesday,Weekday
16180,MQ-MS,MANNARGUDI,CHENNAI EGMORE,Wednesday,Weekday
16181,MS-SCT SILAM,CHENNAI EGMORE,SENGOTTAI JN,Thursday,Weekday
16182,SCT-MS SILAM,SENGOTTAI JN,CHENNAI EGMORE,Sunday,Weekend
16183,UZHAVAN EXPR,CHENNAI EGMORE,THANJAVUR JN.,Friday,Weekday
16184,UZHAVAN EXPR,THANJAVUR JN.,CHENNAI EGMORE,Thursday,Weekday
16185,NGT-VLNK LIN,NAGAPPATTINAM,VELANKANNI,Wednesday,Weekday
16186,VLNK-NGT LIN,VELANKANNI,NAGAPPATTINAM,Sunday,Weekend
16187,KIK-ERSEXP,KARAIKAL,ERNAKULAM. JN,Saturday,Weekend
16188,ERS-KIK EXP,ERNAKULAM. JN,KARAIKAL,Sunday,Weekend
16203,MAS-TPTY EXP,CHENNAI CENTRAL,TIRUPATI,Friday,Weekday
16204,TPTY-MAS EXP,TIRUPATI,CHENNAI CENTRAL,Saturday,Weekend
16205,TLGP-MYS INT,TALGUPPA,MYSORE JN.,Saturday,Weekend
16206,MYS-TLGP INT,MYSORE JN.,TALGUPPA,Wednesday,Weekday
16209,AII MYS EXPR,AJMER JN.,MYSORE JN.,Sunday,Weekend
16210,AJMER EXPRES,MYSORE JN.,AJMER JN.,Tuesday,Weekday
16215,MYS-SBC CHAM,MYSORE JN.,KRANTIVIRA SANGOLLI RAYANNA (BENGALURU STATION),Friday,Weekday
16216,CHAMUNDI EXP,KRANTIVIRA SANGOLLI RAYANNA (BENGALURU STATION),MYSORE JN.,Friday,Weekday
16217,MYS-SNSI EXP,MYSORE JN.,SAI NAGAR SHIRDI,Saturday,Weekend
16218,SNSI-MYS EXP,SAI NAGAR SHIRDI,MYSORE JN.,Sunday,Weekend
16227,MYS-TLGP EXP,MYSORE JN.,TALGUPPA,Sunday,Weekend
16228,TLGP-MYS EXP,TALGUPPA,MYSORE JN.,Friday,Weekday
16229,MYS-BSB BI-W,MYSORE JN.,VARANASI JN.,Tuesday,Weekday
16231,MV-MYSORE  E,MAYILADUTURAI JN.,MYSORE JN.,Tuesday,Weekday
16232,MAYILADUTARA,MYSORE JN.,MAYILADUTURAI JN.,Wednesday,Weekday
16233,MV-TPJ EXPRE,MAYILADUTURAI JN.,TIRUCHIRAPPALLI JN.,Thursday,Weekday
16234,TPJ-MV EXPRE,TIRUCHIRAPPALLI JN.,MAYILADUTURAI JN.,Sunday,Weekend
16235,TN-MYS EXP,TUTICORIN,MYSORE JN.,Wednesday,Weekday
16301,VENAD EXPRES,SHORANUR JN.,TRIVANDRUM CENTRAL,Wednesday,Weekday
16302,TVC-SRR VENA,TRIVANDRUM CENTRAL,SHORANUR JN.,Monday,Weekday
16303,ERS-TVC VANC,ERNAKULAM. JN,TRIVANDRUM CENTRAL,Saturday,Weekend
16304,TVC-ERS VANC,TRIVANDRUM CENTRAL,ERNAKULAM. JN,Friday,Weekday
16305,ERS-CANNANOR,ERNAKULAM. JN,KANNUR,Monday,Weekday
16306,CAN-ERS INTE,KANNUR,ERNAKULAM. JN,Friday,Weekday
16307,ALLP-CAN CAN,ALLEPPEY,KANNUR,Monday,Weekday
16308,CAN-ALLEPPEY,KANNUR,ALLEPPEY,Sunday,Weekend
16311,BKN KCVL EXP,BIKANER JN.,KOCHUVELI,Sunday,Weekend
16312,KCVL-BKN  EX,KOCHUVELI,BIKANER JN.,Thursday,Weekday
16313,ALLP-CAN EXP,ALLEPPEY,KANNUR,Friday,Weekday
16314,CAN-ALLP EXP,KANNUR,ALLEPPEY,Thursday,Weekday
16315,SBC-KCVL EXP,KRANTIVIRA SANGOLLI RAYANNA (BENGALURU STATION),KOCHUVELI,Saturday,Weekend
16316,KCVL-SBC EXP,KOCHUVELI,KRANTIVIRA SANGOLLI RAYANNA (BENGALURU STATION),Tuesday,Weekday
16317,CAPE-SVDK HI,KANNIYAKUMARI,SHRI MATA VAISHNO DEVI KATRA,Thursday,Weekday
16318,SVDK-CAPE HI,SHRI MATA VAISHNO DEVI KATRA,KANNIYAKUMARI,Wednesday,Weekday
16331,TRIVANDRAM,CST-MUMBAI,TRIVANDRUM CENTRAL,Sunday,Weekend
16332,TVC-CSMT  EX,TRIVANDRUM CENTRAL,CST-MUMBAI,Wednesday,Weekday
16333,VRL TVC EXPR,VERAVAL,TRIVANDRUM CENTRAL,Tuesday,Weekday
16334,VERAVAL EXPR,TRIVANDRUM CENTRAL,VERAVAL,Thursday,Weekday
16335,NAGERCOIL EX,GANDHIDHAM JN.,NAGERCOIL JN.,Monday,Weekday
16336,GANDHIDHAM E,NAGERCOIL JN.,GANDHIDHAM JN.,Friday,Weekday
16337,OKHA ERS EXP,OKHA,ERNAKULAM. JN,Wednesday,Weekday
16338,HA EXPRESS,ERNAKULAM. JN,OKHA,Friday,Weekday
16339,CSMT-NCJ  EX,CST-MUMBAI,NAGERCOIL JN.,Thursday,Weekday
16340,NCJ-CSMT EXP,NAGERCOIL JN.,CST-MUMBAI,Saturday,Weekend
16341,GUV-TVC INTE,GURUVAYUR,TRIVANDRUM CENTRAL,Saturday,Weekend
16342,TVC-GUV INTE,TRIVANDRUM CENTRAL,GURUVAYUR,Wednesday,Weekday
16343,TVC-MDU AMRI,TRIVANDRUM CENTRAL,MADURAI JN,Friday,Weekday
16344,MDU-TVC AMRI,MADURAI JN,TRIVANDRUM CENTRAL,Thursday,Weekday
16345,NETRAVATI EX,LOKMANYA TILAK TERMINUS,TRIVANDRUM CENTRAL,Friday,Weekday
16346,NETRAVATHI E,TRIVANDRUM CENTRAL,LOKMANYA TILAK TERMINUS,Sunday,Weekend
16347,TVC-MAQ EXPR,TRIVANDRUM CENTRAL,MANGALORE CENTRAL,Thursday,Weekday
16348,MAQ-TVC EXPR,MANGALORE CENTRAL,TRIVANDRUM CENTRAL,Saturday,Weekend
16349,SRR-NIL EXP,SHORANUR JN.,NILAMBUR ROAD,Thursday,Weekday
16350,NIL-SRR EXP,NILAMBUR ROAD,SHORANUR JN.,Sunday,Weekend
16351,CSMT- NCJ EX,CST-MUMBAI,NAGERCOIL JN.,Saturday,Weekend
16352,NCJ-CSMT EXP,NAGERCOIL JN.,CST-MUMBAI,Saturday,Weekend
16353,KCG NCJ EXP,KACHEGUDA,NAGERCOIL JN.,Tuesday,Weekday
16354,NCJ-KCG KACH,NAGERCOIL JN.,KACHEGUDA,Wednesday,Weekday
16359,ERS PATNA EX,ERNAKULAM. JN,PATNA JN.,Saturday,Weekend
16360,PNBE-ERS EXP,PATNA JN.,ERNAKULAM. JN,Monday,Weekday
16381,KANYAKUMARI,CST-MUMBAI,KANNIYAKUMARI,Thursday,Weekday
16382,CAPE MUMBAI,KANNIYAKUMARI,CST-MUMBAI,Wednesday,Weekday
16501,ADI -SBC EXP,AHMEDABAD,YESVANTPUR JN.,Tuesday,Weekday
16502,SBC-AHMADABA,YESVANTPUR JN.,AHMEDABAD,Thursday,Weekday
16505,GIMB SBC EXP,GANDHIDHAM JN.,KRANTIVIRA SANGOLLI RAYANNA (BENGALURU STATION),Saturday,Weekend
16506,SBC-GIMB GAN,KRANTIVIRA SANGOLLI RAYANNA (BENGALURU STATION),GANDHIDHAM JN.,Friday,Weekday
16507,JU BANGLORE,JODHPUR JN.,KRANTIVIRA SANGOLLI RAYANNA (BENGALURU STATION),Sunday,Weekend
16508,JODHPUR EXPR,KRANTIVIRA SANGOLLI RAYANNA (BENGALURU STATION),JODHPUR JN.,Tuesday,Weekday
16515,YPR-MAQ EXPR,YESVANTPUR JN.,KAWR,Saturday,Weekend
16516,KAWR--YPR EX,KAWR,YESVANTPUR JN.,Tuesday,Weekday
16517,SBC-CAN-KAWR,KRANTIVIRA SANGOLLI RAYANNA (BENGALURU STATION),KANNUR,Saturday,Weekend
16518,CAN-KAWR-SBC,KANNUR,KRANTIVIRA SANGOLLI RAYANNA (BENGALURU STATION),Monday,Weekday
16519,JTJ-SBC EXP,JOLARPETTAI JN,KRANTIVIRA SANGOLLI RAYANNA (BENGALURU STATION),Friday,Weekday
16520,SBC-JTJ EXP,KRANTIVIRA SANGOLLI RAYANNA (BENGALURU STATION),JOLARPETTAI JN,Tuesday,Weekday
16521,BWT-SBC EXP,BANGARPET JN.,KRANTIVIRA SANGOLLI RAYANNA (BENGALURU STATION),Tuesday,Weekday
16522,SBC-BWT EXP,KRANTIVIRA SANGOLLI RAYANNA (BENGALURU STATION),BANGARPET JN.,Saturday,Weekend
16523,YPR-MAQ-KAWR,MANGALORE CENTRAL,KAWR,Wednesday,Weekday
16524,KAWR-MAQ-YPR,KAWR,MANGALORE CENTRAL,Thursday,Weekday
16525,CAPE-SBC EXP,KANNIYAKUMARI,KRANTIVIRA SANGOLLI RAYANNA (BENGALURU STATION),Wednesday,Weekday
16526,KANYAKUMARI,KRANTIVIRA SANGOLLI RAYANNA (BENGALURU STATION),KANNIYAKUMARI,Thursday,Weekday
16527,YPR CAN EXP,YESVANTPUR JN.,KANNUR,Monday,Weekday
16528,CAN-YPR EXP,KANNUR,YESVANTPUR JN.,Sunday,Weekend
16531,GARIB NAWAJ,AJMER JN.,KRANTIVIRA SANGOLLI RAYANNA (BENGALURU STATION),Saturday,Weekend
16532,GARIB NAWAJ,KRANTIVIRA SANGOLLI RAYANNA (BENGALURU STATION),AJMER JN.,Wednesday,Weekday
16533,JU-YPR,BHAGAT-KI-KOTHI,KRANTIVIRA SANGOLLI RAYANNA (BENGALURU STATION),Monday,Weekday
16534,SBC BGKT EXP,KRANTIVIRA SANGOLLI RAYANNA (BENGALURU STATION),BHAGAT-KI-KOTHI,Thursday,Weekday
16535,MYS-SUR GOLG,MYSORE JN.,SOLAPUR,Thursday,Weekday
16536,SUR-MYS GOLG,SOLAPUR,MYSORE JN.,Tuesday,Weekday
16557,MYS-SBC RAJY,MYSORE JN.,KRANTIVIRA SANGOLLI RAYANNA (BENGALURU STATION),Monday,Weekday
16558,SBC-MYS RAJY,KRANTIVIRA SANGOLLI RAYANNA (BENGALURU STATION),MYSORE JN.,Sunday,Weekend
16565,YPR-MAQ EXPR,YESVANTPUR JN.,MANGALORE CENTRAL,Friday,Weekday
16566,MAQ-YPR EXPR,MANGALORE CENTRAL,YESVANTPUR JN.,Monday,Weekday
16569,YPR-KCG TRI,YESVANTPUR JN.,KACHEGUDA,Wednesday,Weekday
16570,KCG-YPR TRI,KACHEGUDA,YESVANTPUR JN.,Thursday,Weekday
16571,YPR-BIDR EXP,YESVANTPUR JN.,BIDAR,Tuesday,Weekday
16572,BIDR-YPR EXP,BIDAR,YESVANTPUR JN.,Wednesday,Weekday
16573,YPR-PDY WEEK,YESVANTPUR JN.,PONDICHERRY,Wednesday,Weekday
16574,PDY-YPR WEEK,PONDICHERRY,YESVANTPUR JN.,Sunday,Weekend
16575,YPR-MAJN TRI,YESVANTPUR JN.,MANGALORE JN,Thursday,Weekday
16576,MAJN-YPR TRI,MANGALORE JN,YESVANTPUR JN.,Saturday,Weekend
16577,YPR-HRR TRI-,YESVANTPUR JN.,HARIHAR JN.,Sunday,Weekend
16578,HRR-YPR TRI-,HARIHAR JN.,YESVANTPUR JN.,Sunday,Weekend
16579,YPR-SMET BI-,YESVANTPUR JN.,SHIMOGA TOWN,Friday,Weekday
16580,SMET-YPR BI-,SHIMOGA TOWN,YESVANTPUR JN.,Monday,Weekday
16581,YPR-SMET TRI,YESVANTPUR JN.,SHIMOGA TOWN,Wednesday,Weekday
16582,SMET-YPR TRI,SHIMOGA TOWN,YESVANTPUR JN.,Wednesday,Weekday
16587,YPR-BKN BI W,YESVANTPUR JN.,BIKANER JN.,Wednesday,Weekday
16588,BKN-YPR BI-W,BIKANER JN.,YESVANTPUR JN.,Thursday,Weekday
16589,RANI CHENAMM,KRANTIVIRA SANGOLLI RAYANNA (BENGALURU STATION),CHHATRAPATI SHAHU MAHARAJ TERMINUS,Friday,Weekday
16590,RANI CHENAMM,CHHATRAPATI SHAHU MAHARAJ TERMINUS,KRANTIVIRA SANGOLLI RAYANNA (BENGALURU STATION),Tuesday,Weekday
16591,UBL-MYS HAMP,HUBLI JN.,MYSORE JN.,Wednesday,Weekday
16592,MYS-UBL HAMP,MYSORE JN.,HUBLI JN.,Sunday,Weekend
16593,NED-SBC-EXP,NANDED,KRANTIVIRA SANGOLLI RAYANNA (BENGALURU STATION),Thursday,Weekday
16594,SBC-NED-EXP,KRANTIVIRA SANGOLLI RAYANNA (BENGALURU STATION),NANDED,Wednesday,Weekday
16603,MAVELI EXPRE,MANGALORE CENTRAL,TRIVANDRUM CENTRAL,Monday,Weekday
16604,TVC-MAQ MAVE,TRIVANDRUM CENTRAL,MANGALORE CENTRAL,Tuesday,Weekday
16605,ERNAD EXPRES,MANGALORE CENTRAL,NAGERCOIL JN.,Sunday,Weekend
16606,NCJ- MAQ EXP,NAGERCOIL JN.,MANGALORE CENTRAL,Saturday,Weekend
16613,RJT CBE WKLY,RAJKOT,COIMBATORE JN.,Tuesday,Weekday
16614,RAJKOT EXPRE,COIMBATORE JN.,RAJKOT,Monday,Weekday
16615,CHJEMMOZHI D,MANNARGUDI,COIMBATORE JN.,Monday,Weekday
16616,CHEMMOZHI EX,COIMBATORE JN.,MANNARGUDI,Saturday,Weekend
16617,RMM-CBE WKLY,RAMESWARAM,COIMBATORE JN.,Tuesday,Weekday
16618,CBE-RMM WKLY,COIMBATORE JN.,RAMESWARAM,Sunday,Weekend
16629,MALABAR EXP,TRIVANDRUM CENTRAL,MANGALORE CENTRAL,Thursday,Weekday
16630,MALABAR EXPR,MANGALORE CENTRAL,TRIVANDRUM CENTRAL,Saturday,Weekend
16649,MAQ-NCJ PARA,MANGALORE CENTRAL,NAGERCOIL JN.,Monday,Weekday
16650,NCJ-MAQ PARA,NAGERCOIL JN.,MANGALORE CENTRAL,Wednesday,Weekday
16687,MAQ-SVDK NAV,MANGALORE CENTRAL,SHRI MATA VAISHNO DEVI KATRA,Thursday,Weekday
16688,SVDK-MAQ NAV,SHRI MATA VAISHNO DEVI KATRA,MANGALORE CENTRAL,Wednesday,Weekday
16723,MS-QLN ANANT,CHENNAI EGMORE,QUILON,Thursday,Weekday
16724,QLN-MS ANANT,QUILON,CHENNAI EGMORE,Saturday,Weekend
16733,RMM-OKHA EXP,RAMESWARAM,OKHA,Sunday,Weekend
16734,OKHA-RMM EXP,OKHA,RAMESWARAM,Tuesday,Weekday
16779,TPTY-RMM TRI,TIRUPATI,RAMESWARAM,Tuesday,Weekday
16780,RMM-TPTY TRI,RAMESWARAM,TIRUPATI,Monday,Weekday
16787,TEN   ED,TIRUNELVELI JN,ERODE JN.,Monday,Weekday
16788,SVDK-TEN HIM,ERODE JN.,TIRUNELVELI JN,Tuesday,Weekday
16790,SVDK-TEN HIM,ERODE JN.,TIRUNELVELI JN,Friday,Weekday
16791,PUU-PGT PALA,PUNALUR,PALAKKAD JN,Monday,Weekday
16792,PGT-PUU PALA,PALAKKAD JN,PUNALUR,Saturday,Weekend
16793,SHRADDHA SET,RAMESWARAM,FAIZABAD JN.,Wednesday,Weekday
16794,SHRADDHA SET,FAIZABAD JN.,RAMESWARAM,Wednesday,Weekday
16853,CHOLAN EXP,CHENNAI EGMORE,TIRUCHIRAPPALLI JN.,Thursday,Weekday
16854,CHOLAN EXP,TIRUCHIRAPPALLI JN.,CHENNAI EGMORE,Sunday,Weekend
16855,PDY MAQ WEEK,PONDICHERRY,MANGALORE CENTRAL,Monday,Weekday
16856,MAQ PDY  EXP,MANGALORE CENTRAL,PONDICHERRY,Tuesday,Weekday
16857,PDY-MAQ WKLY,PONDICHERRY,MANGALORE CENTRAL,Monday,Weekday
16858,MAQ-PDY WKLY,MANGALORE CENTRAL,PONDICHERRY,Saturday,Weekend
16859,MS-MAQ EXPRE,CHENNAI EGMORE,MANGALORE CENTRAL,Friday,Weekday
16860,MAQ MS EXP,MANGALORE CENTRAL,CHENNAI EGMORE,Tuesday,Weekday
16861,PDY-CAPE WKL,PONDICHERRY,KANNIYAKUMARI,Saturday,Weekend
16862,CAPE-PDY WKL,KANNIYAKUMARI,PONDICHERRY,Sunday,Weekend
16863,BGKT-MQ WKLY,BHAGAT-KI-KOTHI,MANNARGUDI,Wednesday,Weekday
16864,MQ-BGKT,MANNARGUDI,BHAGAT-KI-KOTHI,Monday,Weekday
17001,SNSI-SC EXP,SAI NAGAR SHIRDI,SECUNDERABAD JN.,Wednesday,Weekday
17002,SC-SNSI EXP,SECUNDERABAD JN.,SAI NAGAR SHIRDI,Saturday,Weekend
17009,BIDR-HYB-INT,BIDAR,HYDERABAD DECCAN,Sunday,Weekend
17010,SC-BIDR-INTE,SECUNDERABAD JN.,BIDAR,Wednesday,Weekday
17011,HYB-SKZR-INT,HYDERABAD DECCAN,SIRPURKAGHAZ NAGAR,Sunday,Weekend
17012,SKZR-SC-INTE,SIRPURKAGHAZ NAGAR,SECUNDERABAD JN.,Saturday,Weekend
17013,PUNE-HYB EXP,PUNE JN.,HYDERABAD DECCAN,Tuesday,Weekday
17014,HYB-PUNE EXP,HYDERABAD DECCAN,PUNE JN.,Sunday,Weekend
17015,BBS-SC VISAK,BHUBANESWAR,SECUNDERABAD JN.,Sunday,Weekend
17016,SC-BBS VISAK,SECUNDERABAD JN.,BHUBANESWAR,Sunday,Weekend
17017,RJT-SC RAJKO,RAJKOT,SECUNDERABAD JN.,Friday,Weekday
17018,SC-RJT EXP,SECUNDERABAD JN.,RAJKOT,Friday,Weekday
17019,JP-HYB   EXP,JAIPUR JN.,HYDERABAD DECCAN,Monday,Weekday
17020,HYB-JP EXP,HYDERABAD DECCAN,JAIPUR JN.,Sunday,Weekend
17021,HYB-GTL-VSG,HYDERABAD DECCAN,GUNTAKAL JN.,Monday,Weekday
17022,VSG-GTL-HYB,GUNTAKAL JN.,HYDERABAD DECCAN,Monday,Weekday
17023,SC-KRNT TUNG,SECUNDERABAD JN.,KURNOOL TOWN,Wednesday,Weekday
17024,KRNT-SC TUNG,KURNOOL TOWN,SECUNDERABAD JN.,Sunday,Weekend
17025,MUGR-SC EXPR,MANUGURU,SECUNDERABAD JN.,Friday,Weekday
17026,SC-MUGR EXPR,SECUNDERABAD JN.,MANUGURU,Wednesday,Weekday
17027,HUNDRY EXPRE,SECUNDERABAD JN.,KURNOOL TOWN,Monday,Weekday
17028,HUNDRY EXPRE,KURNOOL TOWN,SECUNDERABAD JN.,Wednesday,Weekday
17031,MUMBAI CSMT-,CST-MUMBAI,HYDERABAD DECCAN,Friday,Weekday
17032,HYB-CSMT MUM,HYDERABAD DECCAN,CST-MUMBAI,Saturday,Weekend
17037,SC-BKN EXP,SECUNDERABAD JN.,BIKANER JN.,Sunday,Weekend
17038,BKN-SC EXP,BIKANER JN.,SECUNDERABAD JN.,Wednesday,Weekday
17057,CSMT-SC DEVA,CST-MUMBAI,SECUNDERABAD JN.,Sunday,Weekend
17058,SC-CSMT DEVA,SECUNDERABAD JN.,CST-MUMBAI,Thursday,Weekday
17063,MMR-SC AJANT,MANMAD JN.,SECUNDERABAD JN.,Saturday,Weekend
17064,SC-MMR AJANT,SECUNDERABAD JN.,MANMAD JN.,Thursday,Weekday
17201,GNT-SC GOLCO,GUNTUR JN.,SECUNDERABAD JN.,Wednesday,Weekday
17202,SC-GNT GOLCO,SECUNDERABAD JN.,GUNTUR JN.,Monday,Weekday
17203,BVC-CCT EXP,BHAVNAGAR TERMINUS,KAKINADA PORT,Sunday,Weekend
17204,COA-BVC EXP,KAKINADA PORT,BHAVNAGAR TERMINUS,Friday,Weekday
17205,SNSI-CCT EXP,SAI NAGAR SHIRDI,KAKINADA PORT,Tuesday,Weekday
17206,COA-SNSI EXP,KAKINADA PORT,SAI NAGAR SHIRDI,Wednesday,Weekday
17207,SNSI-BZA EXP,SAI NAGAR SHIRDI,VIJAYWADA JN.,Sunday,Weekend
17208,BZA-SNSI EXP,VIJAYWADA JN.,SAI NAGAR SHIRDI,Thursday,Weekday
17209,SBC-CCT SESH,KRANTIVIRA SANGOLLI RAYANNA (BENGALURU STATION),KAKINADA TOWN,Sunday,Weekend
17210,SHESHADRI EX,KAKINADA TOWN,KRANTIVIRA SANGOLLI RAYANNA (BENGALURU STATION),Thursday,Weekday
17211,MTM-YPR  KON,MACHILIPATNAM,YESVANTPUR JN.,Sunday,Weekend
17212,YPR-MTM KOND,YESVANTPUR JN.,MACHILIPATNAM,Tuesday,Weekday
17213,NS-NSL EXP,NARASAPUR,NAGARSOL,Saturday,Weekend
17214,NSL-NS  EXP,NAGARSOL,NARASAPUR,Sunday,Weekend
17215,BZA-DMM TRI-,VIJAYWADA JN.,DHARMAVARAM JN.,Tuesday,Weekday
17216,DMM-BZA TRI-,DHARMAVARAM JN.,VIJAYWADA JN.,Sunday,Weekend
17221,COA-LTT EXP,KAKINADA PORT,LOKMANYA TILAK TERMINUS,Wednesday,Weekday
17222,LTT-COA EXP,LOKMANYA TILAK TERMINUS,KAKINADA PORT,Thursday,Weekday
17225,BZA-UBL AMAR,VIJAYWADA JN.,HUBLI JN.,Saturday,Weekend
17226,UBL-BZA AMAR,HUBLI JN.,VIJAYWADA JN.,Friday,Weekday
17229,KCVL-HYB SAB,TRIVANDRUM CENTRAL,HYDERABAD DECCAN,Tuesday,Weekday
17230,HYB-KCVL SAB,HYDERABAD DECCAN,TRIVANDRUM CENTRAL,Wednesday,Weekday
17231,NS-NSL EXP,NARASAPUR,NAGARSOL,Sunday,Weekend
17232,NSL-NS EXP,NAGARSOL,NARASAPUR,Friday,Weekday
17233,SC-BPQ BHAGY,SECUNDERABAD JN.,BALHARSHAH,Thursday,Weekday
17234,BPQ-SC BHAGY,BALHARSHAH,SECUNDERABAD JN.,Saturday,Weekend
17235,SBC-NCJ EXP,KRANTIVIRA SANGOLLI RAYANNA (BENGALURU STATION),NAGERCOIL JN.,Friday,Weekday
17236,NCJ-SBC EXP,NAGERCOIL JN.,KRANTIVIRA SANGOLLI RAYANNA (BENGALURU STATION),Wednesday,Weekday
17239,GNT-VSKP SIM,GUNTUR JN.,VISAKHAPATNAM,Friday,Weekday
17240,VSKP-GNT SIM,VISAKHAPATNAM,GUNTUR JN.,Wednesday,Weekday
17241,VSKP LINK EX,NARASAPUR,NIDADAVOLU JN.,Sunday,Weekend
17242,EXP,NIDADAVOLU JN.,NARASAPUR,Thursday,Weekday
17255,NS-HYB EXP,NARASAPUR,HYDERABAD DECCAN,Wednesday,Weekday
17256,HYB-NS EXP,HYDERABAD DECCAN,NARASAPUR,Sunday,Weekend
17301,MYS DHARWAD,MYSORE JN.,DHARWAD,Saturday,Weekend
17302,DWR MYSORE E,DHARWAD,MYSORE JN.,Saturday,Weekend
17305,UBL-LD-NZM L,HUBLI JN.,LONDA JN.,Saturday,Weekend
17307,MYS-BGK BASA,MYSORE JN.,BAGALKOT,Wednesday,Weekday
17308,BGK-MYS BASA,BAGALKOT,MYSORE JN.,Wednesday,Weekday
17309,YPR VASCO EX,YESVANTPUR JN.,VASCO-DA-GAMA,Sunday,Weekend
17310,YPR VASCO EX,VASCO-DA-GAMA,YESVANTPUR JN.,Saturday,Weekend
17311,CHENNAI- VAS,CHENNAI CENTRAL,VASCO-DA-GAMA,Wednesday,Weekday
17312,VSG- CHENNAI,VASCO-DA-GAMA,CHENNAI CENTRAL,Saturday,Weekend
17315,VSG-VLNK EXP,VASCO-DA-GAMA,VELANKANNI,Monday,Weekday
17316,VLNK-VSG EXP,VELANKANNI,VASCO-DA-GAMA,Sunday,Weekend
17317,UBL-LT(T) EX,HUBLI JN.,LOKMANYA TILAK TERMINUS,Friday,Weekday
17318,LT(T)-UBL EX,LOKMANYA TILAK TERMINUS,HUBLI JN.,Thursday,Weekday
17319,UBL-SC EXPRE,HUBLI JN.,SECUNDERABAD JN.,Monday,Weekday
17320,SC-UBL EXPRE,SECUNDERABAD JN.,HUBLI JN.,Thursday,Weekday
17321,UBL-LTT WEEK,HUBLI JN.,LOKMANYA TILAK TERMINUS,Friday,Weekday
17322,LTT-UBL WEEK,LOKMANYA TILAK TERMINUS,HUBLI JN.,Saturday,Weekend
17323,UBL-BSB WEEK,HUBLI JN.,VARANASI JN.,Wednesday,Weekday
17324,BSB-UBL WEEK,VARANASI JN.,HUBLI JN.,Thursday,Weekday
17325,UBL-MYS DAIL,HUBLI JN.,MYSORE JN.,Monday,Weekday
17326,MYS-UBL DAIL,MYSORE JN.,HUBLI JN.,Sunday,Weekend
17401,TPTY-MTM NS,TIRUPATI,MACHILIPATNAM,Saturday,Weekend
17402,NS MTM-TPTY,MACHILIPATNAM,TIRUPATI,Saturday,Weekend
17403,EXPRESS,GUDIVADA JN.,NARASAPUR,Sunday,Weekend
17404,EXP,NARASAPUR,GUDIVADA JN.,Friday,Weekday
17405,TPTY-ADB KRI,TIRUPATI,ADILABAD,Friday,Weekday
17406,ADB-TPTY KRI,ADILABAD,TIRUPATI,Thursday,Weekday
17407,TPTY-MQ PAMA,TIRUPATI,MANNARGUDI,Thursday,Weekday
17408,MQ-TPTY PAMA,MANNARGUDI,TIRUPATI,Monday,Weekday
17409,ADB-NED EXP,ADILABAD,NANDED,Wednesday,Weekday
17410,NED-ADB EXP,NANDED,ADILABAD,Monday,Weekday
17411,MAHALAXMI EX,CST-MUMBAI,CHHATRAPATI SHAHU MAHARAJ TERMINUS,Tuesday,Weekday
17412,MAHALAXMI EX,CHHATRAPATI SHAHU MAHARAJ TERMINUS,CST-MUMBAI,Wednesday,Weekday
17413,TPTY-PDY  WE,TIRUPATI,PONDICHERRY,Friday,Weekday
17414,PDY-TPTY WEE,PONDICHERRY,TIRUPATI,Friday,Weekday
17415,TPTY-KOP HAR,TIRUPATI,CHHATRAPATI SHAHU MAHARAJ TERMINUS,Wednesday,Weekday
17416,KOP-TPTY HAR,CHHATRAPATI SHAHU MAHARAJ TERMINUS,TIRUPATI,Tuesday,Weekday
17417,TPTY-SNSI,TIRUPATI,SAI NAGAR SHIRDI,Tuesday,Weekday
17418,SNSI-TPTY WE,SAI NAGAR SHIRDI,TIRUPATI,Wednesday,Weekday
17419,TPTY-VSG,TIRUPATI,VASCO-DA-GAMA,Tuesday,Weekday
17420,VSG-TPTY,VASCO-DA-GAMA,TIRUPATI,Monday,Weekday
17479,PURI-TPTY  E,PURI,TIRUPATI,Wednesday,Weekday
17480,TPTY-PURI EX,TIRUPATI,PURI,Tuesday,Weekday
17481,BSP-TPTY  EX,BILASPUR JN.,TIRUPATI,Wednesday,Weekday
17482,TPTY-BSP EXP,TIRUPATI,BILASPUR JN.,Tuesday,Weekday
17487,TPTY-VSKP TI,TIRUPATI,VISAKHAPATNAM,Wednesday,Weekday
17488,VSKP-TPTY TI,VISAKHAPATNAM,TIRUPATI,Friday,Weekday
17603,KCG-YPR EXP,KACHEGUDA,YESVANTPUR JN.,Sunday,Weekend
17604,YPR-KCG EXP,YESVANTPUR JN.,KACHEGUDA,Wednesday,Weekday
17605,MAQ-KCG EXP,MANGALORE CENTRAL,KACHEGUDA,Sunday,Weekend
17606,KCG-MAQ EXP,KACHEGUDA,MANGALORE CENTRAL,Saturday,Weekend
17609,PNBE-PAU EXP,PATNA JN.,PURNA JN.,Wednesday,Weekday
17610,PAU-PNBE EXP,PURNA JN.,PATNA JN.,Sunday,Weekend
17613,PNVL-NED EXP,PANVEL,NANDED,Wednesday,Weekday
17614,NED-PNVL EXP,NANDED,PANVEL,Saturday,Weekend
17615,KCG-MDU EXP,KACHEGUDA,MADURAI JN,Wednesday,Weekday
17616,KACHEGUDA EX,MADURAI JN,KACHEGUDA,Friday,Weekday
17617,CSMT-NED TAP,CST-MUMBAI,NANDED,Sunday,Weekend
17618,NED-CSMT TAP,NANDED,CST-MUMBAI,Wednesday,Weekday
17619,AWB-NED WEEK,AURANGABAD,NANDED,Sunday,Weekend
17620,NED-AWB,NANDED,AURANGABAD,Friday,Weekday
17621,AWB-RU EXP,AURANGABAD,RENIGUNTA JN.,Saturday,Weekend
17622,RU-AWB EXPRE,RENIGUNTA JN.,AURANGABAD,Tuesday,Weekday
17623,NED-BKN WEEK,NANDED,BIKANER JN.,Sunday,Weekend
17624,BKN-NED WEEK,BIKANER JN.,NANDED,Monday,Weekday
17625,KCG-RAL PASS,KACHEGUDA,REPALLE,Friday,Weekday
17626,RAL-SC PASS,REPALLE,SECUNDERABAD JN.,Sunday,Weekend
17639,KCG-AK EXP,KACHEGUDA,AKOLA JN.,Wednesday,Weekday
17640,AK-KCG  EXP,AKOLA JN.,KACHEGUDA,Thursday,Weekday
17641,KCG-NRKR,KACHEGUDA,NARKHER,Sunday,Weekend
17642,NRKR-KCG,NARKHER,KACHEGUDA,Saturday,Weekend
17643,CGL-COA CIRC,CHENGALPATTU,KAKINADA PORT,Friday,Weekday
17644,COA-CGL CIRC,KAKINADA PORT,CHENGALPATTU,Thursday,Weekday
17651,CGL-KCG EXP,CHENGALPATTU,KACHEGUDA,Thursday,Weekday
17652,KCG-CGL  EXP,KACHEGUDA,CHENGALPATTU,Sunday,Weekend
17687,MMR-DAB MARA,MANMAD JN.,DHARMABAD,Wednesday,Weekday
17688,DAB-MMR MARA,DHARMABAD,MANMAD JN.,Tuesday,Weekday
18005,HWH-JDB EXPR,HOWRAH JN.,JAGADALPUR,Friday,Weekday
18006,JDB-KRPU-HWH,JAGADALPUR,HOWRAH JN.,Saturday,Weekend
18007,SHM-BPO SIML,SHALIMAR,BHANJPUR,Friday,Weekday
18008,BPO-SHM SIML,BHANJPUR,SHALIMAR,Friday,Weekday
18009,SRC - AII EX,SANTRAGACHI JN.,AJMER JN.,Monday,Weekday
18010,AII-SRC EXP,AJMER JN.,SANTRAGACHI JN.,Thursday,Weekday
18029,LTT-SHM-KURL,LOKMANYA TILAK TERMINUS,SHALIMAR,Friday,Weekday
18030,SHM LTT KURL,SHALIMAR,LOKMANYA TILAK TERMINUS,Wednesday,Weekday
18047,HWH-VSGAMARA,HOWRAH JN.,VASCO-DA-GAMA,Saturday,Weekend
18048,VSG HWH AMAR,VASCO-DA-GAMA,HOWRAH JN.,Wednesday,Weekday
18101,TATA  MURI -,TATANAGAR JN,JAMMU TAWI,Monday,Weekday
18102,JAT MURI  TA,JAMMU TAWI,TATANAGAR JN,Sunday,Weekend
18103,JALLIANWALA,TATANAGAR JN,AMRITSAR JN.,Wednesday,Weekday
18104,JALLIANWALAB,AMRITSAR JN.,TATANAGAR JN,Tuesday,Weekday
18107,ROU-KORAPUT,ROURKELA,KORAPUT JN.,Wednesday,Weekday
18108,KORAPUT ROU,KORAPUT JN.,ROURKELA,Monday,Weekday
18111,TATA - YPR E,TATANAGAR JN,YESVANTPUR JN.,Friday,Weekday
18112,YPR - TATA E,YESVANTPUR JN.,TATANAGAR JN,Tuesday,Weekday
18117,ROU-GNPR RAJ,ROURKELA,GUNUPUR,Thursday,Weekday
18118,GNPR-ROU RAJ,GUNUPUR,ROURKELA,Wednesday,Weekday
18181,TATA-CPR EXP,TATANAGAR JN,CHHAPRA JN.,Friday,Weekday
18182,CPR-TATA EXP,CHHAPRA JN.,TATANAGAR JN,Monday,Weekday
18183,TATA DANAPUR,TATANAGAR JN,DANAPUR,Thursday,Weekday
18184,DNR TATA EXP,DANAPUR,TATANAGAR JN,Monday,Weekday
18189,TATA-ROU-ALL,TATANAGAR JN,ROURKELA,Monday,Weekday
18190,TATA-ROU-ALL,ROURKELA,TATANAGAR JN,Thursday,Weekday
18191,CHHAPRA-CPA,CHHAPRA JN.,FARRUKHABAD JN,Saturday,Weekend
18192,CPA-CPR EXP,FARRUKHABAD JN,CHHAPRA JN.,Friday,Weekday
18201,DURG - NTV E,DURG,NAUTANWA,Friday,Weekday
18202,NTV - DURG E,NAUTANWA,DURG,Friday,Weekday
18203,DURG - CNB B,DURG,KANPUR CENTRAL JN.,Wednesday,Weekday
18204,CNB - DURG B,KANPUR CENTRAL JN.,DURG,Saturday,Weekend
18205,DURG - NTV E,DURG,NAUTANWA,Sunday,Weekend
18206,NTV - DURG E,NAUTANWA,DURG,Tuesday,Weekday
18207,DURG - AII E,DURG,AJMER JN.,Sunday,Weekend
18208,AII  - DURG,AJMER JN.,DURG,Friday,Weekday
18211,DURG - JDB E,DURG,JAGADALPUR,Saturday,Weekend
18212,JDB - DURG E,JAGADALPUR,DURG,Tuesday,Weekday
18213,DURG - JP EX,DURG,JAIPUR JN.,Thursday,Weekday
18214,JP - DURG EX,JAIPUR JN.,DURG,Tuesday,Weekday
18215,DURG - JAT E,DURG,JAMMU TAWI,Sunday,Weekend
18216,JAT - DURG E,JAMMU TAWI,DURG,Wednesday,Weekday
18233,INDB-BSP NAR,INDORE BG,BILASPUR JN.,Wednesday,Weekday
18234,BSP-INDB NAR,BILASPUR JN.,INDORE BG,Saturday,Weekend
18235,BPL-BSP EXP,BHOPAL,BILASPUR JN.,Sunday,Weekend
18236,BSP-BPL PASS,BILASPUR JN.,BHOPAL,Saturday,Weekend
18237,BSP-ASR CHHA,BILASPUR JN.,AMRITSAR JN.,Tuesday,Weekday
18238,ASR-BSP CHHA,AMRITSAR JN.,BILASPUR JN.,Wednesday,Weekday
18239,GAD-NGP SHIV,GEVRA-ROAD,NAGPUR JN.(CR),Tuesday,Weekday
18240,NGP-BSP SHIV,NAGPUR JN.(CR),BILASPUR JN.,Tuesday,Weekday
18241,DURG-ABKP EX,DURG,AMBIKAPUR,Monday,Weekday
18242,ABKP-DURG PA,AMBIKAPUR,DURG,Tuesday,Weekday
18243,BSP-BGKT EXP,BILASPUR JN.,BHAGAT-KI-KOTHI,Wednesday,Weekday
18244,BGKT-BSP EXP,BHAGAT-KI-KOTHI,BILASPUR JN.,Saturday,Weekend
18245,BSP-BKN EXP,BILASPUR JN.,BIKANER JN.,Thursday,Weekday
18246,BKN-BSP EXP,BIKANER JN.,BILASPUR JN.,Tuesday,Weekday
18247,BSP-REWA,BILASPUR JN.,REWA,Saturday,Weekend
18248,REWA-BSP,REWA,BILASPUR JN.,Sunday,Weekend
18301,SBP-RGDA EXP,SAMBALPUR JN.,RAYAGADA JN.,Wednesday,Weekday
18302,RGDA-SBP EXP,RAYAGADA JN.,SAMBALPUR JN.,Wednesday,Weekday
18303,SBP-PURI INT,SAMBALPUR JN.,PURI,Friday,Weekday
18304,PURI-SBP INT,PURI,SAMBALPUR JN.,Sunday,Weekend
18309,SBP -MURI -,SAMBALPUR JN.,MURI,Wednesday,Weekday
18310,JAT MURI SBP,MURI,SAMBALPUR JN.,Saturday,Weekend
18311,SBP-BSB BI-W,SAMBALPUR JN.,VARANASI JN.,Friday,Weekday
18312,BSB-SBP BI-W,VARANASI JN.,SAMBALPUR JN.,Wednesday,Weekday
18401,PURI-OKHA WE,PURI,OKHA,Tuesday,Weekday
18402,OKHA-PURI WE,OKHA,PURI,Wednesday,Weekday
18403,CKP-BBN EXPR,CHAKARADHARPUR,BARBIL,Friday,Weekday
18404,BBN-CKP EXPR,BARBIL,CHAKARADHARPUR,Tuesday,Weekday
18405,PURI-ADI WEE,PURI,AHMEDABAD,Monday,Weekday
18406,ADI-PURI WEE,AHMEDABAD,PURI,Thursday,Weekday
18407,PURI-SNSI WE,PURI,SAI NAGAR SHIRDI,Friday,Weekday
18408,SNSI-PURI WE,SAI NAGAR SHIRDI,PURI,Saturday,Weekend
18409,SRIJAGANNATH,HOWRAH JN.,PURI,Saturday,Weekend
18410,SRIJAGANNATH,PURI,HOWRAH JN.,Friday,Weekday
18413,PRDP-PURI IN,PARADEEP,PURI,Saturday,Weekend
18414,PURI-PRDP IN,PURI,PARADEEP,Friday,Weekday
18415,BBN-PURI INT,BARBIL,PURI,Thursday,Weekday
18416,PURI-BBN INT,PURI,BARBIL,Thursday,Weekday
18419,PURI-JYG WEE,PURI,JAYNAGAR,Thursday,Weekday
18420,JYG-PURI WEE,JAYNAGAR,PURI,Tuesday,Weekday
18421,PURI-AII BI-,PURI,AJMER JN.,Tuesday,Weekday
18422,AII-PURI BI-,AJMER JN.,PURI,Thursday,Weekday
18425,PURI-DURG EX,PURI,DURG,Monday,Weekday
18426,DURG - PURI,DURG,PURI,Wednesday,Weekday
18437,BBS-JNRD LIN,RAYAGADA JN.,JUNAGARH ROAD,Saturday,Weekend
18438,JNRD-BBS LIN,JUNAGARH ROAD,RAYAGADA JN.,Monday,Weekday
18447,BBS-JDB HIRA,BHUBANESWAR,JAGADALPUR,Sunday,Weekend
18448,JDB-BBS HIRA,JAGADALPUR,BHUBANESWAR,Tuesday,Weekday
18449,PURI-PNBE BA,PURI,PATNA JN.,Monday,Weekday
18450,PNBE-PURI BA,PATNA JN.,PURI,Thursday,Weekday
18451,HTE-PURI TAP,HATIA,PURI,Saturday,Weekend
18452,PURI-HTE TAP,PURI,HATIA,Saturday,Weekend
18463,BBS-SBC PRAS,BHUBANESWAR,KRANTIVIRA SANGOLLI RAYANNA (BENGALURU STATION),Sunday,Weekend
18464,SBC-BBS PRAS,KRANTIVIRA SANGOLLI RAYANNA (BENGALURU STATION),BHUBANESWAR,Saturday,Weekend
18477,PURI-HW UTKA,PURI,HARIDWAR JN,Tuesday,Weekday
18478,KALINGAUTKAL,HARIDWAR JN,PURI,Wednesday,Weekday
18495,RMM-BBS WEEK,RAMESWARAM,BHUBANESWAR,Sunday,Weekend
18496,BBS-RMM WEEK,BHUBANESWAR,RAMESWARAM,Sunday,Weekend
18501,VSKP-GIMB WE,VISAKHAPATNAM,GANDHIDHAM JN.,Monday,Weekday
18502,GIMB-VSKP WE,GANDHIDHAM JN.,VISAKHAPATNAM,Thursday,Weekday
18503,VSKP-SNSI WE,VISAKHAPATNAM,SAI NAGAR SHIRDI,Friday,Weekday
18504,SNSI-VSKP WE,SAI NAGAR SHIRDI,VISAKHAPATNAM,Wednesday,Weekday
18507,VSKP-ASR HIR,VISAKHAPATNAM,AMRITSAR JN.,Monday,Weekday
18508,ASR-VSKP HIR,AMRITSAR JN.,VISAKHAPATNAM,Sunday,Weekend
18511,KRPU-VSKP BI,KORAPUT JN.,VISAKHAPATNAM,Saturday,Weekend
18512,VSKP-KRPU BI,VISAKHAPATNAM,KORAPUT JN.,Tuesday,Weekday
18517,KORBA-VSKP E,KORBA,VISAKHAPATNAM,Monday,Weekday
18518,VSKP-KORBA E,VISAKHAPATNAM,KORBA,Wednesday,Weekday
18519,VSKP-LTT EXP,VISAKHAPATNAM,LOKMANYA TILAK TERMINUS,Wednesday,Weekday
18520,LTT-VSKP EXP,LOKMANYA TILAK TERMINUS,VISAKHAPATNAM,Sunday,Weekend
18567,VSKP-QLN WEE,VISAKHAPATNAM,QUILON,Friday,Weekday
18568,QLN-VSKP WEE,QUILON,VISAKHAPATNAM,Saturday,Weekend
18573,VSKP-BGKT WE,VISAKHAPATNAM,BHAGAT-KI-KOTHI,Sunday,Weekend
18574,BGKT-VSKP WE,BHAGAT-KI-KOTHI,VISAKHAPATNAM,Tuesday,Weekday
18605,RNC JYG TRI,RANCHI,JAYNAGAR,Sunday,Weekend
18606,JYG RNC TRI,JAYNAGAR,RANCHI,Friday,Weekday
18609,RNC LTT EXPR,RANCHI,LOKMANYA TILAK TERMINUS,Monday,Weekday
18610,LTT RNC WEEK,LOKMANYA TILAK TERMINUS,RANCHI,Thursday,Weekday
18611,RNC BSB EXPR,RANCHI,VARANASI JN.,Monday,Weekday
18612,BSB RNC EXPR,VARANASI JN.,RANCHI,Saturday,Weekend
18613,RNC CPU EXPR,RANCHI,CHOPAN,Saturday,Weekend
18614,RNC CPU EXPR,CHOPAN,RANCHI,Monday,Weekday
18615,HWH-HTE KRII,HOWRAH JN.,HATIA,Sunday,Weekend
18616,HTE-HWH KRIY,HATIA,HOWRAH JN.,Wednesday,Weekday
18619,RNC DUMKA IN,RANCHI,DUMKA,Friday,Weekday
18620,DUMKA RANCHI,DUMKA,RANCHI,Monday,Weekday
18621,PATNA HATIA,PATNA JN.,HATIA,Monday,Weekday
18622,HATIA PATNA,HATIA,PATNA JN.,Wednesday,Weekday
18623,PATNA-HATIA,PATNA JN.,HATIA,Sunday,Weekend
18624,HATIA-PATNA,HATIA,PATNA JN.,Tuesday,Weekday
18625,PNBE-HTE EXP,PATNA JN.,HATIA,Sunday,Weekend
18626,HTE-PNBE EXP,HATIA,PATNA JN.,Thursday,Weekday
18631,RNC AII EXPR,RANCHI,AJMER JN.,Thursday,Weekday
18632,AII RNC EXPR,AJMER JN.,RANCHI,Monday,Weekday
18637,HTE - BNC WE,HATIA,BANGALORE CANTT.,Tuesday,Weekday
18638,BNC - HTE WE,BANGALORE CANTT.,HATIA,Saturday,Weekend
18645,HWH HYB EAST,HOWRAH JN.,HYDERABAD DECCAN,Friday,Weekday
18646,HYB-HWH EAST,HYDERABAD DECCAN,HOWRAH JN.,Sunday,Weekend
18695,ISLAMPUR-PAT,ISLAMPUR,PATNA JN.,Wednesday,Weekday
18696,PATNA-ISLAMP,PATNA JN.,ISLAMPUR,Sunday,Weekend
18697,PRNC-PNBE KO,PURNEA COURT,PATNA JN.,Tuesday,Weekday
18698,PNBE-SHC KOS,PATNA JN.,PURNEA COURT,Friday,Weekday
19015,SAURASHTRA E,MUMBAI CENTRAL,PORBANDAR,Friday,Weekday
19016,SAURASHTRA E,PORBANDAR,MUMBAI CENTRAL,Thursday,Weekday
19019,DEHRADUN EXP,BANDRA TERMINUS,DEHRA DUN,Thursday,Weekday
19020,DEHRADUN EXP,DEHRA DUN,BANDRA TERMINUS,Saturday,Weekend
19021,BDTS LJN EXP,BANDRA TERMINUS,LUCKNOW JN.,Wednesday,Weekday
19022,LJN BDTS EXP,LUCKNOW JN.,BANDRA TERMINUS,Friday,Weekday
19023,FZR JANATA E,MUMBAI CENTRAL,FIROZPUR CANTT JN.,Thursday,Weekday
19024,FZR BCT JANT,FIROZPUR CANTT JN.,MUMBAI CENTRAL,Wednesday,Weekday
19025,SURAT AMRAVA,SURAT,AMRAVATI,Tuesday,Weekday
19026,SURAT AMRAVA,AMRAVATI,SURAT,Friday,Weekday
19027,VIVEK EXPRES,BANDRA TERMINUS,JAMMU TAWI,Saturday,Weekend
19028,VIVEK EXPRES,JAMMU TAWI,BANDRA TERMINUS,Thursday,Weekday
19031,HARIDWAR MAI,AHMEDABAD,HARIDWAR JN,Friday,Weekday
19032,YOGA EXPRESS,HARIDWAR JN,AHMEDABAD,Monday,Weekday
19033,GUJARAT QUEE,VALSAD,AHMEDABAD,Sunday,Weekend
19034,GUJARAT QUEE,AHMEDABAD,VALSAD,Sunday,Weekend
19035,BRC ADI INTE,VADODARA JN.,AHMEDABAD,Tuesday,Weekday
19036,ADI BRC INTE,AHMEDABAD,VADODARA JN.,Monday,Weekday
19037,AVADH EXPRES,BANDRA TERMINUS,GORAKHPUR JN.,Friday,Weekday
19038,AVADH EXPRES,GORAKHPUR JN.,BANDRA TERMINUS,Tuesday,Weekday
19039,AVADH EXPRES,BANDRA TERMINUS,MUZAFFARPUR JN.,Saturday,Weekend
19040,AVADH EXPRES,MUZAFFARPUR JN.,BANDRA TERMINUS,Sunday,Weekend
19041,BANDRA(T) GC,BANDRA TERMINUS,GHAZIPUR CITY,Wednesday,Weekday
19042,GCT BANDRA(T,GHAZIPUR CITY,BANDRA TERMINUS,Friday,Weekday
19045,TAPTI GANGA,SURAT,CHHAPRA JN.,Thursday,Weekday
19046,TAPTI GANGA,CHHAPRA JN.,SURAT,Wednesday,Weekday
19051,SHRAMIK EXPR,VALSAD,MUZAFFARPUR JN.,Tuesday,Weekday
19052,BL SHRAMIK E,MUZAFFARPUR JN.,VALSAD,Monday,Weekday
19053,ST MFP EXPRE,SURAT,MUZAFFARPUR JN.,Saturday,Weekend
19054,MFP ST EXPRE,MUZAFFARPUR JN.,SURAT,Sunday,Weekend
19055,BL JODHPUR E,VALSAD,JODHPUR JN.,Thursday,Weekday
19056,JU BL EXPRES,JODHPUR JN.,VALSAD,Wednesday,Weekday
19057,UDN VARANASI,UDHNA JN.,VARANASI JN.,Friday,Weekday
19058,BSB UDN EXP,VARANASI JN.,UDHNA JN.,Tuesday,Weekday
19061,RAMNAGAR EXP,BANDRA TERMINUS,RAMNAGAR,Tuesday,Weekday
19062,RMR BDTS EXP,RAMNAGAR,BANDRA TERMINUS,Wednesday,Weekday
19063,DANAPUR EXPR,UDHNA JN.,DANAPUR,Wednesday,Weekday
19064,DNR UDHNA  E,DANAPUR,UDHNA JN.,Thursday,Weekday
19107,JANMABHOOMI,AHMEDABAD,UDHAMPUR,Friday,Weekday
19108,JANMABHOOMI,UDHAMPUR,AHMEDABAD,Monday,Weekday
19115,DDR BHUJ EXP,DADAR,NEW BHUJ,Friday,Weekday
19116,BHUJ DDR EXP,NEW BHUJ,DADAR,Wednesday,Weekday
19119,ADI SMNH EXP,AHMEDABAD,SOMNATH,Wednesday,Weekday
19120,SMNH -ADI EX,SOMNATH,AHMEDABAD,Thursday,Weekday
19151,GIMB - PNU,PALANPUR JN,GANDHIDHAM JN.,Sunday,Weekend
19152,GIMB PNU EXP,GANDHIDHAM JN.,PALANPUR JN,Thursday,Weekday
19165,SABARMATI EX,AHMEDABAD,DARBHANGA JN.,Friday,Weekday
19166,SABARMATI EX,DARBHANGA JN.,AHMEDABAD,Thursday,Weekday
19167,SABARMATI EX,AHMEDABAD,VARANASI JN.,Sunday,Weekend
19168,SABARMATI EX,VARANASI JN.,AHMEDABAD,Saturday,Weekend
19201,SC PBR  EXP,SECUNDERABAD JN.,PORBANDAR,Thursday,Weekday
19202,PBR SC EXPRE,PORBANDAR,SECUNDERABAD JN.,Wednesday,Weekday
19215,SAURASHTRA E,MUMBAI CENTRAL,PORBANDAR,Saturday,Weekend
19217,SAU JANATA E,BANDRA TERMINUS,JAMNAGAR,Sunday,Weekend
19218,SAU JANATA E,JAMNAGAR,BANDRA TERMINUS,Tuesday,Weekday
19223,ADI JAT EXPR,AHMEDABAD,JAMMU TAWI,Monday,Weekday
19224,JAT ADI EXPR,JAMMU TAWI,AHMEDABAD,Friday,Weekday
19225,BTI JAT EXP,BATHINDA JN,JAMMU TAWI,Sunday,Weekend
19226,JAT BTI EXP,JAMMU TAWI,BATHINDA JN,Monday,Weekday
19251,SMNH OKHA EX,SOMNATH,OKHA,Thursday,Weekday
19252,OKHA SOMNATH,OKHA,SOMNATH,Thursday,Weekday
19259,KCVL BVC EXP,KOCHUVELI,BHAVNAGAR TERMINUS,Tuesday,Weekday
19260,BVC KCVL EXP,BHAVNAGAR TERMINUS,KOCHUVELI,Friday,Weekday
19261,PORBANDAR EX,KOCHUVELI,PORBANDAR,Thursday,Weekday
19262,KOCHUVELI EX,PORBANDAR,KOCHUVELI,Friday,Weekday
19263,DELHI SR EXP,PORBANDAR,DELHI-SARAI ROHILLA,Wednesday,Weekday
19264,DEE PORBNDR,DELHI-SARAI ROHILLA,PORBANDAR,Saturday,Weekend
19269,PBR MOTIHARI,PORBANDAR,MUZAFFARPUR JN.,Sunday,Weekend
19270,PBR EXPRESS,MUZAFFARPUR JN.,PORBANDAR,Wednesday,Weekday
19301,YESHVANTPUR,INDORE BG,YESVANTPUR JN.,Friday,Weekday
19302,YPR  INDB EX,YESVANTPUR JN.,INDORE BG,Thursday,Weekday
19303,BHOPAL EXPRE,INDORE BG,BHOPAL,Sunday,Weekend
19304,BPL INDB EXP,BHOPAL,INDORE BG,Thursday,Weekday
19307,CHANDIGARH E,INDORE BG,CHANDIGARH,Sunday,Weekend
19308,CDG  INDB  E,CHANDIGARH,INDORE BG,Tuesday,Weekday
19309,GNC INDORE E,GANDHINAGAR CAPITAL,INDORE BG,Friday,Weekday
19310,INDORE GNC E,INDORE BG,GANDHINAGAR CAPITAL,Friday,Weekday
19311,PUNE INDORE,PUNE JN.,INDORE BG,Wednesday,Weekday
19312,INDB PUNE EX,INDORE BG,PUNE JN.,Tuesday,Weekday
19313,INDB RJPB  E,INDORE BG,RAJENDRANAGAR TERMINAL,Thursday,Weekday
19314,INDORE EXPRE,RAJENDRANAGAR TERMINAL,INDORE BG,Tuesday,Weekday
19321,INDB RJPB EX,INDORE BG,RAJENDRANAGAR TERMINAL,Monday,Weekday
19322,RJPB INDB EX,RAJENDRANAGAR TERMINAL,INDORE BG,Tuesday,Weekday
19323,INTERCITY EX,INDORE BG,BHOPAL,Thursday,Weekday
19324,INDB INTERCI,BHOPAL,INDORE BG,Saturday,Weekend
19325,IND AMRITSAR,INDORE BG,AMRITSAR JN.,Wednesday,Weekday
19326,ASR INDB EXP,AMRITSAR JN.,INDORE BG,Monday,Weekday
19327,RTM-UDZ PASS,RATLAM JN,UDAIPUR CITY,Sunday,Weekend
19328,COR-RTM PASS,UDAIPUR CITY,RATLAM JN,Wednesday,Weekday
19329,VEER BHUMI E,INDORE BG,UDAIPUR CITY,Saturday,Weekend
19330,VIRBHUMI COR,UDAIPUR CITY,INDORE BG,Sunday,Weekend
19331,KCVL INDORE,KOCHUVELI,INDORE BG,Friday,Weekday
19332,INDB KCVL EX,INDORE BG,KOCHUVELI,Thursday,Weekday
19401,ADI LUCKNOW,AHMEDABAD,LUCKNOW JN.,Monday,Weekday
19402,LKO ADI EXP,LUCKNOW JN.,AHMEDABAD,Monday,Weekday
19403,SULTANPUR EX,AHMEDABAD,SULTANPUR JN.,Monday,Weekday
19404,SLN ADI EXP,SULTANPUR JN.,AHMEDABAD,Saturday,Weekend
19407,ADI VARANASI,AHMEDABAD,VARANASI JN.,Tuesday,Weekday
19408,BSB ADI EXP,VARANASI JN.,AHMEDABAD,Monday,Weekday
19409,GORAKHPUR EX,AHMEDABAD,GORAKHPUR JN.,Monday,Weekday
19410,GKP ADI EXP,GORAKHPUR JN.,AHMEDABAD,Tuesday,Weekday
19411,AJMER INTERC,AHMEDABAD,AJMER JN.,Sunday,Weekend
19412,INTERCITY EX,AJMER JN.,AHMEDABAD,Friday,Weekday
19413,KOLKATA EXPR,AHMEDABAD,KOLKATA,Sunday,Weekend
19414,KOAA ADI EXP,KOLKATA,AHMEDABAD,Saturday,Weekend
19415,ADI SVDK EXP,AHMEDABAD,SHRI MATA VAISHNO DEVI KATRA,Saturday,Weekend
19416,SVDK ADI EXP,SHRI MATA VAISHNO DEVI KATRA,AHMEDABAD,Friday,Weekday
19419,MAS ADI EXPR,CHENNAI CENTRAL,AHMEDABAD,Saturday,Weekend
19420,ADI CHENNAI,AHMEDABAD,CHENNAI CENTRAL,Friday,Weekday
19421,ADI PNBE EXP,AHMEDABAD,PATNA JN.,Wednesday,Weekday
19422,PNBE ADI EXP,PATNA JN.,AHMEDABAD,Thursday,Weekday
19565,UTTARANCHAL,OKHA,DEHRA DUN,Friday,Weekday
19566,UTTARANCHAL,DEHRA DUN,OKHA,Sunday,Weekend
19567,VIVEK EXP,TUTICORIN,OKHA,Thursday,Weekday
19568,VIVEK EXPRES,OKHA,TUTICORIN,Saturday,Weekend
19571,RJT-PBR EXP,RAJKOT,PORBANDAR,Monday,Weekday
19572,PBR-RJT  EXP,PORBANDAR,RAJKOT,Thursday,Weekday
19573,JAIPUR EXPRE,OKHA,JAIPUR JN.,Thursday,Weekday
19574,JP OKHA EXP,JAIPUR JN.,OKHA,Thursday,Weekday
19575,OKHA  NDT EX,OKHA,NATHDWARA,Wednesday,Weekday
19576,NDT OKHA EXP,NATHDWARA,OKHA,Sunday,Weekend
19577,TEN  JAM EXP,TIRUNELVELI JN,JAMNAGAR,Saturday,Weekend
19578,JAM TEN EXPR,JAMNAGAR,TIRUNELVELI JN,Saturday,Weekend
19579,RJT DEE EXPR,RAJKOT,DELHI-SARAI ROHILLA,Saturday,Weekend
19580,DEE RJT EXP,DELHI-SARAI ROHILLA,RAJKOT,Sunday,Weekend
19601,UDZ NJP EXP,UDAIPUR CITY,NEW JALPAIGURI JN,Sunday,Weekend
19602,NJP UDZ EXPR,NEW JALPAIGURI JN,UDAIPUR CITY,Monday,Weekday
19607,KOAA AII EXP,KOLKATA,MADAR JN,Friday,Weekday
19608,AII KOAA EXP,MADAR JN,KOLKATA,Tuesday,Weekday
19609,UDZ HW EXP,UDAIPUR CITY,HARIDWAR JN,Friday,Weekday
19611,AJMER ASR EX,AJMER JN.,AMRITSAR JN.,Monday,Weekday
19612,ASR AJMER EX,AMRITSAR JN.,AJMER JN.,Sunday,Weekend
19613,AJMER ASR EX,AJMER JN.,AMRITSAR JN.,Saturday,Weekend
19614,ASR AII EXP,AMRITSAR JN.,AJMER JN.,Wednesday,Weekday
19659,SHM UDZ EXPR,SHALIMAR,UDAIPUR CITY,Saturday,Weekend
19660,UDZ SHM EXP,UDAIPUR CITY,SHALIMAR,Saturday,Weekend
19665,KURJ UDZ EXP,KHAJAURAHO,UDAIPUR CITY,Tuesday,Weekday
19666,UDZ KURJ EXP,UDAIPUR CITY,KHAJAURAHO,Thursday,Weekday
19707,ARAVALI EXPR,BANDRA TERMINUS,JAIPUR JN.,Sunday,Weekend
19708,ARAVALI EXPR,JAIPUR JN.,BANDRA TERMINUS,Sunday,Weekend
19709,KAVI GURU EX,JAIPUR JN.,KAMAKHYA JN,Wednesday,Weekday
19710,KYQ JP KAVIG,KAMAKHYA JN,JAIPUR JN.,Monday,Weekday
19711,JP BPL EXP,JAIPUR JN.,BHOPAL,Tuesday,Weekday
19712,BPL JAIPUR E,BHOPAL,JAIPUR JN.,Tuesday,Weekday
19713,JP SC EXP,JAIPUR JN.,SECUNDERABAD JN.,Saturday,Weekend
19714,SC JP EXP,SECUNDERABAD JN.,JAIPUR JN.,Tuesday,Weekday
19715,JP LJN EXP,JAIPUR JN.,LUCKNOW JN.,Saturday,Weekend
19716,LJN JP EXP,LUCKNOW JN.,JAIPUR JN.,Thursday,Weekday
19717,JP CDG INTER,JAIPUR JN.,CHANDIGARH,Tuesday,Weekday
19718,CDG JP INTER,CHANDIGARH,JAIPUR JN.,Sunday,Weekend
19803,KOTA-SVDK WE,KOTA,SHRI MATA VAISHNO DEVI KATRA,Tuesday,Weekday
19804,SVDK-KOTA WE,SHRI MATA VAISHNO DEVI KATRA,KOTA,Friday,Weekday
19805,KOTA-UHP WEE,KOTA,UDHAMPUR,Wednesday,Weekday
19806,UHP-KOTA WEE,UDHAMPUR,KOTA,Saturday,Weekend
19807,KOTA-JP EXP,KOTA,JAIPUR JN.,Saturday,Weekend
19808,JP-KOTA EXP,JAIPUR JN.,KOTA,Friday,Weekday
20501,AGTL - ANVT,AGARTALA,ANAND VIHAR TERMINAL,Monday,Weekday
20502,ANVT - AGTL,ANAND VIHAR TERMINAL,AGARTALA,Saturday,Weekend
20601,MAS-MDU WEEK,CHENNAI CENTRAL,MADURAI JN,Friday,Weekday
20602,MDU-MAS WEEK,MADURAI JN,CHENNAI CENTRAL,Saturday,Weekend
20651,SBC-SMET SF,KRANTIVIRA SANGOLLI RAYANNA (BENGALURU STATION),SHIMOGA TOWN,Friday,Weekday
20652,SMET-SBC  SF,SHIMOGA TOWN,KRANTIVIRA SANGOLLI RAYANNA (BENGALURU STATION),Monday,Weekday
20809,SBP-NED NAGA,SAMBALPUR JN.,NANDED,Sunday,Weekend
20810,NED-SBP NAGA,NANDED,SAMBALPUR JN.,Wednesday,Weekday
20811,VSKP-NANDED,VISAKHAPATNAM,NANDED,Friday,Weekday
20812,NANDED-VSKP,NANDED,VISAKHAPATNAM,Wednesday,Weekday
20813,PURI-JODHPUR,PURI,JODHPUR JN.,Tuesday,Weekday
20814,JODHPUR-PURI,JODHPUR JN.,PURI,Saturday,Weekend
20815,TATA-VSKP WE,TATANAGAR JN,VISAKHAPATNAM,Monday,Weekday
20816,VSKP-TATA WE,VISAKHAPATNAM,TATANAGAR JN,Wednesday,Weekday
20817,BBS-NDLS VIA,BHUBANESWAR,NEW DELHI,Saturday,Weekend
20818,NDLS-BBS VIA,NEW DELHI,BHUBANESWAR,Wednesday,Weekday
20889,HWH BZA HUMS,HOWRAH JN.,VIJAYWADA JN.,Friday,Weekday
20890,BZA HWH HUMS,VIJAYWADA JN.,HOWRAH JN.,Thursday,Weekday
20901,LINK EXPRESS,CHITTAURGARH JN,AJMER JN.,Sunday,Weekend
20902,LINK EXPRESS,AJMER JN.,CHITTAURGARH JN,Sunday,Weekend
20903,MAHAMANA SUP,VADODARA JN.,VARANASI JN.,Sunday,Weekend
20904,MAHAMANA SUP,VARANASI JN.,VADODARA JN.,Wednesday,Weekday
21067,LTT-PBH-RBL,PARTAPGARH JN.,RAE BARELI JN.,Saturday,Weekend
21068,RBL-PBH-LTT,RAE BARELI JN.,PARTAPGARH JN.,Friday,Weekday
21107,KURJ-BSB LIN,KHAJAURAHO,MAHOBA,Saturday,Weekend
21108,KURJ-BSB LIN,MAHOBA,KHAJAURAHO,Tuesday,Weekday
21125,INDORE BHIND,INDORE BG,BHIND,Friday,Weekday
21126,BIX - INDB E,BHIND,INDORE BG,Friday,Weekday
22101,CSMT-MMR RAJ,CST-MUMBAI,MANMAD JN.,Friday,Weekday
22102,MMR-CSMT RAJ,MANMAD JN.,CST-MUMBAI,Saturday,Weekend
22103,LTT-FD EXPRE,LOKMANYA TILAK TERMINUS,FAIZABAD JN.,Monday,Weekday
22104,FD-LTT SUPER,FAIZABAD JN.,LOKMANYA TILAK TERMINUS,Tuesday,Weekday
22105,INDRAYANI EX,CST-MUMBAI,PUNE JN.,Wednesday,Weekday
22106,INDRAYANI EX,PUNE JN.,CST-MUMBAI,Sunday,Weekend
22109,LTT NZM AC E,LOKMANYA TILAK TERMINUS,HAZRAT NIZAMUDDIN JN,Thursday,Weekday
22110,NZM LTT AC E,HAZRAT NIZAMUDDIN JN,LOKMANYA TILAK TERMINUS,Sunday,Weekend
22111,BSL-NGP INTE,BHUSAVAL JN.,NAGPUR JN.(CR),Saturday,Weekend
22112,NGP-BSL INTE,NAGPUR JN.(CR),BHUSAVAL JN.,Thursday,Weekday
22113,LTT-KCVL BI-,LOKMANYA TILAK TERMINUS,KOCHUVELI,Tuesday,Weekday
22114,KCVL-LTT BI-,KOCHUVELI,LOKMANYA TILAK TERMINUS,Sunday,Weekend
22115,LTT-KRMI AC,LOKMANYA TILAK TERMINUS,KARMALI,Thursday,Weekday
22116,KRMI-LTT AC,KARMALI,LOKMANYA TILAK TERMINUS,Wednesday,Weekday
22117,PUNE-AMI AC,PUNE JN.,AMRAVATI,Wednesday,Weekday
22118,AMI-PUNE AC,AMRAVATI,PUNE JN.,Wednesday,Weekday
22119,CSTM-KRMI TE,CST-MUMBAI,KARMALI,Sunday,Weekend
22120,KRMI-CSTM TE,KARMALI,CST-MUMBAI,Monday,Weekday
22121,LTT-LKO AC S,LOKMANYA TILAK TERMINUS,LUCKNOW JN.,Tuesday,Weekday
22122,LKO-LTT AC S,LUCKNOW JN.,LOKMANYA TILAK TERMINUS,Saturday,Weekend
22123,PUNE-AJNI AC,PUNE JN.,AJNI,Thursday,Weekday
22124,AJNI-PUNE-AC,AJNI,PUNE JN.,Saturday,Weekend
22125,NGP-ASR AC E,NAGPUR JN.(CR),AMRITSAR JN.,Monday,Weekday
22126,ASR-NGP AC E,AMRITSAR JN.,NAGPUR JN.(CR),Monday,Weekday
22127,LTT-KZJ ANAN,LOKMANYA TILAK TERMINUS,KAZIPET JN.,Thursday,Weekday
22128,KZJ-LTT ANAN,KAZIPET JN.,LOKMANYA TILAK TERMINUS,Tuesday,Weekday
22131,GYAN GANGA E,PUNE JN.,MANDUADIH,Wednesday,Weekday
22132,GYAN GANGA S,MANDUADIH,PUNE JN.,Friday,Weekday
22133,SUR-YPR EXP,SOLAPUR,YESVANTPUR JN.,Wednesday,Weekday
22134,YPR-SUR EXP,YESVANTPUR JN.,SOLAPUR,Wednesday,Weekday
22135,NGP-REWA EXP,NAGPUR JN.(CR),REWA,Tuesday,Weekday
22136,REWA-NGP EXP,REWA,NAGPUR JN.(CR),Friday,Weekday
22137,PRERANA EXPR,NAGPUR JN.(CR),AHMEDABAD,Tuesday,Weekday
22138,PRERANA EXPR,AHMEDABAD,NAGPUR JN.(CR),Friday,Weekday
22140,SUR-CSMT EXP,SOLAPUR,CST-MUMBAI,Thursday,Weekday
22143,CSMT-BIDAR E,CST-MUMBAI,BIDAR,Saturday,Weekend
22144,BIDAR-CSMT E,BIDAR,CST-MUMBAI,Thursday,Weekday
22145,PVR - MIRAJ,PANDHARPUR,MIRAJ JN.,Saturday,Weekend
22146,MRJ -PVR SUP,MIRAJ JN.,PANDHARPUR,Saturday,Weekend
22147,DR-SNSI SF E,DADAR,SAI NAGAR SHIRDI,Wednesday,Weekday
22148,SNSI-DR SF E,SAI NAGAR SHIRDI,DADAR,Sunday,Weekend
22149,ERS-PUNE SF,ERNAKULAM. JN,PUNE JN.,Tuesday,Weekday
22150,PUNE-ERS SF,PUNE JN.,ERNAKULAM. JN,Monday,Weekday
22151,PUNE-KZJ SF,PUNE JN.,KAZIPET JN.,Wednesday,Weekday
22152,KZJ-PUNE SF,KAZIPET JN.,PUNE JN.,Monday,Weekday
22161,BHOPAL-DAMOH,BHOPAL,DAMOH,Saturday,Weekend
22162,DAMOH-BHOPAL,DAMOH,BHOPAL,Wednesday,Weekday
22163,BPL-KURJ MAH,BHOPAL,KHAJAURAHO,Sunday,Weekend
22164,KURJ-BPL MAH,KHAJAURAHO,BHOPAL,Thursday,Weekday
22165,BPL-SGRL SF,BHOPAL,SINGRAULI,Monday,Weekday
22166,SGRL-BPL SF,SINGRAULI,BHOPAL,Thursday,Weekday
22168,NZM-SGRL SF,HAZRAT NIZAMUDDIN JN,SINGRAULI,Thursday,Weekday
22181,JBP-NZM DAIL,JABALPUR,HAZRAT NIZAMUDDIN JN,Thursday,Weekday
22182,NZM-JBP DAIL,HAZRAT NIZAMUDDIN JN,JABALPUR,Friday,Weekday
22187,HBJ-JBP INTE,HABIBGANJ,JABALPUR,Monday,Weekday
22188,JBP-HBJ INTE,JABALPUR,HABIBGANJ,Thursday,Weekday
22189,JBP-REWA INT,JABALPUR,REWA,Thursday,Weekday
22190,REWA-JBP INT,REWA,JABALPUR,Wednesday,Weekday
22191,IND-JBP OVER,INDORE BG,JABALPUR,Sunday,Weekend
22192,JBP- IND OVE,JABALPUR,INDORE BG,Wednesday,Weekday
22201,DURONTO EXPR,SEALDAH,PURI,Wednesday,Weekday
22202,DURONTO EXPR,PURI,SEALDAH,Friday,Weekday
22203,VSKP-SCAC DU,VISAKHAPATNAM,SECUNDERABAD JN.,Wednesday,Weekday
22204,SC-VSKP AC,SECUNDERABAD JN.,VISAKHAPATNAM,Wednesday,Weekday
22205,MAS-MDU DURA,CHENNAI CENTRAL,MADURAI JN,Wednesday,Weekday
22206,MDU-MAS  DUR,MADURAI JN,CHENNAI CENTRAL,Thursday,Weekday
22207,MAS-TVC AC E,CHENNAI CENTRAL,TRIVANDRUM CENTRAL,Monday,Weekday
22208,TVC-MAS AC E,TRIVANDRUM CENTRAL,CHENNAI CENTRAL,Tuesday,Weekday
22209,NDLS DURONTO,MUMBAI CENTRAL,NEW DELHI,Saturday,Weekend
22210,BCT DURONTO,NEW DELHI,MUMBAI CENTRAL,Monday,Weekday
22213,SHM-PNBE DUR,SHALIMAR,PATNA JN.,Wednesday,Weekday
22214,PNBE - SHM D,PATNA JN.,SHALIMAR,Monday,Weekday
22307,MTD-BKN,MERTA ROAD JN.,BIKANER JN.,Sunday,Weekend
22308,BKN-MTD,BIKANER JN.,MERTA ROAD JN.,Saturday,Weekend
22309,HWH NJP AC E,HOWRAH JN.,NEW JALPAIGURI JN,Saturday,Weekend
22310,NJP HWH AC,NEW JALPAIGURI JN,HOWRAH JN.,Thursday,Weekday
22321,HOOL EXP,HOWRAH JN.,SIURI,Tuesday,Weekday
22322,HOOL EXP,SIURI,HOWRAH JN.,Wednesday,Weekday
22323,KOAA GCT SHA,KOLKATA,GHAZIPUR CITY,Saturday,Weekend
22324,GCT KOAA WEE,GHAZIPUR CITY,KOLKATA,Monday,Weekday
22351,PPTA - YPR E,PATLIPUTRA,YESVANTPUR JN.,Wednesday,Weekday
22352,YPR - PPTA E,YESVANTPUR JN.,PATLIPUTRA,Monday,Weekday
22356,CDG - PPTA S,CHANDIGARH,PATLIPUTRA,Thursday,Weekday
22387,BLACKDIMOND,HOWRAH JN.,DHANBAD JN.,Thursday,Weekday
22388,BLACKDIAMOND,DHANBAD JN.,HOWRAH JN.,Thursday,Weekday
22401,DEE-UHP AC E,DELHI-SARAI ROHILLA,UDHAMPUR,Tuesday,Weekday
22402,UHP-DEE AC E,UDHAMPUR,DELHI-SARAI ROHILLA,Thursday,Weekday
22403,PDY-NDLS WEE,PONDICHERRY,NEW DELHI,Thursday,Weekday
22404,NDLS-PDY WEE,NEW DELHI,PONDICHERRY,Tuesday,Weekday
22405,BGP-ANVT GAR,BHAGALPUR,ANAND VIHAR TERMINAL,Sunday,Weekend
22406,ANVT-BGP GAR,ANAND VIHAR TERMINAL,BHAGALPUR,Wednesday,Weekday
22407,BSB-ANVT GAR,VARANASI JN.,ANAND VIHAR TERMINAL,Friday,Weekday
22408,ANVT-BSB GAR,ANAND VIHAR TERMINAL,VARANASI JN.,Wednesday,Weekday
22409,GAYA -ANVT G,GAYA JN.,ANAND VIHAR TERMINAL,Friday,Weekday
22410,ANVT-GAYA GA,ANAND VIHAR TERMINAL,GAYA JN.,Saturday,Weekend
22411,NHLN-NDLS AC,NAHARLAGUN,NEW DELHI,Sunday,Weekend
22412,NDLS-NHLN AC,NEW DELHI,NAHARLAGUN,Saturday,Weekend
22413,MAO-NZM RAJD,MADGOAN JN.,HAZRAT NIZAMUDDIN JN,Monday,Weekday
22414,NZM-MAO RAJD,HAZRAT NIZAMUDDIN JN,MADGOAN JN.,Monday,Weekday
22415,SUPERFAST AC,VISAKHAPATNAM,NEW DELHI,Friday,Weekday
22416,NDLS-VSKP AC,NEW DELHI,VISAKHAPATNAM,Wednesday,Weekday
22417,MAHAMANA EXP,VARANASI JN.,NEW DELHI,Wednesday,Weekday
22418,MAHAMANA EXP,NEW DELHI,VARANASI JN.,Saturday,Weekend
22419,GCT-ANVT SUH,GHAZIPUR CITY,ANAND VIHAR TERMINAL,Monday,Weekday
22420,ANVT-GCT SUH,ANAND VIHAR TERMINAL,GHAZIPUR CITY,Monday,Weekday
22421,DEE BGKT SF,DELHI-SARAI ROHILLA,BHAGAT-KI-KOTHI,Tuesday,Weekday
22422,BGKT DEE SF,BHAGAT-KI-KOTHI,DELHI-SARAI ROHILLA,Thursday,Weekday
22423,GKP-ASR SUPE,GORAKHPUR JN.,AMRITSAR JN.,Tuesday,Weekday
22424,ASR-GKP SUPE,AMRITSAR JN.,GORAKHPUR JN.,Friday,Weekday
22427,BUI-ANVT SUF,BALLIA,ANAND VIHAR TERMINAL,Saturday,Weekend
22428,ANVT-BUI SUF,ANAND VIHAR TERMINAL,BALLIA,Sunday,Weekend
22429,DLI-PTK EXP,DELHI JN.,PATHANKOT JN.,Friday,Weekday
22430,PTK-DLI SUPE,PATHANKOT JN.,DELHI JN.,Friday,Weekday
22431,ALD-UHP BI-W,ALLAHABAD JN.,UDHAMPUR,Sunday,Weekend
22432,UHP-ALD BI-W,UDHAMPUR,ALLAHABAD JN.,Saturday,Weekend
22433,GCT-ANVT EXP,GHAZIPUR CITY,ANAND VIHAR TERMINAL,Sunday,Weekend
22434,ANVT-GCT EXP,ANAND VIHAR TERMINAL,GHAZIPUR CITY,Monday,Weekday
22441,ALD-CNB-INTE,ALLAHABAD JN.,KANPUR CENTRAL JN.,Thursday,Weekday
22442,CNB-ALD-INTE,KANPUR CENTRAL JN.,ALLAHABAD JN.,Wednesday,Weekday
22443,CNB-BDTS EXP,KANPUR CENTRAL JN.,BANDRA TERMINUS,Sunday,Weekend
22444,BDTS  CNB EX,BANDRA TERMINUS,KANPUR CENTRAL JN.,Saturday,Weekend
22445,CNB ASR SUPE,KANPUR CENTRAL JN.,AMRITSAR JN.,Wednesday,Weekday
22446,ASR CNB EXPR,AMRITSAR JN.,KANPUR CENTRAL JN.,Thursday,Weekday
22447,NZM-KURJ-S.K,KHAJAURAHO,MAHOBA,Monday,Weekday
22448,NZM-KURJ-S.,MAHOBA,KHAJAURAHO,Wednesday,Weekday
22451,BDTS - CDG E,BANDRA TERMINUS,CHANDIGARH,Tuesday,Weekday
22452,CDG - BDTS E,CHANDIGARH,BANDRA TERMINUS,Saturday,Weekend
22453,RAJYA RANI E,LUCKNOW JN.,MEERUT CITY JN.,Thursday,Weekday
22454,RAJYA RANI E,MEERUT CITY JN.,LUCKNOW JN.,Monday,Weekday
22455,SNSI-KLK SUP,SAI NAGAR SHIRDI,KALKA,Friday,Weekday
22456,KLK-SNSI SUP,KALKA,SAI NAGAR SHIRDI,Thursday,Weekday
22457,NED-NLDM SUP,NANDED,UNA HIMACHAL,Monday,Weekday
22458,NLDM-NED SUP,UNA HIMACHAL,NANDED,Tuesday,Weekday
22461,SHRI SHAKTI,NEW DELHI,SHRI MATA VAISHNO DEVI KATRA,Thursday,Weekday
22462,SHRI SHAKTI,SHRI MATA VAISHNO DEVI KATRA,NEW DELHI,Monday,Weekday
22463,MTD-BKN  LIN,MERTA ROAD JN.,BIKANER JN.,Saturday,Weekend
22464,BKN-MTD  LIN,BIKANER JN.,MERTA ROAD JN.,Monday,Weekday
22471,BKN DEE SF E,BIKANER JN.,DELHI-SARAI ROHILLA,Sunday,Weekend
22472,DEE BKN SF E,DELHI-SARAI ROHILLA,BIKANER JN.,Tuesday,Weekday
22473,BKN BDTS SF,BIKANER JN.,BANDRA TERMINUS,Friday,Weekday
22474,BDTS BKN SF,BANDRA TERMINUS,BIKANER JN.,Monday,Weekday
22475,BKN CBE AC S,BIKANER JN.,COIMBATORE JN.,Tuesday,Weekday
22476,CBE BKN AC S,COIMBATORE JN.,BIKANER JN.,Saturday,Weekend
22477,JU JP SF EXP,JODHPUR JN.,JAIPUR JN.,Thursday,Weekday
22478,JP JU SF EXP,JAIPUR JN.,JODHPUR JN.,Wednesday,Weekday
22481,JU DEE SF EX,JODHPUR JN.,DELHI-SARAI ROHILLA,Tuesday,Weekday
22482,DEE JU SF EX,DELHI-SARAI ROHILLA,JODHPUR JN.,Saturday,Weekend
22483,JU GIMB SF E,JODHPUR JN.,GANDHIDHAM JN.,Monday,Weekday
22484,JODHPUR EXPR,GANDHIDHAM JN.,JODHPUR JN.,Saturday,Weekend
22487,RDP-KIR EXPR,RADHIKAPUR,KATIHAR JN.,Thursday,Weekday
22488,KIR-RDP EXPR,KATIHAR JN.,RADHIKAPUR,Friday,Weekday
22497,SGNR TPJ HUM,SHRI GANGANAGAR,TIRUCHIRAPPALLI JN.,Thursday,Weekday
22501,SBC - NTSK S,KRANTIVIRA SANGOLLI RAYANNA (BENGALURU STATION),NEW TINSUKIA JN,Wednesday,Weekday
22502,NTSK - SBC S,NEW TINSUKIA JN,KRANTIVIRA SANGOLLI RAYANNA (BENGALURU STATION),Friday,Weekday
22511,KARMABHOOMI,LOKMANYA TILAK TERMINUS,KAMAKHYA JN,Tuesday,Weekday
22512,KARMABHOOMI,KAMAKHYA JN,LOKMANYA TILAK TERMINUS,Saturday,Weekend
22531,chhapra-math,CHHAPRA JN.,MATHURA JN.,Thursday,Weekday
22532,mathura - ch,MATHURA JN.,CHHAPRA JN.,Sunday,Weekend
22601,MAS-SNSI EXP,CHENNAI CENTRAL,SAI NAGAR SHIRDI,Friday,Weekday
22602,SNSI-MAS EXP,SAI NAGAR SHIRDI,CHENNAI CENTRAL,Monday,Weekday
22603,KGP VM BI-WK,KHARAGPUR,VILLUPURAM JN.,Sunday,Weekend
22604,VM-KGP BI-WK,VILLUPURAM JN.,KHARAGPUR,Monday,Weekday
22605,PRR-VM WKLY,PURULIA JN.,VILLUPURAM JN.,Saturday,Weekend
22606,VM-PRR WKLY,VILLUPURAM JN.,PURULIA JN.,Sunday,Weekend
22607,BANGALORE SF,ERNAKULAM. JN,KRANTIVIRA SANGOLLI RAYANNA (BENGALURU STATION),Tuesday,Weekday
22608,ERNAKULAM SF,KRANTIVIRA SANGOLLI RAYANNA (BENGALURU STATION),ERNAKULAM. JN,Saturday,Weekend
22609,MAQ-CBE INTE,MANGALORE CENTRAL,COIMBATORE JN.,Friday,Weekday
22610,CBE-MAQ INTE,COIMBATORE JN.,MANGALORE CENTRAL,Wednesday,Weekday
22611,MAS NJP EXPR,CHENNAI CENTRAL,NEW JALPAIGURI JN,Saturday,Weekend
22612,NJP MAS EXPR,NEW JALPAIGURI JN,CHENNAI CENTRAL,Monday,Weekday
22613,MAS-HLZ WEEK,CHENNAI CENTRAL,HALDIA,Friday,Weekday
22614,HLZ-MAS WEEK,HALDIA,CHENNAI CENTRAL,Monday,Weekday
22615,TPTY-CBE  EX,TIRUPATI,COIMBATORE JN.,Monday,Weekday
22616,CBE-TPTY EXP,COIMBATORE JN.,TIRUPATI,Monday,Weekday
22617,SBC-TPTY  EX,KRANTIVIRA SANGOLLI RAYANNA (BENGALURU STATION),TIRUPATI,Monday,Weekday
22618,TPTY-SBC  EX,TIRUPATI,KRANTIVIRA SANGOLLI RAYANNA (BENGALURU STATION),Tuesday,Weekday
22619,BSP TEN  WEE,BILASPUR JN.,TIRUNELVELI JN,Monday,Weekday
22620,TEN BSP  WEE,TIRUNELVELI JN,BILASPUR JN.,Monday,Weekday
22621,RMM-CAPE SUP,RAMESWARAM,KANNIYAKUMARI,Sunday,Weekend
22622,CAPE-RMM SUP,KANNIYAKUMARI,RAMESWARAM,Tuesday,Weekday
22623,MS MDU SUPER,CHENNAI EGMORE,MADURAI JN,Thursday,Weekday
22624,MDU MS SUPER,MADURAI JN,CHENNAI EGMORE,Sunday,Weekend
22625,MAS-SBC AC D,CHENNAI CENTRAL,KRANTIVIRA SANGOLLI RAYANNA (BENGALURU STATION),Monday,Weekday
22626,SBC-MAS AC D,KRANTIVIRA SANGOLLI RAYANNA (BENGALURU STATION),CHENNAI CENTRAL,Saturday,Weekend
22627,TPJ-TVC INTE,TIRUCHIRAPPALLI JN.,TRIVANDRUM CENTRAL,Wednesday,Weekday
22628,TVC-TPJ INTE,TRIVANDRUM CENTRAL,TIRUCHIRAPPALLI JN.,Friday,Weekday
22629,DADAR TEN EX,DADAR,TIRUNELVELI JN,Sunday,Weekend
22630,TEN DR EXPRE,TIRUNELVELI JN,DADAR,Friday,Weekday
22631,MAS-BKN ANUR,CHENNAI CENTRAL,BIKANER JN.,Thursday,Weekday
22632,BKN-MAS  ANU,BIKANER JN.,CHENNAI CENTRAL,Monday,Weekday
22633,NIZAMUDDIN E,TRIVANDRUM CENTRAL,HAZRAT NIZAMUDDIN JN,Wednesday,Weekday
22634,NZM TVC SF E,HAZRAT NIZAMUDDIN JN,TRIVANDRUM CENTRAL,Sunday,Weekend
22635,MAQ INTERCIT,MADGOAN JN.,MANGALORE CENTRAL,Saturday,Weekend
22636,MAQ-MAO SF I,MANGALORE CENTRAL,MADGOAN JN.,Sunday,Weekend
22637,WEST COAST E,CHENNAI CENTRAL,MANGALORE CENTRAL,Monday,Weekday
22638,WEST COAST E,MANGALORE CENTRAL,CHENNAI CENTRAL,Friday,Weekday
22639,ALLEPPEY EXP,CHENNAI CENTRAL,ALLEPPEY,Friday,Weekday
22640,CHENNAI EXPR,ALLEPPEY,CHENNAI CENTRAL,Sunday,Weekend
22641,SHALIMAR EXP,TRIVANDRUM CENTRAL,SHALIMAR,Tuesday,Weekday
22642,SHM TVC SF E,SHALIMAR,TRIVANDRUM CENTRAL,Thursday,Weekday
22643,PATNA EXPRES,ERNAKULAM. JN,PATNA JN.,Saturday,Weekend
22644,PNBE ERS EXP,PATNA JN.,ERNAKULAM. JN,Friday,Weekday
22645,AHILYANAGARI,INDORE BG,TRIVANDRUM CENTRAL,Friday,Weekday
22646,AHILYANAGARI,TRIVANDRUM CENTRAL,INDORE BG,Monday,Weekday
22647,KRBA TVC EXP,KORBA,TRIVANDRUM CENTRAL,Saturday,Weekend
22648,TVC KRBA SF,TRIVANDRUM CENTRAL,KORBA,Friday,Weekday
22649,YERCAUD EXPR,CHENNAI CENTRAL,ERODE JN.,Wednesday,Weekday
22650,YERCAUD EXP,ERODE JN.,CHENNAI CENTRAL,Sunday,Weekend
22651,MAS-PGT  EXP,CHENNAI CENTRAL,PALAKKAD JN,Thursday,Weekday
22652,PGT-MAS SF E,PALAKKAD JN,CHENNAI CENTRAL,Friday,Weekday
22653,TVC-NZM WKLY,TRIVANDRUM CENTRAL,HAZRAT NIZAMUDDIN JN,Wednesday,Weekday
22654,NZM-TVC WKLY,HAZRAT NIZAMUDDIN JN,TRIVANDRUM CENTRAL,Saturday,Weekend
22655,TVC-NZM WKLY,TRIVANDRUM CENTRAL,HAZRAT NIZAMUDDIN JN,Thursday,Weekday
22656,NZM-TVC WKLY,HAZRAT NIZAMUDDIN JN,TRIVANDRUM CENTRAL,Tuesday,Weekday
22659,KCVL-DDN  EX,KOCHUVELI,DEHRA DUN,Saturday,Weekend
22660,DDN KCVL SUP,DEHRA DUN,KOCHUVELI,Friday,Weekday
22661,MS-RMM SUPER,CHENNAI EGMORE,RAMESWARAM,Thursday,Weekday
22662,RMM-MS SUPER,RAMESWARAM,CHENNAI EGMORE,Saturday,Weekend
22663,MS-JU WEEKLY,CHENNAI EGMORE,JODHPUR JN.,Thursday,Weekday
22664,JU-MS WEEKLY,JODHPUR JN.,CHENNAI EGMORE,Monday,Weekday
22667,NCJ-CBE SUPE,NAGERCOIL JN.,COIMBATORE JN.,Friday,Weekday
22668,CBE-NCJ SUPE,COIMBATORE JN.,NAGERCOIL JN.,Friday,Weekday
22669,TN-CBE LINK,TUTICORIN,VANCHI MANIYACHCHI JN,Friday,Weekday
22670,CBE-TN LINK,VANCHI MANIYACHCHI JN,TUTICORIN,Thursday,Weekday
22677,YPR-KCVL A/C,YESVANTPUR JN.,KOCHUVELI,Tuesday,Weekday
22678,KCVL-YPR A/C,KOCHUVELI,YESVANTPUR JN.,Sunday,Weekend
22679,YPR-HAS SUPE,YESVANTPUR JN.,HASSAN JN.,Saturday,Weekend
22680,HAS-YPR SUPE,HASSAN JN.,YESVANTPUR JN.,Thursday,Weekday
22681,MYS-MAS EXPR,MYSORE JN.,CHENNAI CENTRAL,Thursday,Weekday
22682,MAS-MYS EXPR,CHENNAI CENTRAL,MYSORE JN.,Wednesday,Weekday
22683,YPR-LKO WEEK,YESVANTPUR JN.,LUCKNOW JN.,Friday,Weekday
22684,LKO-YPR WEEK,LUCKNOW JN.,YESVANTPUR JN.,Monday,Weekday
22685,YPR-CDG BI-,YESVANTPUR JN.,CHANDIGARH,Wednesday,Weekday
22686,CDG-YPR BI W,CHANDIGARH,YESVANTPUR JN.,Monday,Weekday
22687,SRE-CDG LINK,SAHARANPUR JN.,CHANDIGARH,Saturday,Weekend
22688,CDG-MAS LINK,CHANDIGARH,SAHARANPUR JN.,Friday,Weekday
22691,BANGALORE RA,KRANTIVIRA SANGOLLI RAYANNA (BENGALURU STATION),HAZRAT NIZAMUDDIN JN,Tuesday,Weekday
22692,BANGALORE RA,HAZRAT NIZAMUDDIN JN,KRANTIVIRA SANGOLLI RAYANNA (BENGALURU STATION),Friday,Weekday
22697,UBL CHENNAI,HUBLI JN.,CHENNAI CENTRAL,Sunday,Weekend
22698,MAS- HUBLI E,CHENNAI CENTRAL,HUBLI JN.,Sunday,Weekend
22705,TPTY-JAT,TIRUPATI,JAMMU TAWI,Friday,Weekday
22706,JAT-TPTY,JAMMU TAWI,TIRUPATI,Monday,Weekday
22707,VSKP-TPTY WK,VISAKHAPATNAM,TIRUPATI,Thursday,Weekday
22708,TPTY-VSKP TR,TIRUPATI,VISAKHAPATNAM,Friday,Weekday
22801,VSKP MAS WEE,VISAKHAPATNAM,CHENNAI CENTRAL,Monday,Weekday
22803,HWH-SBP S/F,HOWRAH JN.,SAMBALPUR JN.,Wednesday,Weekday
22804,SBP-HWH S/F,SAMBALPUR JN.,HOWRAH JN.,Friday,Weekday
22805,BBS ANVT WEE,BHUBANESWAR,ANAND VIHAR TERMINAL,Wednesday,Weekday
22806,ANVT BBS WEE,ANAND VIHAR TERMINAL,BHUBANESWAR,Friday,Weekday
22807,SRC - MAS AC,SANTRAGACHI JN.,CHENNAI CENTRAL,Saturday,Weekend
22808,MAS - SRC AC,CHENNAI CENTRAL,SANTRAGACHI JN.,Tuesday,Weekday
22809,PRDP-VSKP WE,PARADEEP,VISAKHAPATNAM,Saturday,Weekend
22810,VSKP-PRDP WE,VISAKHAPATNAM,PARADEEP,Friday,Weekday
22811,BBS-NDLS RAJ,BHUBANESWAR,NEW DELHI,Friday,Weekday
22812,NDLS-BBS RAJ,NEW DELHI,BHUBANESWAR,Thursday,Weekday
22813,SRC-PRDP WEE,SANTRAGACHI JN.,PARADEEP,Sunday,Weekend
22814,PRDP-SRC WEE,PARADEEP,SANTRAGACHI JN.,Tuesday,Weekday
22815,BSP - ERS SF,BILASPUR JN.,ERNAKULAM. JN,Sunday,Weekend
22816,ERS - BSP SF,ERNAKULAM. JN,BILASPUR JN.,Tuesday,Weekday
22817,HWH-MYS SF E,HOWRAH JN.,MYSORE JN.,Wednesday,Weekday
22818,MYS - HWH SF,MYSORE JN.,HOWRAH JN.,Tuesday,Weekday
22819,BBS-VSKP SF,BHUBANESWAR,VISAKHAPATNAM,Monday,Weekday
22821,JHG-PRR BI-W,JHARGRAM,PURULIA JN.,Saturday,Weekend
22822,PRR-JGM EXPR,PURULIA JN.,JHARGRAM,Sunday,Weekend
22823,BBS-NDLS RAJ,BHUBANESWAR,NEW DELHI,Tuesday,Weekday
22824,NDLS-BBS RAJ,NEW DELHI,BHUBANESWAR,Sunday,Weekend
22825,SHM - MAS S/,SHALIMAR,CHENNAI CENTRAL,Saturday,Weekend
22826,MAS - SHM EX,CHENNAI CENTRAL,SHALIMAR,Wednesday,Weekday
22827,PURI-SURAT S,PURI,SURAT,Tuesday,Weekday
22828,SURAT-PURI S,SURAT,PURI,Friday,Weekday
22829,BVJ - SHM EX,NEW BHUJ,SHALIMAR,Tuesday,Weekday
22830,SHM-BVJ EXP,SHALIMAR,NEW BHUJ,Thursday,Weekday
22831,HWH-SRI SATY,HOWRAH JN.,SRI SATYA SAI PRASANTI NILAYAM,Friday,Weekday
22832,SRISATYASAIP,SRI SATYA SAI PRASANTI NILAYAM,HOWRAH JN.,Monday,Weekday
22833,BBS-KJM WEEK,BHUBANESWAR,KRISHNA RAJA PURAM,Monday,Weekday
22834,KJM-BBS WEEK,KRISHNA RAJA PURAM,BHUBANESWAR,Sunday,Weekend
22835,SHM-PURI S/F,SHALIMAR,PURI,Tuesday,Weekday
22836,PURI-SHM S/F,PURI,SHALIMAR,Wednesday,Weekday
22837,HTE ERS DHAR,HATIA,ERNAKULAM. JN,Friday,Weekday
22838,ERS HTE DHAR,ERNAKULAM. JN,HATIA,Saturday,Weekend
22839,ROU-BBS INTE,ROURKELA,BHUBANESWAR,Monday,Weekday
22840,BBS-ROU INTE,BHUBANESWAR,ROURKELA,Monday,Weekday
22843,BSP - PNBE S,BILASPUR JN.,PATNA JN.,Sunday,Weekend
22844,PNBE - BSP S,PATNA JN.,BILASPUR JN.,Tuesday,Weekday
22845,PUNE - HTE E,PUNE JN.,HATIA,Monday,Weekday
22846,HTE PUNE EXP,HATIA,PUNE JN.,Wednesday,Weekday
22847,VSKP-LTT S/F,VISAKHAPATNAM,LOKMANYA TILAK TERMINUS,Monday,Weekday
22848,LTT-VSKP S/F,LOKMANYA TILAK TERMINUS,VISAKHAPATNAM,Saturday,Weekend
22849,SHM - SC S/F,SHALIMAR,SECUNDERABAD JN.,Thursday,Weekday
22850,SC-SHM SF EX,SECUNDERABAD JN.,SHALIMAR,Wednesday,Weekday
22851,SRC - MAQ SF,SANTRAGACHI JN.,MANGALORE CENTRAL,Friday,Weekday
22852,MAQ - SRC SF,MANGALORE CENTRAL,SANTRAGACHI JN.,Monday,Weekday
22853,SHM - VSKP W,SHALIMAR,VISAKHAPATNAM,Thursday,Weekday
22854,VSKP-SHM WEK,VISAKHAPATNAM,SHALIMAR,Sunday,Weekend
22855,SRC - TPTY W,SANTRAGACHI JN.,TIRUPATI,Sunday,Weekend
22856,TPTY-SRC,TIRUPATI,SANTRAGACHI JN.,Wednesday,Weekday
22857,SRC ANVT WEE,SANTRAGACHI JN.,ANAND VIHAR TERMINAL,Saturday,Weekend
22858,ANVT SRC WEK,ANAND VIHAR TERMINAL,SANTRAGACHI JN.,Wednesday,Weekday
22859,PURI-MAS S/F,PURI,CHENNAI CENTRAL,Saturday,Weekend
22860,MAS-PURI S/F,CHENNAI CENTRAL,PURI,Tuesday,Weekday
22861,SHM-ADRA RAJ,SHALIMAR,ADRA,Friday,Weekday
22862,SHM-ADRA RAJ,ADRA,SHALIMAR,Wednesday,Weekday
22863,HWH-YPR WEEK,HOWRAH JN.,YESVANTPUR JN.,Monday,Weekday
22864,YPR-HWH AC E,YESVANTPUR JN.,HOWRAH JN.,Sunday,Weekend
22865,LTT-PURI S/F,LOKMANYA TILAK TERMINUS,PURI,Wednesday,Weekday
22866,PURI-LTT S/F,PURI,LOKMANYA TILAK TERMINUS,Tuesday,Weekday
22867,DURG-NZM HUM,DURG,HAZRAT NIZAMUDDIN JN,Thursday,Weekday
22868,NZM-DURG HUM,HAZRAT NIZAMUDDIN JN,DURG,Friday,Weekday
22869,VSKP-MAS S/F,VISAKHAPATNAM,CHENNAI CENTRAL,Thursday,Weekday
22870,MAS-VSKP S/F,CHENNAI CENTRAL,VISAKHAPATNAM,Thursday,Weekday
22871,BBS-TPTY S/F,BHUBANESWAR,TIRUPATI,Friday,Weekday
22872,TPTY-BBS S/F,TIRUPATI,BHUBANESWAR,Thursday,Weekday
22873,DGHA-VSKP S/,DIGHA FS,VISAKHAPATNAM,Sunday,Weekend
22874,VSKP-DGHA S/,VISAKHAPATNAM,DIGHA FS,Thursday,Weekday
22875,KGP-PRR EXPR,KHARAGPUR,PURULIA JN.,Saturday,Weekend
22876,PRR-KGP EXPR,PURULIA JN.,KHARAGPUR,Monday,Weekday
22877,HWH-ERS ANTY,HOWRAH JN.,ERNAKULAM. JN,Saturday,Weekend
22878,ERS-HWH ANTY,ERNAKULAM. JN,HOWRAH JN.,Friday,Weekday
22879,BBS-TPTY S/F,BHUBANESWAR,TIRUPATI,Wednesday,Weekday
22880,TPTY-BBS S/F,TIRUPATI,BHUBANESWAR,Sunday,Weekend
22881,PUNE-BBS S/F,PUNE JN.,BHUBANESWAR,Saturday,Weekend
22882,BBS-PUNE S/F,BHUBANESWAR,PUNE JN.,Wednesday,Weekday
22883,PURI-YPR GAR,PURI,YESVANTPUR JN.,Sunday,Weekend
22884,YPR-PURI GAR,YESVANTPUR JN.,PURI,Sunday,Weekend
22885,LTT-TATA ANT,LOKMANYA TILAK TERMINUS,TATANAGAR JN,Thursday,Weekday
22886,TATA-LTT ANT,TATANAGAR JN,LOKMANYA TILAK TERMINUS,Monday,Weekday
22887,HWH-YPR-HWH,HOWRAH JN.,YESVANTPUR JN.,Wednesday,Weekday
22888,YPR-HWH HUMS,YESVANTPUR JN.,HOWRAH JN.,Wednesday,Weekday
22889,DGHA-PURI S/,DIGHA FS,PURI,Wednesday,Weekday
22890,PURI-DGHA S/,PURI,DIGHA FS,Thursday,Weekday
22891,HWH-RNC INTE,HOWRAH JN.,RANCHI,Sunday,Weekend
22892,RNCHWH INTER,RANCHI,HOWRAH JN.,Wednesday,Weekday
22893,SNSI-HWH EXP,SAI NAGAR SHIRDI,HOWRAH JN.,Friday,Weekday
22894,HWH-SNSI EXP,HOWRAH JN.,SAI NAGAR SHIRDI,Monday,Weekday
22897,HWH-DGHA KAN,HOWRAH JN.,DIGHA FS,Sunday,Weekend
22898,DGHA -HWHKAN,DIGHA FS,HOWRAH JN.,Friday,Weekday
22901,BDTS UDZ AII,BANDRA TERMINUS,UDAIPUR CITY,Thursday,Weekday
22902,UDZ BDTS SUP,UDAIPUR CITY,BANDRA TERMINUS,Friday,Weekday
22903,BHUJ AC S F,BANDRA TERMINUS,NEW BHUJ,Wednesday,Weekday
22904,BDTS AC S F,NEW BHUJ,BANDRA TERMINUS,Sunday,Weekend
22905,OKHA-HAPA LI,OKHA,HAPA,Monday,Weekday
22906,HAPA-OKHA LI,HAPA,OKHA,Monday,Weekday
22907,MAO HAPA SUP,MADGOAN JN.,HAPA,Wednesday,Weekday
22908,HAPA MADGAON,HAPA,MADGOAN JN.,Thursday,Weekday
22909,BL  PURI S F,VALSAD,PURI,Wednesday,Weekday
22910,PURI VALSAD,PURI,VALSAD,Saturday,Weekend
22911,SHIPRA EXPRE,INDORE BG,HOWRAH JN.,Monday,Weekday
22912,SHIPRA EXP,HOWRAH JN.,INDORE BG,Sunday,Weekend
22914,PATNA BDTS H,PATNA JN.,BANDRA TERMINUS,Saturday,Weekend
22915,BDTS HSR SF,BANDRA TERMINUS,HISAR JN,Thursday,Weekday
22916,HSR BDTS S F,HISAR JN,BANDRA TERMINUS,Thursday,Weekday
22917,HARIDWAR EXP,BANDRA TERMINUS,HARIDWAR JN,Tuesday,Weekday
22918,HW BDTS SF E,HARIDWAR JN,BANDRA TERMINUS,Sunday,Weekend
22919,CHENNAI ADI,CHENNAI CENTRAL,AHMEDABAD,Tuesday,Weekday
22920,ADI CHENNAI,AHMEDABAD,CHENNAI CENTRAL,Thursday,Weekday
22925,UMB - KLK LI,AMBALA CANTT JN,KALKA,Saturday,Weekend
22926,KLK - UMB LI,KALKA,AMBALA CANTT JN,Friday,Weekday
22927,LOK SHAKTI E,BANDRA TERMINUS,AHMEDABAD,Thursday,Weekday
22928,LOK SHAKTI E,AHMEDABAD,BANDRA TERMINUS,Friday,Weekday
22929,BLD BRC EXP,BHILAD,VADODARA JN.,Wednesday,Weekday
22930,BRC BLD EXP,VADODARA JN.,BHILAD,Saturday,Weekend
22931,BDTS JSM EXP,BANDRA TERMINUS,JAISALMER,Monday,Weekday
22932,JSM BDTS SF,JAISALMER,BANDRA TERMINUS,Sunday,Weekend
22933,BDTS JP SF E,BANDRA TERMINUS,JAIPUR JN.,Tuesday,Weekday
22934,JP BDTS SF E,JAIPUR JN.,BANDRA TERMINUS,Saturday,Weekend
22935,BDTS PIT  SF,BANDRA TERMINUS,PALITANA,Wednesday,Weekday
22936,PIT BDTS SF,PALITANA,BANDRA TERMINUS,Friday,Weekday
22937,RAJKOT REWA,RAJKOT,REWA,Saturday,Weekend
22938,REWA RJT SUP,REWA,RAJKOT,Friday,Weekday
22939,HAPA BSP EXP,HAPA,BILASPUR JN.,Monday,Weekday
22940,BSP HAPA EXP,BILASPUR JN.,HAPA,Saturday,Weekend
22941,INDB JAT SF,INDORE BG,JAMMU TAWI,Saturday,Weekend
22942,JAT INDB SF,JAMMU TAWI,INDORE BG,Saturday,Weekend
22943,PUNE INDORE,PUNE JN.,INDORE BG,Sunday,Weekend
22944,IND PUNE EXP,INDORE BG,PUNE JN.,Sunday,Weekend
22945,SAURASHTRA M,MUMBAI CENTRAL,OKHA,Thursday,Weekday
22946,SAURASHTRA M,OKHA,MUMBAI CENTRAL,Thursday,Weekday
22949,BDTS DEE EXP,BANDRA TERMINUS,DELHI-SARAI ROHILLA,Tuesday,Weekday
22951,GANDHIDHAM E,BANDRA TERMINUS,GANDHIDHAM JN.,Friday,Weekday
22952,BANDRA T EXP,GANDHIDHAM JN.,BANDRA TERMINUS,Friday,Weekday
22953,GUJARAT EXPR,MUMBAI CENTRAL,AHMEDABAD,Wednesday,Weekday
22954,GUJARAT EXPR,AHMEDABAD,MUMBAI CENTRAL,Monday,Weekday
22955,KUTCH EXPRES,BANDRA TERMINUS,NEW BHUJ,Saturday,Weekend
22956,KUTCH EXPRES,NEW BHUJ,BANDRA TERMINUS,Wednesday,Weekday
22957,SOMNATH EXPR,AHMEDABAD,VERAVAL,Tuesday,Weekday
22959,JAMNAGAR INT,SURAT,JAMNAGAR,Thursday,Weekday
22960,SURAT INTERC,JAMNAGAR,SURAT,Tuesday,Weekday
22961,HAPA INTERCI,SURAT,HAPA,Wednesday,Weekday
22962,SURAT INTERC,HAPA,SURAT,Wednesday,Weekday
22963,BDTS BVC SF,BANDRA TERMINUS,BHAVNAGAR TERMINUS,Sunday,Weekend
22964,BVC BDTS SF,BHAVNAGAR TERMINUS,BANDRA TERMINUS,Thursday,Weekday
22965,BDTS BGKT EX,BANDRA TERMINUS,BHAGAT-KI-KOTHI,Friday,Weekday
22966,BGKT BDTS SF,BHAGAT-KI-KOTHI,BANDRA TERMINUS,Tuesday,Weekday
22967,ADI ALD EXPR,AHMEDABAD,ALLAHABAD JN.,Saturday,Weekend
22968,ALD ADI  SF,ALLAHABAD JN.,AHMEDABAD,Sunday,Weekend
22969,OKHA BSB EXP,OKHA,VARANASI JN.,Saturday,Weekend
22970,BSB OKHA SF,VARANASI JN.,OKHA,Friday,Weekday
22971,BDTS PATNA S,BANDRA TERMINUS,PATNA JN.,Wednesday,Weekday
22972,PNBE BDTS SF,PATNA JN.,BANDRA TERMINUS,Friday,Weekday
22973,GIMB PURI SF,GANDHIDHAM JN.,PURI,Friday,Weekday
22974,PURI GIMB EX,PURI,GANDHIDHAM JN.,Friday,Weekday
22981,KOTA-HMH SUP,KOTA,SHRI GANGANAGAR,Wednesday,Weekday
22982,KOTA-HMH -KO,SHRI GANGANAGAR,KOTA,Saturday,Weekend
22983,KOTA-INDB IN,KOTA,INDORE BG,Friday,Weekday
22989,BDTS MHV WEE,BANDRA TERMINUS,MAHUVA,Thursday,Weekday
22990,MHV BDTS SF,MAHUVA,BANDRA TERMINUS,Sunday,Weekend
22991,BDTS VRL SF,BANDRA TERMINUS,VERAVAL,Monday,Weekday
22992,VRL BDTS SF,VERAVAL,BANDRA TERMINUS,Sunday,Weekend
22993,BDTS MHV SF,BANDRA TERMINUS,MAHUVA,Thursday,Weekday
22994,MHV BDTS SF,MAHUVA,BANDRA TERMINUS,Thursday,Weekday
22995,BDTS - AII,CHITTAURGARH JN,AJMER JN.,Friday,Weekday
22996,AII-BDTS SUF,AJMER JN.,CHITTAURGARH JN,Monday,Weekday
23141,TEESTA TORSH,RANINAGAR JALPAIGURI,HALDIBARI,Monday,Weekday
23142,TEESTA TORSH,HALDIBARI,RANINAGAR JALPAIGURI,Wednesday,Weekday
23225,SHC-BJU EXPR,SAHARSA JN.,BARAUNI JN.,Thursday,Weekday
23226,BJU - SHC EX,BARAUNI JN.,SAHARSA JN.,Friday,Weekday
23345,BSB-SKTN LIN,CHOPAN,SHAKTINAGAR,Friday,Weekday
23346,SKTN-BSB LIN,SHAKTINAGAR,CHOPAN,Tuesday,Weekday
23347,SGRL-PNBE LI,SINGRAULI,GARWA ROAD JN.,Friday,Weekday
23348,RJPB-SGRL LI,GARWA ROAD JN.,SINGRAULI,Thursday,Weekday
24041,NBD-KTW EXPR,NAJIBABAD JN.,KOTDWARA,Friday,Weekday
24042,KTW-NBD,KOTDWARA,NAJIBABAD JN.,Saturday,Weekend
24227,VARUNA EXPRE,VARANASI JN.,KANPUR CENTRAL JN.,Saturday,Weekend
24228,VARUNA EXPRE,KANPUR CENTRAL JN.,VARANASI JN.,Thursday,Weekday
24369,TRIVENI EXPR,SHAKTINAGAR,BAREILLY JN.,Friday,Weekday
24370,TRIVENI EXP,BAREILLY JN.,SHAKTINAGAR,Wednesday,Weekday
24887,HW-UMB LINK,HARIDWAR JN,AMBALA CANTT JN,Sunday,Weekend
24888,UMB-HW  LINK,AMBALA CANTT JN,HARIDWAR JN,Sunday,Weekend
25013,CORBETT PARK,MORADABAD JN.,RAMNAGAR,Saturday,Weekend
25014,CORBETT PARK,RAMNAGAR,MORADABAD JN.,Monday,Weekday
25035,RAMNAGAR-DLI,MORADABAD JN.,RAMNAGAR,Friday,Weekday
25036,RAMNAGAR-DLI,RAMNAGAR,MORADABAD JN.,Monday,Weekday
25201,SGL-NKE INTE,SAGAULI JN.,NARKATIAGANJ JN.,Wednesday,Weekday
25202,NKE-SGL INTE,NARKATIAGANJ JN.,SAGAULI JN.,Monday,Weekday
25631,BKN - GHY EX,BIKANER JN.,MERTA ROAD JN.,Thursday,Weekday
25632,GHY - BKN EX,MERTA ROAD JN.,BIKANER JN.,Monday,Weekday
25657,KUNCHAN JUNG,SEALDAH,SILCHAR,Sunday,Weekend
25658,KUNCHAN JUNG,SILCHAR,SEALDAH,Saturday,Weekend
28181,BJU-KIR EXP,BARAUNI JN.,KATIHAR JN.,Saturday,Weekend
28182,KIR BJU EXPR,KATIHAR JN.,BARAUNI JN.,Sunday,Weekend
29019,NMH - KOTA E,MANDSOR,KOTA,Sunday,Weekend
29020,KOTA - MDS E,KOTA,MANDSOR,Thursday,Weekday
30111,BLN- BP  LOC,BALLYGUNGE JN.,BARRACKPORE,Friday,Weekday
30112,BP - MJT LOC,BARRACKPORE,MAJERHAT,Saturday,Weekend
30116,BP-BBDB LOCA,BARRACKPORE,BENOY BADAL DINESH BAG,Sunday,Weekend
30121,MJT-NH LOCAL,NEW ALIPUR (CALCUTTA),NAIHATI JN.,Saturday,Weekend
30122,NH - MJT LOC,NAIHATI JN.,BALLYGUNGE JN.,Saturday,Weekend
30123,MJT - NH LOC,MAJERHAT,NAIHATI JN.,Thursday,Weekday
30128,KLYM - MJT L,KALYANI SIMANTA,NEW ALIPUR (CALCUTTA),Friday,Weekday
30135,MJT-RHA LOCA,MAJERHAT,RANAGHAT JN.,Monday,Weekday
30142,GEDE - MJT L,GEDE,MAJERHAT,Sunday,Weekend
30145,BBD-KNJ,BENOY BADAL DINESH BAG,KRISHNA NAGAR CITY JN.,Wednesday,Weekday
30152,NH - MJT LOC,NAIHATI JN.,MAJERHAT,Monday,Weekday
30154,NH - MJT LOC,NAIHATI JN.,MAJERHAT,Tuesday,Weekday
30211,BBDB - DDJ L,BENOY BADAL DINESH BAG,DUM DUM JN.,Friday,Weekday
30311,PPGT - BT LO,PRINCEP GHAT,BARASAT JN.,Wednesday,Weekday
30312,BT -PPGT LOC,BARASAT JN.,MAJERHAT,Friday,Weekday
30313,MJT-BT LOCAL,MAJERHAT,BARASAT JN.,Friday,Weekday
30314,DTK-MJT LOCA,DATTAPUKUR,MAJERHAT,Saturday,Weekend
30317,MJT-DTK LOCA,MAJERHAT,DATTAPUKUR,Monday,Weekday
30321,MJT - HNB LO,MAJERHAT,HASANABAD,Wednesday,Weekday
30322,HNB-BBDB LOC,HASANABAD,BENOY BADAL DINESH BAG,Wednesday,Weekday
30324,HNB-PPGT LOC,HASANABAD,PRINCEP GHAT,Saturday,Weekend
30331,MJT- HB LOCA,MAJERHAT,HABRA,Friday,Weekday
30332,HB - MJT LOC,HABRA,MAJERHAT,Sunday,Weekend
30333,MJT-HB  LOCA,MAJERHAT,HABRA,Saturday,Weekend
30342,BNJ - MJT LO,BANGAON JN.,MAJERHAT,Friday,Weekday
30344,BNJ - MJT LO,BANGAON JN.,MAJERHAT,Friday,Weekday
30346,BNJ-BBD LOCA,BANGAON JN.,MAJERHAT,Wednesday,Weekday
30351,MJT - BT LOC,MAJERHAT,BARASAT JN.,Monday,Weekday
30353,MJT-DTK LOCA,MAJERHAT,DATTAPUKUR,Thursday,Weekday
30357,MJT-MMG LOCA,MAJERHAT,MADHYAM GRAM,Wednesday,Weekday
30358,MMG-MJT LOCA,MADHYAM GRAM,MAJERHAT,Sunday,Weekend
30361,MJT - HNB LO,MAJERHAT,HASANABAD,Sunday,Weekend
30411,BBDB - SDAH,BENOY BADAL DINESH BAG,SEALDAH,Monday,Weekday
30412,SDAH - BBDB,SEALDAH,BENOY BADAL DINESH BAG,Tuesday,Weekday
30413,BBDB - SDAH,BENOY BADAL DINESH BAG,SEALDAH,Tuesday,Weekday
30414,SDAH - BBDB,SEALDAH,BENOY BADAL DINESH BAG,Sunday,Weekend
30416,SDAH - BBDB,SEALDAH,BENOY BADAL DINESH BAG,Sunday,Weekend
30451,KOAA-SDAH LO,BENOY BADAL DINESH BAG,SEALDAH,Sunday,Weekend
30452,SDAH-KOAA LO,SEALDAH,KOLKATA,Friday,Weekday
30511,CHT - MJT LO,CHAMPAHATI,MAJERHAT,Saturday,Weekend
30552,MJT - GOF LO,MAJERHAT,GHUTIARI SHARIF,Friday,Weekday
30612,BBDB - BRP L,KOLKATA,BARUIPUR JN.,Monday,Weekday
30711,LKPR - MJT L,LAKSHMIKANTAPUR,MAJERHAT,Wednesday,Weekday
30712,MJT - LKPR,MAJERHAT,LAKSHMIKANTAPUR,Friday,Weekday
31051,BGB-BP LOCAL,BUDGE BUDGE,NAIHATI JN.,Monday,Weekday
31053,BGB-NH LOCAL,BUDGE BUDGE,NAIHATI JN.,Thursday,Weekday
31055,BGB-NH LOCAL,BUDGE BUDGE,NAIHATI JN.,Friday,Weekday
31111,SDAH-KWAE LO,SEALDAH,KATWA JN.,Thursday,Weekday
31112,KWAE-SDAH LO,KATWA JN.,SEALDAH,Tuesday,Weekday
31151,SDAH - BWN L,SEALDAH,BARDDHAMAN JN.,Monday,Weekday
31152,BWN-SDAH LOC,BARDDHAMAN JN.,SEALDAH,Thursday,Weekday
31191,NH-KLYM LOCA,NAIHATI JN.,KALYANI SIMANTA,Wednesday,Weekday
31192,KLYM - NH LO,KALYANI SIMANTA,NAIHATI JN.,Monday,Weekday
31211,SDAH-BP LOCA,SEALDAH,BARRACKPORE,Sunday,Weekend
31212,BP-SDAH LOCA,BARRACKPORE,SEALDAH,Sunday,Weekend
31213,SDAH-BP LOCA,SEALDAH,BARRACKPORE,Sunday,Weekend
31214,BP-SDAH LOCA,BARRACKPORE,SEALDAH,Wednesday,Weekday
31215,SDAH-BP LOCA,SEALDAH,BARRACKPORE,Wednesday,Weekday
31216,BP-SDAH LOCA,BARRACKPORE,SEALDAH,Wednesday,Weekday
31217,SDAH - BP LO,SEALDAH,BARRACKPORE,Saturday,Weekend
31218,BP-SDAH LOCA,BARRACKPORE,SEALDAH,Tuesday,Weekday
31219,SDAH - BP LO,SEALDAH,BARRACKPORE,Tuesday,Weekday
31220,BP-SDAH LOCA,BARRACKPORE,SEALDAH,Thursday,Weekday
31221,SDAH - BP LO,SEALDAH,BARRACKPORE,Wednesday,Weekday
31222,BP-SDAH LOCA,BARRACKPORE,SEALDAH,Sunday,Weekend
31223,SDAH - BP LO,SEALDAH,BARRACKPORE,Wednesday,Weekday
31224,BP-SDAH LOCA,BARRACKPORE,SEALDAH,Thursday,Weekday
31225,SDAH-BPLOCAL,SEALDAH,BARRACKPORE,Saturday,Weekend
31226,BP -SDAH LOC,BARRACKPORE,SEALDAH,Tuesday,Weekday
31227,SDAH - BP LO,SEALDAH,BARRACKPORE,Sunday,Weekend
31228,BP-SDAH LOCA,BARRACKPORE,SEALDAH,Friday,Weekday
31229,SDAH - BP LO,SEALDAH,BARRACKPORE,Tuesday,Weekday
31230,BP-SDAH LOCA,BARRACKPORE,SEALDAH,Saturday,Weekend
31231,SDAH-BPLOCAL,SEALDAH,BARRACKPORE,Monday,Weekday
31232,BP -SDAH LOC,BARRACKPORE,SEALDAH,Sunday,Weekend
31233,SDAH-BP LOCA,SEALDAH,BARRACKPORE,Tuesday,Weekday
31234,BP-SDAH LOCA,BARRACKPORE,SEALDAH,Tuesday,Weekday
31235,SDAH - BP LO,SEALDAH,BARRACKPORE,Saturday,Weekend
31236,BP-SDAH LOCA,BARRACKPORE,SEALDAH,Tuesday,Weekday
31237,SDAH BP LOCA,SEALDAH,BARRACKPORE,Saturday,Weekend
31238,BP-SDAH LOCA,BARRACKPORE,SEALDAH,Saturday,Weekend
31239,SDAH - BP LO,SEALDAH,BARRACKPORE,Tuesday,Weekday
31240,BP-SDAH,BARRACKPORE,SEALDAH,Sunday,Weekend
31241,SDAH -BP LOC,SEALDAH,BARRACKPORE,Sunday,Weekend
31261,BNXR - BP LO,KANKURGACHHI ROAD JN.,BARRACKPORE,Sunday,Weekend
31311,SDAH - KLYM,SEALDAH,KALYANI SIMANTA,Sunday,Weekend
31312,KLYM-SDAH LO,KALYANI SIMANTA,SEALDAH,Friday,Weekday
31313,SDAH - KLYM,SEALDAH,KALYANI SIMANTA,Tuesday,Weekday
31314,KLYM-SDAH LO,KALYANI SIMANTA,SEALDAH,Tuesday,Weekday
31315,SDAH-KLYM LO,SEALDAH,KALYANI SIMANTA,Saturday,Weekend
31316,KLYM - SDAH,KALYANI SIMANTA,SEALDAH,Sunday,Weekend
31317,SDAH - KLYM,SEALDAH,KALYANI SIMANTA,Tuesday,Weekday
31318,KLYM-SDAH LO,KALYANI SIMANTA,SEALDAH,Monday,Weekday
31319,SDAH - KLYM,SEALDAH,KALYANI SIMANTA,Monday,Weekday
31320,KLYM-SDAH LO,KALYANI SIMANTA,SEALDAH,Monday,Weekday
31321,SDAH - KLYM,SEALDAH,KALYANI SIMANTA,Tuesday,Weekday
31322,KLYM-SDAH LO,KALYANI SIMANTA,SEALDAH,Tuesday,Weekday
31323,SDAH - KLYM,SEALDAH,KALYANI SIMANTA,Wednesday,Weekday
31324,KLYM-SDAH LO,KALYANI SIMANTA,SEALDAH,Thursday,Weekday
31325,SDAH - KLYM,SEALDAH,KALYANI SIMANTA,Saturday,Weekend
31326,KLYM-SDAH LO,KALYANI SIMANTA,SEALDAH,Monday,Weekday
31327,SDAH - KLYM,SEALDAH,KALYANI SIMANTA,Tuesday,Weekday
31328,KLYM-SDAH LO,KALYANI SIMANTA,SEALDAH,Wednesday,Weekday
31329,SDAH - KLYM,SEALDAH,KALYANI SIMANTA,Tuesday,Weekday
31330,KLYM-SDAH LO,KALYANI SIMANTA,SEALDAH,Friday,Weekday
31331,SDAH - KLYM,SEALDAH,KALYANI SIMANTA,Sunday,Weekend
31332,KLYM-SDAH LO,KALYANI SIMANTA,SEALDAH,Friday,Weekday
31333,SDAH - KLYM,SEALDAH,KALYANI SIMANTA,Tuesday,Weekday
31334,KLYM-SDAH LO,KALYANI SIMANTA,SEALDAH,Tuesday,Weekday
31335,SDAH - KLYM,SEALDAH,KALYANI SIMANTA,Sunday,Weekend
31336,KLYM-SDAH LO,KALYANI SIMANTA,SEALDAH,Wednesday,Weekday
31337,SDAH - KLYM,SEALDAH,KALYANI SIMANTA,Wednesday,Weekday
31338,KLYM-SDAH EM,KALYANI SIMANTA,SEALDAH,Wednesday,Weekday
31339,SDAH - KLYM,SEALDAH,KALYANI SIMANTA,Wednesday,Weekday
31411,SDAH -NH  LO,SEALDAH,NAIHATI JN.,Thursday,Weekday
31412,NH-SDAH LOCA,NAIHATI JN.,SEALDAH,Friday,Weekday
31413,SDAH-NH LOCA,SEALDAH,NAIHATI JN.,Thursday,Weekday
31414,NH - SDAH LO,NAIHATI JN.,SEALDAH,Thursday,Weekday
31415,SDAH NH LOCA,SEALDAH,NAIHATI JN.,Wednesday,Weekday
31416,NH-SDAH LOCA,NAIHATI JN.,SEALDAH,Friday,Weekday
31417,SDAH - NH LO,SEALDAH,NAIHATI JN.,Sunday,Weekend
31418,NH - SDAH LO,NAIHATI JN.,SEALDAH,Tuesday,Weekday
31420,NH - SDAH LO,NAIHATI JN.,SEALDAH,Sunday,Weekend
31421,SDAH - NH LO,SEALDAH,NAIHATI JN.,Friday,Weekday
31422,NH - SDAH LO,NAIHATI JN.,SEALDAH,Monday,Weekday
31423,SDAH - NH LO,SEALDAH,NAIHATI JN.,Thursday,Weekday
31424,NH - SDAH LO,NAIHATI JN.,SEALDAH,Wednesday,Weekday
31425,SDAH-NH LOCA,SEALDAH,NAIHATI JN.,Monday,Weekday
31426,NH - SDAH LO,NAIHATI JN.,SEALDAH,Tuesday,Weekday
31427,SDAH-NH LOCA,SEALDAH,NAIHATI JN.,Friday,Weekday
31428,NH-SDAH LOCA,NAIHATI JN.,SEALDAH,Tuesday,Weekday
31429,SDAH - NH LO,SEALDAH,NAIHATI JN.,Friday,Weekday
31430,NH - SDAH LO,NAIHATI JN.,SEALDAH,Thursday,Weekday
31431,SDAH - NH LO,SEALDAH,NAIHATI JN.,Friday,Weekday
31432,NH-SDAH LOCA,NAIHATI JN.,SEALDAH,Friday,Weekday
31433,SDAH - NH LO,SEALDAH,NAIHATI JN.,Wednesday,Weekday
31434,NH - SDAH LO,NAIHATI JN.,SEALDAH,Monday,Weekday
31435,SDAH - NH LO,SEALDAH,NAIHATI JN.,Thursday,Weekday
31436,NH - SDAH LO,NAIHATI JN.,SEALDAH,Wednesday,Weekday
31437,SDAH - NH LO,SEALDAH,NAIHATI JN.,Monday,Weekday
31438,NH - SDAH LO,NAIHATI JN.,SEALDAH,Tuesday,Weekday
31439,SDAH - NH LO,SEALDAH,NAIHATI JN.,Wednesday,Weekday
31440,NH - SDAH LO,NAIHATI JN.,SEALDAH,Sunday,Weekend
31441,SDAH-NH LOCA,SEALDAH,NAIHATI JN.,Tuesday,Weekday
31442,NH - SDAH LO,NAIHATI JN.,SEALDAH,Thursday,Weekday
31443,SDAH - NH LO,SEALDAH,NAIHATI JN.,Sunday,Weekend
31444,NH - SDAH LO,NAIHATI JN.,SEALDAH,Thursday,Weekday
31445,SDAH - NH LO,SEALDAH,NAIHATI JN.,Sunday,Weekend
31446,NH - SDAH LO,NAIHATI JN.,SEALDAH,Friday,Weekday
31447,SDAH-NH LOCA,SEALDAH,NAIHATI JN.,Monday,Weekday
31448,NH-SDAH LOCA,NAIHATI JN.,SEALDAH,Tuesday,Weekday
31449,SDAH - NH LO,SEALDAH,NAIHATI JN.,Wednesday,Weekday
31450,NH - SDAH LO,NAIHATI JN.,SEALDAH,Monday,Weekday
31451,SDAH - NH LO,SEALDAH,NAIHATI JN.,Friday,Weekday
31471,SDAH - NH LO,KANKURGACHHI ROAD JN.,NAIHATI JN.,Monday,Weekday
31511,SDAH-STB LOC,SEALDAH,SHANTIPUR JN.,Monday,Weekday
31512,STB - SDAH L,SHANTIPUR JN.,SEALDAH,Saturday,Weekend
31513,SDAH-STB LOC,SEALDAH,SHANTIPUR JN.,Wednesday,Weekday
31514,STB - SDAH L,SHANTIPUR JN.,SEALDAH,Tuesday,Weekday
31515,SDAH- STB LO,SEALDAH,SHANTIPUR JN.,Tuesday,Weekday
31516,STB - SDAH L,SHANTIPUR JN.,SEALDAH,Monday,Weekday
31517,SDAH- STB LO,SEALDAH,SHANTIPUR JN.,Tuesday,Weekday
31518,STB - SDAH L,SHANTIPUR JN.,SEALDAH,Saturday,Weekend
31519,SDAH- STB LO,SEALDAH,SHANTIPUR JN.,Tuesday,Weekday
31520,STB - SDAH L,SHANTIPUR JN.,SEALDAH,Tuesday,Weekday
31521,SDAH- STB LO,SEALDAH,SHANTIPUR JN.,Friday,Weekday
31522,STB - SDAH L,SHANTIPUR JN.,SEALDAH,Tuesday,Weekday
31523,SDAH- STB LO,SEALDAH,SHANTIPUR JN.,Tuesday,Weekday
31524,STB - SDAH L,SHANTIPUR JN.,SEALDAH,Friday,Weekday
31525,SDAH- STB LO,SEALDAH,SHANTIPUR JN.,Friday,Weekday
31526,STB - SDAH L,SHANTIPUR JN.,SEALDAH,Tuesday,Weekday
31527,SDAH-STB LOC,SEALDAH,SHANTIPUR JN.,Thursday,Weekday
31528,STB - SDAH L,SHANTIPUR JN.,SEALDAH,Tuesday,Weekday
31529,SDAH-STB LOC,SEALDAH,SHANTIPUR JN.,Saturday,Weekend
31530,STB - SDAH L,SHANTIPUR JN.,SEALDAH,Tuesday,Weekday
31531,SDAH- STB LO,SEALDAH,SHANTIPUR JN.,Saturday,Weekend
31532,STB - SDAH L,SHANTIPUR JN.,SEALDAH,Tuesday,Weekday
31533,SDAH- STB LO,SEALDAH,SHANTIPUR JN.,Tuesday,Weekday
31534,STB - SDAH L,SHANTIPUR JN.,SEALDAH,Thursday,Weekday
31535,SDAH- STB LO,SEALDAH,SHANTIPUR JN.,Sunday,Weekend
31536,STB - SDAH L,SHANTIPUR JN.,SEALDAH,Saturday,Weekend
31537,SDAH- STB LO,SEALDAH,SHANTIPUR JN.,Friday,Weekday
31538,STB-SDAH LOC,SHANTIPUR JN.,SEALDAH,Thursday,Weekday
31539,SDAH- STB LO,SEALDAH,SHANTIPUR JN.,Tuesday,Weekday
31540,STB - SDAH L,SHANTIPUR JN.,SEALDAH,Sunday,Weekend
31541,SDAH- STB LO,SEALDAH,SHANTIPUR JN.,Tuesday,Weekday
31542,STB - SDAH L,SHANTIPUR JN.,SEALDAH,Tuesday,Weekday
31571,RHA-KNJ LOCA,RANAGHAT JN.,KRISHNA NAGAR CITY JN.,Wednesday,Weekday
31584,KNJ-STB LOCA,KRISHNA NAGAR CITY JN.,SHANTIPUR JN.,Friday,Weekday
31585,STB-KNJ LOCA,SHANTIPUR JN.,KRISHNA NAGAR CITY JN.,Tuesday,Weekday
31586,KNJ-STB LOCA,KRISHNA NAGAR CITY JN.,SHANTIPUR JN.,Friday,Weekday
31601,SDAH-RHA LOC,SEALDAH,RANAGHAT JN.,Friday,Weekday
31602,RHA - SDAH L,RANAGHAT JN.,SEALDAH,Wednesday,Weekday
31611,SDAH-RHA  LO,SEALDAH,RANAGHAT JN.,Tuesday,Weekday
31612,RHA - SDAH L,RANAGHAT JN.,SEALDAH,Monday,Weekday
31613,SDAH-RHA  LO,SEALDAH,RANAGHAT JN.,Thursday,Weekday
31614,RHA -SDAH LO,RANAGHAT JN.,SEALDAH,Sunday,Weekend
31615,SDAH-RHA LOC,SEALDAH,RANAGHAT JN.,Tuesday,Weekday
31616,RHA -SDAH LO,RANAGHAT JN.,SEALDAH,Friday,Weekday
31617,SDAH-RHA LOC,SEALDAH,RANAGHAT JN.,Friday,Weekday
31618,RHA -SDAH LO,RANAGHAT JN.,SEALDAH,Thursday,Weekday
31619,SDAH-RHA LOC,SEALDAH,RANAGHAT JN.,Saturday,Weekend
31620,RHA - SDAH L,RANAGHAT JN.,SEALDAH,Wednesday,Weekday
31621,SDAH-RHA LOC,SEALDAH,RANAGHAT JN.,Tuesday,Weekday
31622,RHA - SDAH L,RANAGHAT JN.,SEALDAH,Monday,Weekday
31623,SDAH - RHA L,SEALDAH,RANAGHAT JN.,Saturday,Weekend
31624,RHA - SDAH L,RANAGHAT JN.,SEALDAH,Thursday,Weekday
31625,SDAH-RHA LOC,SEALDAH,RANAGHAT JN.,Monday,Weekday
31626,RHA - SDAH L,RANAGHAT JN.,SEALDAH,Sunday,Weekend
31627,SDAH-RHA LOC,SEALDAH,RANAGHAT JN.,Tuesday,Weekday
31628,RHA - SDAH L,RANAGHAT JN.,SEALDAH,Saturday,Weekend
31629,SDAH-RHA LOC,SEALDAH,RANAGHAT JN.,Saturday,Weekend
31630,RHA - SDAH L,RANAGHAT JN.,SEALDAH,Saturday,Weekend
31631,SDAH-RHA LOC,SEALDAH,RANAGHAT JN.,Monday,Weekday
31632,RHA-SDAH LOC,RANAGHAT JN.,SEALDAH,Saturday,Weekend
31633,SDAH-RHA LOC,SEALDAH,RANAGHAT JN.,Thursday,Weekday
31634,RHA-SDAH LOC,RANAGHAT JN.,SEALDAH,Monday,Weekday
31636,RHA-SDAH LOC,RANAGHAT JN.,SEALDAH,Monday,Weekday
31711,NH - RHA LOC,NAIHATI JN.,RANAGHAT JN.,Tuesday,Weekday
31712,RHA-NH LOCAL,RANAGHAT JN.,NAIHATI JN.,Sunday,Weekend
31713,NH-RHA  LOCA,NAIHATI JN.,RANAGHAT JN.,Tuesday,Weekday
31714,RHA-NH LOCAL,RANAGHAT JN.,NAIHATI JN.,Saturday,Weekend
31721,RHA - KNJ LO,RANAGHAT JN.,KRISHNA NAGAR CITY JN.,Thursday,Weekday
31722,KNJ -RHA LOC,KRISHNA NAGAR CITY JN.,RANAGHAT JN.,Sunday,Weekend
31723,RHA-KNJ LOCA,RANAGHAT JN.,KRISHNA NAGAR CITY JN.,Friday,Weekday
31724,KNJ-RHALOCAL,KRISHNA NAGAR CITY JN.,RANAGHAT JN.,Tuesday,Weekday
31725,RHA - KNJ,RANAGHAT JN.,KRISHNA NAGAR CITY JN.,Saturday,Weekend
31726,KNJ-RHA LOCA,KRISHNA NAGAR CITY JN.,RANAGHAT JN.,Tuesday,Weekday
31741,RHA - GEDE L,RANAGHAT JN.,GEDE,Friday,Weekday
31742,GEDE-RHA LOC,GEDE,RANAGHAT JN.,Saturday,Weekend
31743,RHA - GEDE L,RANAGHAT JN.,GEDE,Thursday,Weekday
31744,GEDE-RHA LOC,GEDE,RANAGHAT JN.,Sunday,Weekend
31745,RHA - GEDE L,RANAGHAT JN.,GEDE,Saturday,Weekend
31746,GEDE-RHA LOC,GEDE,RANAGHAT JN.,Sunday,Weekend
31747,RHA-GEDE LOC,RANAGHAT JN.,GEDE,Saturday,Weekend
31748,GEDE-RHA LOC,GEDE,RANAGHAT JN.,Thursday,Weekday
31749,RHA -GEDE LO,RANAGHAT JN.,GEDE,Tuesday,Weekday
31750,GEDE-RHA LOC,GEDE,RANAGHAT JN.,Sunday,Weekend
31751,RHA -GEDE LO,RANAGHAT JN.,GEDE,Sunday,Weekend
31752,GEDE-RHA LOC,GEDE,RANAGHAT JN.,Monday,Weekday
31753,RHA -GEDE LO,RANAGHAT JN.,GEDE,Friday,Weekday
31754,GEDE-RHA LOC,GEDE,RANAGHAT JN.,Monday,Weekday
31755,RHA-GEDE LOC,RANAGHAT JN.,GEDE,Monday,Weekday
31756,GEDE-RHA LOC,GEDE,RANAGHAT JN.,Monday,Weekday
31757,RHA-GXD LOCA,RANAGHAT JN.,GEDE,Thursday,Weekday
31758,GEDE-RHA LOC,GEDE,RANAGHAT JN.,Monday,Weekday
31765,RHA-LGL EMU,RANAGHAT JN.,LALGOLA,Tuesday,Weekday
31766,LGL-RHA EMU,LALGOLA,RANAGHAT JN.,Saturday,Weekend
31767,RHA-LGL EMU,RANAGHAT JN.,LALGOLA,Wednesday,Weekday
31768,LGL - RHA PA,LALGOLA,RANAGHAT JN.,Monday,Weekday
31770,LGL-RHA EMU,LALGOLA,RANAGHAT JN.,Wednesday,Weekday
31771,RHA -LGL EMU,RANAGHAT JN.,LALGOLA,Sunday,Weekend
31772,LGL - RHA EM,LALGOLA,RANAGHAT JN.,Friday,Weekday
31781,RHA-STB LOCA,RANAGHAT JN.,SHANTIPUR JN.,Thursday,Weekday
31782,STB-RHA LOCA,SHANTIPUR JN.,RANAGHAT JN.,Wednesday,Weekday
31783,RHA-STB LOCA,RANAGHAT JN.,SHANTIPUR JN.,Thursday,Weekday
31784,STB-RHA LOCA,SHANTIPUR JN.,RANAGHAT JN.,Thursday,Weekday
31786,STB-RHA LOCA,SHANTIPUR JN.,RANAGHAT JN.,Saturday,Weekend
31801,SDAH-KNJ LOC,SEALDAH,KRISHNA NAGAR CITY JN.,Tuesday,Weekday
31802,KNJ-SDAH LOC,KRISHNA NAGAR CITY JN.,SEALDAH,Thursday,Weekday
31811,SDAH-KNJ LOC,SEALDAH,KRISHNA NAGAR CITY JN.,Tuesday,Weekday
31812,KNJ - SDAJ L,KRISHNA NAGAR CITY JN.,SEALDAH,Monday,Weekday
31813,SDAH-KNJ LOC,SEALDAH,KRISHNA NAGAR CITY JN.,Tuesday,Weekday
31814,KNJ - SDAH,KRISHNA NAGAR CITY JN.,SEALDAH,Saturday,Weekend
31815,SDAH-KNJ LOC,SEALDAH,KRISHNA NAGAR CITY JN.,Wednesday,Weekday
31816,KNJ - SDAH L,KRISHNA NAGAR CITY JN.,SEALDAH,Thursday,Weekday
31817,SDAH-KNJ LOC,SEALDAH,KRISHNA NAGAR CITY JN.,Friday,Weekday
31818,KNJ - SDAH,KRISHNA NAGAR CITY JN.,SEALDAH,Sunday,Weekend
31819,SDAH-KNJ LOC,SEALDAH,KRISHNA NAGAR CITY JN.,Friday,Weekday
31820,KNJ - SDAH,KRISHNA NAGAR CITY JN.,SEALDAH,Sunday,Weekend
31821,SDAH-KNJ LOC,SEALDAH,KRISHNA NAGAR CITY JN.,Tuesday,Weekday
31822,KNJ - SDAH,KRISHNA NAGAR CITY JN.,SEALDAH,Monday,Weekday
31823,SDAH-KNJ LOC,SEALDAH,KRISHNA NAGAR CITY JN.,Saturday,Weekend
31824,KNJ - SDAH,KRISHNA NAGAR CITY JN.,SEALDAH,Saturday,Weekend
31825,SDAH-KNJ LOC,SEALDAH,KRISHNA NAGAR CITY JN.,Saturday,Weekend
31826,KNJ - SDAH,KRISHNA NAGAR CITY JN.,SEALDAH,Thursday,Weekday
31827,SDAH - KNJ L,SEALDAH,KRISHNA NAGAR CITY JN.,Monday,Weekday
31828,KNJ - SDAH,KRISHNA NAGAR CITY JN.,SEALDAH,Saturday,Weekend
31829,SDAH-KNJ LOC,SEALDAH,KRISHNA NAGAR CITY JN.,Tuesday,Weekday
31830,KNJ - SDAH,KRISHNA NAGAR CITY JN.,SEALDAH,Wednesday,Weekday
31831,SDAH-KNJ LOC,SEALDAH,KRISHNA NAGAR CITY JN.,Saturday,Weekend
31832,KNJ - SDAH,KRISHNA NAGAR CITY JN.,SEALDAH,Sunday,Weekend
31833,SDAH-KNJ LOC,SEALDAH,KRISHNA NAGAR CITY JN.,Saturday,Weekend
31834,KNJ - SDAH,KRISHNA NAGAR CITY JN.,SEALDAH,Friday,Weekday
31835,SDAH-KNJ LOC,SEALDAH,KRISHNA NAGAR CITY JN.,Wednesday,Weekday
31836,KNJ - SDAH L,KRISHNA NAGAR CITY JN.,SEALDAH,Sunday,Weekend
31837,SDAH-KNJ LOC,SEALDAH,KRISHNA NAGAR CITY JN.,Wednesday,Weekday
31838,KNJ-SDAH LOC,KRISHNA NAGAR CITY JN.,SEALDAH,Monday,Weekday
31839,SDAH-KNJ LOC,SEALDAH,KRISHNA NAGAR CITY JN.,Sunday,Weekend
31840,KNJ-SDAH LOC,KRISHNA NAGAR CITY JN.,SEALDAH,Tuesday,Weekday
31841,SDAH-KNJ LOC,SEALDAH,KRISHNA NAGAR CITY JN.,Sunday,Weekend
31842,KNJ-SDAH EMU,KRISHNA NAGAR CITY JN.,SEALDAH,Sunday,Weekend
31843,SDAH-LGL MEM,SEALDAH,KRISHNA NAGAR CITY JN.,Wednesday,Weekday
31844,KNJ-SDAH LOC,KRISHNA NAGAR CITY JN.,SEALDAH,Sunday,Weekend
31861,KNJ LGL EMU,KRISHNA NAGAR CITY JN.,LALGOLA,Monday,Weekday
31862,LGL KNJ EMU,LALGOLA,KRISHNA NAGAR CITY JN.,Tuesday,Weekday
31863,KNJ LGL EMU,KRISHNA NAGAR CITY JN.,LALGOLA,Monday,Weekday
31864,LGL KNJ EMU,LALGOLA,KRISHNA NAGAR CITY JN.,Sunday,Weekend
31865,KNJ LGL EMU,KRISHNA NAGAR CITY JN.,LALGOLA,Wednesday,Weekday
31866,LGL KNJ EMU,LALGOLA,KRISHNA NAGAR CITY JN.,Thursday,Weekday
31911,SDAH-GEDE LO,SEALDAH,GEDE,Wednesday,Weekday
31912,GEDE - SDAH,GEDE,SEALDAH,Saturday,Weekend
31913,SDAH-GEDE LO,SEALDAH,GEDE,Sunday,Weekend
31914,GEDE - SDAH,GEDE,SEALDAH,Wednesday,Weekday
31915,SDAH-GEDE LO,SEALDAH,GEDE,Tuesday,Weekday
31916,GEDE - SDAH,GEDE,SEALDAH,Saturday,Weekend
31917,SDAH-GEDE LO,SEALDAH,GEDE,Wednesday,Weekday
31918,GEDE - SDAH,GEDE,SEALDAH,Friday,Weekday
31919,SDAH-GEDE LO,SEALDAH,GEDE,Thursday,Weekday
31920,GEDE- SDAH L,GEDE,SEALDAH,Monday,Weekday
31921,SDAH - GEDE,SEALDAH,GEDE,Sunday,Weekend
31922,GEDE - SDAH,GEDE,SEALDAH,Wednesday,Weekday
31923,SDAH-GEDE LO,SEALDAH,GEDE,Tuesday,Weekday
31924,GEDE - SDAH,GEDE,SEALDAH,Thursday,Weekday
31925,SDAH-GEDE LO,SEALDAH,GEDE,Monday,Weekday
31926,GEDE - SDAH,GEDE,SEALDAH,Monday,Weekday
31927,SDAH-GEDE LO,SEALDAH,GEDE,Tuesday,Weekday
31928,GEDE - SDAH,GEDE,SEALDAH,Wednesday,Weekday
31929,SDAH-GEDE LO,SEALDAH,GEDE,Wednesday,Weekday
32211,SDAH-DKAE LO,SEALDAH,DANKUNI JN.,Saturday,Weekend
32212,DKAE-SDAH LO,DANKUNI JN.,SEALDAH,Tuesday,Weekday
32213,SDAH-DKAE LO,SEALDAH,DANKUNI JN.,Thursday,Weekday
32214,DKAE-SDAH LO,DANKUNI JN.,SEALDAH,Sunday,Weekend
32215,SDAH-DKAE LO,SEALDAH,DANKUNI JN.,Friday,Weekday
32216,DKAE-SDAH LO,DANKUNI JN.,SEALDAH,Sunday,Weekend
32217,SDAH-DKAE LO,SEALDAH,DANKUNI JN.,Sunday,Weekend
32218,DKAE-SDAH LO,DANKUNI JN.,SEALDAH,Thursday,Weekday
32219,SDAH-DKAE LO,SEALDAH,DANKUNI JN.,Wednesday,Weekday
32220,DKAE-SDAH LO,DANKUNI JN.,SEALDAH,Monday,Weekday
32221,SDAH-DKAE LO,SEALDAH,DANKUNI JN.,Friday,Weekday
32222,DKAE-SDAH LO,DANKUNI JN.,SEALDAH,Saturday,Weekend
32223,SDAH-DKAE LO,SEALDAH,DANKUNI JN.,Saturday,Weekend
32224,DKAE-SDAH LO,DANKUNI JN.,SEALDAH,Monday,Weekday
32225,SDAH-DKAE LO,SEALDAH,DANKUNI JN.,Thursday,Weekday
32226,DKAE-SDAH LO,DANKUNI JN.,SEALDAH,Wednesday,Weekday
32227,SDAH-DKAE LO,SEALDAH,DANKUNI JN.,Tuesday,Weekday
32228,DKAE-SDAH LO,DANKUNI JN.,SEALDAH,Tuesday,Weekday
32229,SDAH-DKAE LO,SEALDAH,DANKUNI JN.,Wednesday,Weekday
32230,DKAE-SDAH LO,DANKUNI JN.,SEALDAH,Monday,Weekday
32231,SDAH-DKAE LO,SEALDAH,DANKUNI JN.,Wednesday,Weekday
32232,DKAE-SDAH LO,DANKUNI JN.,SEALDAH,Friday,Weekday
32233,SDAH-DKAE LO,SEALDAH,DANKUNI JN.,Thursday,Weekday
32234,DKAE-SDAH LO,DANKUNI JN.,SEALDAH,Wednesday,Weekday
32235,SDAH-DKAE LO,SEALDAH,DANKUNI JN.,Wednesday,Weekday
32236,DKAE-SDAH LO,DANKUNI JN.,SEALDAH,Tuesday,Weekday
32237,SDAH-DKAE LO,SEALDAH,DANKUNI JN.,Thursday,Weekday
32238,DKAE-SDAH LO,DANKUNI JN.,SEALDAH,Monday,Weekday
32239,SDAH-DKAE LO,SEALDAH,DANKUNI JN.,Friday,Weekday
32240,DKAE-SDAH LO,DANKUNI JN.,SEALDAH,Thursday,Weekday
32241,SDAH-DKAE LO,SEALDAH,DANKUNI JN.,Wednesday,Weekday
32242,DKAE-SDAH LO,DANKUNI JN.,SEALDAH,Sunday,Weekend
32243,SDAH-DKAE LO,SEALDAH,DANKUNI JN.,Monday,Weekday
32244,DKAE-SDAH LO,DANKUNI JN.,SEALDAH,Wednesday,Weekday
32245,SDAH-DKAE LO,SEALDAH,DANKUNI JN.,Thursday,Weekday
32246,DKAE-SDAH LO,DANKUNI JN.,SEALDAH,Thursday,Weekday
32247,SDAH-DKAE LO,SEALDAH,DANKUNI JN.,Thursday,Weekday
32248,DKAE-SDAH LO,DANKUNI JN.,SEALDAH,Sunday,Weekend
32249,SDAH-DKAE LO,SEALDAH,DANKUNI JN.,Sunday,Weekend
32250,DKAE-SDAH LO,DANKUNI JN.,SEALDAH,Tuesday,Weekday
32252,DKAE-SDAH LO,DANKUNI JN.,SEALDAH,Sunday,Weekend
32411,SDAH-BRPA LO,SEALDAH,BARUI PARA,Monday,Weekday
32412,BRPA - SDAH,BARUI PARA,SEALDAH,Wednesday,Weekday
32413,SDAH-BRPA  L,SEALDAH,BARUI PARA,Friday,Weekday
32414,BRPA-SDAH LO,BARUI PARA,SEALDAH,Sunday,Weekend
33061,CG - BT LOCA,CANNING,BARASAT JN.,Friday,Weekday
33212,DDJ - SDAH L,DUM DUM JN.,SEALDAH,Saturday,Weekend
33231,DDJ- BP LOCA,DUM DUM JN.,BARRACKPORE,Thursday,Weekday
33232,BP-DDJ LOCAL,BARRACKPORE,DUM DUM JN.,Wednesday,Weekday
33262,BT - DDJ LOC,BARASAT JN.,DUM DUM JN.,Saturday,Weekend
33271,DDJ - GBG LO,DUM DUM JN.,GOBARDANGA,Friday,Weekday
33282,HNB-DDJ LOCA,HASANABAD,DUM DUM JN.,Wednesday,Weekday
33291,DDJ-DKAE LOC,DUM DUM JN.,DANKUNI JN.,Sunday,Weekend
33311,BT-HNB LOCAL,BARASAT JN.,HASANABAD,Sunday,Weekend
33312,HNB-BT LOCAL,HASANABAD,BARASAT JN.,Monday,Weekday
33313,BT-HNB LOCAL,BARASAT JN.,HASANABAD,Monday,Weekday
33314,HNB-BT LOCAL,HASANABAD,BARASAT JN.,Thursday,Weekday
33315,BT-HNB LOCAL,BARASAT JN.,HASANABAD,Tuesday,Weekday
33316,HNB-BT LOCAL,HASANABAD,BARASAT JN.,Tuesday,Weekday
33317,BT - HNB LOC,BARASAT JN.,HASANABAD,Sunday,Weekend
33318,HNB-BT LOCAL,HASANABAD,BARASAT JN.,Sunday,Weekend
33319,BT - HNB LOC,BARASAT JN.,HASANABAD,Thursday,Weekday
33320,HNB BT LOCAL,HASANABAD,BARASAT JN.,Sunday,Weekend
33321,BT - HNB LOC,BARASAT JN.,HASANABAD,Monday,Weekday
33323,BT-HNB LOCAL,BARASAT JN.,HASANABAD,Friday,Weekday
33325,BT HNB LOCAL,BARASAT JN.,HASANABAD,Friday,Weekday
33351,BT - HB LOCA,BARASAT JN.,HABRA,Friday,Weekday
33357,BT-DTK LOCAL,BARASAT JN.,DATTAPUKUR,Sunday,Weekend
33361,BT-BNJ LOCAL,BARASAT JN.,BANGAON JN.,Thursday,Weekday
33362,BNJ- BT LOCA,BANGAON JN.,BARASAT JN.,Tuesday,Weekday
33363,BT -BNJ LOCA,BARASAT JN.,BANGAON JN.,Saturday,Weekend
33364,BNJ- BT LOCA,BANGAON JN.,BARASAT JN.,Sunday,Weekend
33365,BT-BNJ LOCAL,BARASAT JN.,BANGAON JN.,Monday,Weekday
33366,BNJ-BT LOCAL,BANGAON JN.,BARASAT JN.,Friday,Weekday
33367,BT-BNJ LOCAL,BARASAT JN.,BANGAON JN.,Thursday,Weekday
33382,GBG-BT LOCAL,GOBARDANGA,BARASAT JN.,Sunday,Weekend
33401,SDAH-BT MATR,SEALDAH,BARASAT JN.,Thursday,Weekday
33402,BT-SDAH MATR,BARASAT JN.,SEALDAH,Monday,Weekday
33411,SDAH-DDC LOC,SEALDAH,DUMDUM CANTONMENT,Tuesday,Weekday
33412,DDC-SDAH LOC,DUMDUM CANTONMENT,SEALDAH,Saturday,Weekend
33421,SDAH-MMG LOC,SEALDAH,MADHYAM GRAM,Saturday,Weekend
33422,MMG - SDAH L,MADHYAM GRAM,SEALDAH,Sunday,Weekend
33431,SDAH - BT LO,SEALDAH,BARASAT JN.,Sunday,Weekend
33432,BT-SDAH LOCA,BARASAT JN.,SEALDAH,Monday,Weekday
33433,SDAH - BT LO,SEALDAH,BARASAT JN.,Thursday,Weekday
33434,BT - SDAH LO,BARASAT JN.,SEALDAH,Saturday,Weekend
33435,SDAH - BT LO,SEALDAH,BARASAT JN.,Sunday,Weekend
33436,BT -SDAH LOC,BARASAT JN.,SEALDAH,Thursday,Weekday
33437,SDAH - BT LO,SEALDAH,BARASAT JN.,Wednesday,Weekday
33438,BT -SDAH LOC,BARASAT JN.,SEALDAH,Tuesday,Weekday
33439,SDAH - BT LO,SEALDAH,BARASAT JN.,Wednesday,Weekday
33440,BT -SDAH LOC,BARASAT JN.,SEALDAH,Monday,Weekday
33441,SDAH-BT LOCA,SEALDAH,BARASAT JN.,Sunday,Weekend
33443,SDAH - BT LO,SEALDAH,BARASAT JN.,Wednesday,Weekday
33445,SDAH - BT LO,SEALDAH,BARASAT JN.,Sunday,Weekend
33447,SDAH - BT LO,SEALDAH,BARASAT JN.,Sunday,Weekend
33511,SDAH-HNB LOC,SEALDAH,HASANABAD,Thursday,Weekday
33512,HNB-SDAH LOC,HASANABAD,SEALDAH,Tuesday,Weekday
33513,SDAH - HNB L,SEALDAH,HASANABAD,Wednesday,Weekday
33514,HNB-SDAH LOC,HASANABAD,SEALDAH,Tuesday,Weekday
33515,SDAH - HNB L,SEALDAH,HASANABAD,Thursday,Weekday
33516,HNB-SDAH LOC,HASANABAD,SEALDAH,Sunday,Weekend
33517,SDAH - HNB L,SEALDAH,HASANABAD,Friday,Weekday
33518,HNB-SDAH LOC,HASANABAD,SEALDAH,Friday,Weekday
33519,SDAH - HNB L,SEALDAH,HASANABAD,Wednesday,Weekday
33520,HNB-SDAH LOC,HASANABAD,SEALDAH,Thursday,Weekday
33521,SDAH - HNB L,SEALDAH,HASANABAD,Saturday,Weekend
33522,HNB-SDAH LOC,HASANABAD,SEALDAH,Sunday,Weekend
33523,SDAH - HNB L,SEALDAH,HASANABAD,Thursday,Weekday
33524,HNB-SDAH LOC,HASANABAD,SEALDAH,Sunday,Weekend
33525,SDAH - HNB L,SEALDAH,HASANABAD,Friday,Weekday
33526,HNB-SDAH LOC,HASANABAD,SEALDAH,Thursday,Weekday
33527,SDAH-HNB  LO,SEALDAH,HASANABAD,Tuesday,Weekday
33528,HNB-SDAH LOC,HASANABAD,SEALDAH,Sunday,Weekend
33529,SDAH-HNB LOC,SEALDAH,HASANABAD,Thursday,Weekday
33530,HNB-SDAH LOC,HASANABAD,SEALDAH,Tuesday,Weekday
33531,SDAH-HNB LOC,SEALDAH,HASANABAD,Monday,Weekday
33532,HNB-SDAH LOC,HASANABAD,SEALDAH,Thursday,Weekday
33533,SDAH-HB LOCA,SEALDAH,HASANABAD,Friday,Weekday
33534,HB-SDAH LOCA,HASANABAD,SEALDAH,Sunday,Weekend
33536,HNB-SDAH LOC,HASANABAD,SEALDAH,Saturday,Weekend
33538,HNB-SDAH LOC,HASANABAD,SEALDAH,Friday,Weekday
33611,SDAH-DTK LOC,SEALDAH,DATTAPUKUR,Saturday,Weekend
33612,DTK-SDAH LOC,DATTAPUKUR,SEALDAH,Wednesday,Weekday
33613,SDAH-DTK LOC,SEALDAH,DATTAPUKUR,Monday,Weekday
33614,DTK-SDAH LOC,DATTAPUKUR,SEALDAH,Wednesday,Weekday
33615,SDAH - DTK L,SEALDAH,DATTAPUKUR,Saturday,Weekend
33616,DTK - SDAH L,DATTAPUKUR,SEALDAH,Monday,Weekday
33617,SDAH - DTK L,SEALDAH,DATTAPUKUR,Saturday,Weekend
33618,DTK-SDAH LOC,DATTAPUKUR,SEALDAH,Sunday,Weekend
33619,SDAH - DTK L,SEALDAH,DATTAPUKUR,Sunday,Weekend
33620,DTK-SDAH LOC,DATTAPUKUR,SEALDAH,Saturday,Weekend
33621,SDAH-DTK LOC,SEALDAH,DATTAPUKUR,Saturday,Weekend
33622,DTK-SDAH LOC,DATTAPUKUR,SEALDAH,Friday,Weekday
33623,SDAH - DTK L,SEALDAH,DATTAPUKUR,Tuesday,Weekday
33624,DTK-SDAH LOC,DATTAPUKUR,SEALDAH,Friday,Weekday
33626,DTK-SDAH LOC,DATTAPUKUR,SEALDAH,Saturday,Weekend
33628,DTK-SDAH LOC,DATTAPUKUR,SEALDAH,Thursday,Weekday
33630,DTK-SDAH LOC,DATTAPUKUR,SEALDAH,Thursday,Weekday
33651,SDAH-HB LOCA,SEALDAH,HABRA,Thursday,Weekday
33652,HB - SDAH LO,HABRA,SEALDAH,Thursday,Weekday
33653,SDAH-HB LOCA,SEALDAH,HABRA,Saturday,Weekend
33654,HB - SDAH LO,HABRA,SEALDAH,Friday,Weekday
33655,SDAH-HB LOCA,SEALDAH,HABRA,Friday,Weekday
33656,HB - SDAH LO,HABRA,SEALDAH,Thursday,Weekday
33657,SDAH-HB LOCA,SEALDAH,HABRA,Saturday,Weekend
33658,HB - SDAH LO,HABRA,SEALDAH,Sunday,Weekend
33659,SDAH-HB LOCA,SEALDAH,HABRA,Monday,Weekday
33660,HB - SDAH LO,HABRA,SEALDAH,Wednesday,Weekday
33664,HB - SDAH LO,HABRA,SEALDAH,Friday,Weekday
33666,HB - SDAH LO,HABRA,SEALDAH,Thursday,Weekday
33681,SDAH - GBG,SEALDAH,GOBARDANGA,Thursday,Weekday
33682,GBG - SDAH L,GOBARDANGA,SEALDAH,Tuesday,Weekday
33685,SDAH - GBG,SEALDAH,GOBARDANGA,Tuesday,Weekday
33686,GBG - SDAH L,GOBARDANGA,SEALDAH,Thursday,Weekday
33687,SDAH-GBG LOC,SEALDAH,GOBARDANGA,Wednesday,Weekday
33688,GBG - SDAH L,GOBARDANGA,SEALDAH,Monday,Weekday
33711,RHA - BNJ LO,RANAGHAT JN.,BANGAON JN.,Tuesday,Weekday
33712,BNJ - RHA LO,BANGAON JN.,RANAGHAT JN.,Saturday,Weekend
33713,RHA - BNJ LO,RANAGHAT JN.,BANGAON JN.,Saturday,Weekend
33714,BNJ - RHA LO,BANGAON JN.,RANAGHAT JN.,Monday,Weekday
33715,RHA - BNJ LO,RANAGHAT JN.,BANGAON JN.,Sunday,Weekend
33716,BNJ - RHA LO,BANGAON JN.,RANAGHAT JN.,Monday,Weekday
33717,RHA - BNJ LO,RANAGHAT JN.,BANGAON JN.,Friday,Weekday
33718,BNJ - RHA LO,BANGAON JN.,RANAGHAT JN.,Tuesday,Weekday
33719,RHA - BNJ LO,RANAGHAT JN.,BANGAON JN.,Thursday,Weekday
33720,BNJ - RHA LO,BANGAON JN.,RANAGHAT JN.,Sunday,Weekend
33721,RHA - BNJ LO,RANAGHAT JN.,BANGAON JN.,Sunday,Weekend
33722,BNJ - RHA LO,BANGAON JN.,RANAGHAT JN.,Friday,Weekday
33723,RHA - BNJ LO,RANAGHAT JN.,BANGAON JN.,Saturday,Weekend
33724,BNJ - RHA LO,BANGAON JN.,RANAGHAT JN.,Thursday,Weekday
33725,RHA - BNJ LO,RANAGHAT JN.,BANGAON JN.,Thursday,Weekday
33726,BNJ - RHA LO,BANGAON JN.,RANAGHAT JN.,Sunday,Weekend
33727,RHA - BNJ LO,RANAGHAT JN.,BANGAON JN.,Friday,Weekday
33728,BNJ - RHA LO,BANGAON JN.,RANAGHAT JN.,Sunday,Weekend
33729,RHA - BNJ LO,RANAGHAT JN.,BANGAON JN.,Friday,Weekday
33730,BNJ - RHA LO,BANGAON JN.,RANAGHAT JN.,Saturday,Weekend
33731,RHA - BNJ LO,RANAGHAT JN.,BANGAON JN.,Wednesday,Weekday
33732,BNJ - RHA LO,BANGAON JN.,RANAGHAT JN.,Saturday,Weekend
33733,RHA - BNJ LO,RANAGHAT JN.,BANGAON JN.,Friday,Weekday
33734,BNJ - RHA LO,BANGAON JN.,RANAGHAT JN.,Thursday,Weekday
33735,RHA - BNJ LO,RANAGHAT JN.,BANGAON JN.,Wednesday,Weekday
33736,BNJ - RHA LO,BANGAON JN.,RANAGHAT JN.,Wednesday,Weekday
33737,RHA-BNJ LOCA,RANAGHAT JN.,BANGAON JN.,Sunday,Weekend
33738,BNJ-RHA LOCA,BANGAON JN.,RANAGHAT JN.,Thursday,Weekday
33739,RHA-BNJ  LOC,RANAGHAT JN.,BANGAON JN.,Monday,Weekday
33751,STB-BNJ LOCA,SHANTIPUR JN.,BANGAON JN.,Friday,Weekday
33752,BNJ-STB LOCA,BANGAON JN.,SHANTIPUR JN.,Thursday,Weekday
33801,SDAH - BNJ L,SEALDAH,BANGAON JN.,Sunday,Weekend
33802,BNJ - SDAH L,BANGAON JN.,SEALDAH,Thursday,Weekday
33811,SDAH-BNJ LOC,SEALDAH,BANGAON JN.,Monday,Weekday
33812,BNJ-SDAH LOC,BANGAON JN.,SEALDAH,Wednesday,Weekday
33813,SDAH-BNJ LOC,SEALDAH,BANGAON JN.,Saturday,Weekend
33814,BNJ-SDAH LOC,BANGAON JN.,SEALDAH,Thursday,Weekday
33815,SDAH-BNJ LOC,SEALDAH,BANGAON JN.,Monday,Weekday
33816,BNJ - SDAH L,BANGAON JN.,SEALDAH,Friday,Weekday
33817,SDAH - BNJ L,SEALDAH,BANGAON JN.,Friday,Weekday
33818,BNJ - SDAH L,BANGAON JN.,SEALDAH,Wednesday,Weekday
33819,SDAH - BNJ L,SEALDAH,BANGAON JN.,Tuesday,Weekday
33820,BNJ - SDAH L,BANGAON JN.,SEALDAH,Monday,Weekday
33821,SDAH - BNJ L,SEALDAH,BANGAON JN.,Friday,Weekday
33822,BNJ - SDAH L,BANGAON JN.,SEALDAH,Wednesday,Weekday
33823,SDAH - BNJ L,SEALDAH,BANGAON JN.,Thursday,Weekday
33824,BNJ - SDAH L,BANGAON JN.,SEALDAH,Thursday,Weekday
33825,SDAH - BNJ L,SEALDAH,BANGAON JN.,Friday,Weekday
33826,BNJ - SDAH L,BANGAON JN.,SEALDAH,Monday,Weekday
33827,SDAH - BNJ L,SEALDAH,BANGAON JN.,Tuesday,Weekday
33828,BNJ - SDAH L,BANGAON JN.,SEALDAH,Thursday,Weekday
33829,SDAH - BNJ L,SEALDAH,BANGAON JN.,Friday,Weekday
33830,BNJ - SDAH L,BANGAON JN.,SEALDAH,Sunday,Weekend
33831,SDAH - BNJ L,SEALDAH,BANGAON JN.,Saturday,Weekend
33832,BNJ - SDAH L,BANGAON JN.,SEALDAH,Wednesday,Weekday
33833,SDAH - BNJ L,SEALDAH,BANGAON JN.,Tuesday,Weekday
33834,BNJ - SDAH L,BANGAON JN.,SEALDAH,Thursday,Weekday
33835,SDAH-BNJ LOC,SEALDAH,BANGAON JN.,Thursday,Weekday
33836,BNJ - SDAH L,BANGAON JN.,SEALDAH,Wednesday,Weekday
33837,SDAH-BNJ LOC,SEALDAH,BANGAON JN.,Thursday,Weekday
33838,BNJ - SDAH L,BANGAON JN.,SEALDAH,Saturday,Weekend
33839,SDAH-BNJ LOC,SEALDAH,BANGAON JN.,Sunday,Weekend
33840,BNJ - SDAH L,BANGAON JN.,SEALDAH,Friday,Weekday
33841,SDAH - BNJ L,SEALDAH,BANGAON JN.,Monday,Weekday
33842,BNJ - SDAH L,BANGAON JN.,SEALDAH,Friday,Weekday
33843,SDAH - BNJ L,SEALDAH,BANGAON JN.,Friday,Weekday
33844,BNJ - SDAH L,BANGAON JN.,SEALDAH,Wednesday,Weekday
33845,SDAH - BNJ L,SEALDAH,BANGAON JN.,Friday,Weekday
33846,BNJ - SDAH L,BANGAON JN.,SEALDAH,Tuesday,Weekday
33847,SDAH - BNJ L,SEALDAH,BANGAON JN.,Saturday,Weekend
33848,BNJ - SDAH L,BANGAON JN.,SEALDAH,Sunday,Weekend
33849,SDAH - BNJ L,SEALDAH,BANGAON JN.,Friday,Weekday
33850,BNJ - SDAH L,BANGAON JN.,SEALDAH,Saturday,Weekend
33851,SDAH - BNJ L,SEALDAH,BANGAON JN.,Monday,Weekday
33852,BNJ - SDAH L,BANGAON JN.,SEALDAH,Tuesday,Weekday
33853,SDAH - BNJ L,SEALDAH,BANGAON JN.,Friday,Weekday
33854,BNJ - SDAH L,BANGAON JN.,SEALDAH,Wednesday,Weekday
33855,SDAH - BNJ L,SEALDAH,BANGAON JN.,Wednesday,Weekday
33856,BNJ - SDAH L,BANGAON JN.,SEALDAH,Friday,Weekday
33857,SDAH - BNJ L,SEALDAH,BANGAON JN.,Monday,Weekday
33858,BNJ-SDAH LOC,BANGAON JN.,SEALDAH,Thursday,Weekday
33859,SDAH - BNJ L,SEALDAH,BANGAON JN.,Wednesday,Weekday
33860,BNJ - SDAH L,BANGAON JN.,SEALDAH,Wednesday,Weekday
33861,SDAH - BNJ L,SEALDAH,BANGAON JN.,Saturday,Weekend
33863,SDAH - BNJ,SEALDAH,BANGAON JN.,Monday,Weekday
33895,SDAH-TKNR LO,SEALDAH,THAKURNAGAR,Sunday,Weekend
33896,TKNR - SDAH,THAKURNAGAR,SEALDAH,Tuesday,Weekday
34052,NH - BGB LOC,NAIHATI JN.,BUDGE BUDGE,Sunday,Weekend
34054,NH - BGB LOC,NAIHATI JN.,BUDGE BUDGE,Thursday,Weekday
34056,KLYM - BGB L,KALYANI SIMANTA,BUDGE BUDGE,Monday,Weekday
34062,BNJ - CG LOC,BANGAON JN.,CANNING,Saturday,Weekend
34111,BGB - SDAH L,BUDGE BUDGE,SEALDAH,Saturday,Weekend
34112,SDAH-BGB LOC,SEALDAH,BUDGE BUDGE,Friday,Weekday
34113,BGB - SDAH L,BUDGE BUDGE,SEALDAH,Saturday,Weekend
34114,SDAH-BGB LOC,SEALDAH,BUDGE BUDGE,Monday,Weekday
34115,BGB - SDAH L,BUDGE BUDGE,SEALDAH,Friday,Weekday
34116,SDAH-BGB LOC,SEALDAH,BUDGE BUDGE,Sunday,Weekend
34117,BGB - SDAH L,BUDGE BUDGE,SEALDAH,Wednesday,Weekday
34118,SDAH-BGB LOC,SEALDAH,BUDGE BUDGE,Friday,Weekday
34119,BGB - SDAH L,BUDGE BUDGE,SEALDAH,Monday,Weekday
34120,SDAH-BGB LOC,SEALDAH,BUDGE BUDGE,Thursday,Weekday
34121,BGB - SDAH L,BUDGE BUDGE,SEALDAH,Thursday,Weekday
34122,SDAH-BGB LOC,SEALDAH,BUDGE BUDGE,Wednesday,Weekday
34123,BGB - SDAH L,BUDGE BUDGE,SEALDAH,Tuesday,Weekday
34124,SDAH-BGB LOC,SEALDAH,BUDGE BUDGE,Saturday,Weekend
34125,BGB - SDAH L,BUDGE BUDGE,SEALDAH,Wednesday,Weekday
34126,SDAH-BGB LOC,SEALDAH,BUDGE BUDGE,Saturday,Weekend
34127,BGB - SDAH L,BUDGE BUDGE,SEALDAH,Thursday,Weekday
34128,SDAH-BGB LOC,SEALDAH,BUDGE BUDGE,Thursday,Weekday
34129,BGB - SDAH L,BUDGE BUDGE,SEALDAH,Sunday,Weekend
34130,SDAH-BGB LOC,SEALDAH,BUDGE BUDGE,Saturday,Weekend
34131,BGB - SDAH L,BUDGE BUDGE,SEALDAH,Friday,Weekday
34132,SDAH-BGB LOC,SEALDAH,BUDGE BUDGE,Friday,Weekday
34133,BGB - SDAH L,BUDGE BUDGE,SEALDAH,Friday,Weekday
34134,SDAH-BGB LOC,SEALDAH,BUDGE BUDGE,Thursday,Weekday
34135,BGB - SDAH L,BUDGE BUDGE,SEALDAH,Sunday,Weekend
34136,SDAH-BGB LOC,SEALDAH,BUDGE BUDGE,Wednesday,Weekday
34137,BGB - SDAH L,BUDGE BUDGE,SEALDAH,Wednesday,Weekday
34138,SDAH-BGB LOC,SEALDAH,BUDGE BUDGE,Sunday,Weekend
34139,BGB - SDAH L,BUDGE BUDGE,SEALDAH,Sunday,Weekend
34140,SDAH-BGB LOC,SEALDAH,BUDGE BUDGE,Sunday,Weekend
34141,BGB - SDAH L,BUDGE BUDGE,SEALDAH,Monday,Weekday
34142,SDAH-BGB LOC,SEALDAH,BUDGE BUDGE,Thursday,Weekday
34143,BGB - SDAH L,BUDGE BUDGE,SEALDAH,Saturday,Weekend
34144,SDAH-BGB LOC,SEALDAH,BUDGE BUDGE,Friday,Weekday
34145,BGB - SDAH L,BUDGE BUDGE,SEALDAH,Tuesday,Weekday
34146,SDAH-BGB LOC,SEALDAH,BUDGE BUDGE,Sunday,Weekend
34147,BGB - SDAH L,BUDGE BUDGE,SEALDAH,Tuesday,Weekday
34148,SDAH-BGB LOC,SEALDAH,BUDGE BUDGE,Friday,Weekday
34149,BGB - SDAH L,BUDGE BUDGE,SEALDAH,Sunday,Weekend
34150,SDAH-BGB LOC,SEALDAH,BUDGE BUDGE,Wednesday,Weekday
34151,BGB - SDAH L,BUDGE BUDGE,SEALDAH,Tuesday,Weekday
34152,SDAH-BGB LOC,SEALDAH,BUDGE BUDGE,Monday,Weekday
34153,BGB - SDAH L,BUDGE BUDGE,SEALDAH,Friday,Weekday
34154,SDAH-BGB LOC,SEALDAH,BUDGE BUDGE,Sunday,Weekend
34155,BGB - SDAH L,BUDGE BUDGE,SEALDAH,Monday,Weekday
34156,SDAH-BGB LOC,SEALDAH,BUDGE BUDGE,Sunday,Weekend
34157,BGB - SDAH L,BUDGE BUDGE,SEALDAH,Sunday,Weekend
34158,SDAH-BGB LOC,SEALDAH,BUDGE BUDGE,Monday,Weekday
34159,BGB - SDAH L,BUDGE BUDGE,SEALDAH,Saturday,Weekend
34160,SDAH-BGB LOC,SEALDAH,BUDGE BUDGE,Thursday,Weekday
34161,BGB - SDAH L,BUDGE BUDGE,SEALDAH,Wednesday,Weekday
34162,SDAH-BGB LOC,SEALDAH,BUDGE BUDGE,Thursday,Weekday
34163,BGB - SDAH L,BUDGE BUDGE,SEALDAH,Tuesday,Weekday
34164,SDAH-BGB LOC,SEALDAH,BUDGE BUDGE,Saturday,Weekend
34165,BGB-SDAH LOC,BUDGE BUDGE,SEALDAH,Saturday,Weekend
34166,SDAH-BGB LOC,SEALDAH,BUDGE BUDGE,Friday,Weekday
34311,BRP - SPR LO,BARUIPUR JN.,SONARPUR JN.,Monday,Weekday
34312,SPR - BRP LO,SONARPUR JN.,BARUIPUR JN.,Tuesday,Weekday
34313,BRP - SPR LO,BARUIPUR JN.,SONARPUR JN.,Wednesday,Weekday
34331,LAKHIKANTAPU,LAKSHMIKANTAPUR,BARUIPUR JN.,Sunday,Weekend
34332,BRP - LKPR L,BARUIPUR JN.,LAKSHMIKANTAPUR,Tuesday,Weekday
34334,BRP-LKPR LOC,BARUIPUR JN.,LAKSHMIKANTAPUR,Thursday,Weekday
34351,CG-SPR LOCAL,CANNING,SONARPUR JN.,Sunday,Weekend
34352,SPR - CG LOC,SONARPUR JN.,CANNING,Thursday,Weekday
34353,CG - SPR LOC,CANNING,SONARPUR JN.,Monday,Weekday
34354,SPR - CG LOC,SONARPUR JN.,CANNING,Saturday,Weekend
34355,CG- SPR  LOC,CANNING,SONARPUR JN.,Monday,Weekday
34356,SPR - CG LOC,SONARPUR JN.,CANNING,Saturday,Weekend
34358,SPR-CG LOCAL,SONARPUR JN.,CANNING,Thursday,Weekday
34360,SPR-CG LOCAL,SONARPUR JN.,CANNING,Tuesday,Weekday
34411,SPR - SDAH L,SONARPUR JN.,SEALDAH,Wednesday,Weekday
34412,SDAH- SPR LO,SEALDAH,SONARPUR JN.,Monday,Weekday
34413,SPR - SDAH L,SONARPUR JN.,SEALDAH,Tuesday,Weekday
34414,SDAH- SPR LO,SEALDAH,SONARPUR JN.,Friday,Weekday
34415,SPR - SDAH L,SONARPUR JN.,SEALDAH,Monday,Weekday
34416,SDAH- SPR LO,SEALDAH,SONARPUR JN.,Saturday,Weekend
34417,SPR - SDAH L,SONARPUR JN.,SEALDAH,Sunday,Weekend
34418,SDAH- SPR LO,SEALDAH,SONARPUR JN.,Wednesday,Weekday
34419,SPR - SDAH L,SONARPUR JN.,SEALDAH,Sunday,Weekend
34420,SDAH- SPR LO,SEALDAH,SONARPUR JN.,Thursday,Weekday
34421,SPR - SDAH L,SONARPUR JN.,SEALDAH,Wednesday,Weekday
34422,SDAH- SPR LO,SEALDAH,SONARPUR JN.,Wednesday,Weekday
34423,SPR - SDAH L,SONARPUR JN.,SEALDAH,Wednesday,Weekday
34424,SDAH- SPR LO,SEALDAH,SONARPUR JN.,Friday,Weekday
34425,SPR - SDAH L,SONARPUR JN.,SEALDAH,Thursday,Weekday
34426,SDAH- SPR LO,SEALDAH,SONARPUR JN.,Monday,Weekday
34427,SPR - SDAH L,SONARPUR JN.,SEALDAH,Tuesday,Weekday
34428,SDAH- SPR LO,SEALDAH,SONARPUR JN.,Sunday,Weekend
34429,SPR - SDAH L,SONARPUR JN.,SEALDAH,Wednesday,Weekday
34430,SDAH- SPR LO,SEALDAH,SONARPUR JN.,Tuesday,Weekday
34431,SPR-SDAH LOC,SONARPUR JN.,SEALDAH,Thursday,Weekday
34432,SDAH- SPR LO,SEALDAH,SONARPUR JN.,Friday,Weekday
34434,SDAH-SPR LOC,SEALDAH,SONARPUR JN.,Wednesday,Weekday
34436,SDAH-SPR LOC,SEALDAH,SONARPUR JN.,Thursday,Weekday
34501,CG - SDAH  L,CANNING,SEALDAH,Wednesday,Weekday
34502,SDAH - CG LO,SEALDAH,CANNING,Tuesday,Weekday
34511,CG - SDAH  L,CANNING,SEALDAH,Saturday,Weekend
34512,SDAH - CG LO,SEALDAH,CANNING,Thursday,Weekday
34513,CG - SDAH  L,CANNING,SEALDAH,Tuesday,Weekday
34514,SDAH - CG LO,SEALDAH,CANNING,Sunday,Weekend
34515,CG - SDAH  L,CANNING,SEALDAH,Friday,Weekday
34516,SDAH - CG LO,SEALDAH,CANNING,Sunday,Weekend
34517,CG - SDAH  L,CANNING,SEALDAH,Tuesday,Weekday
34518,SDAH - CG LO,SEALDAH,CANNING,Monday,Weekday
34519,CG - SDAH  L,CANNING,SEALDAH,Sunday,Weekend
34520,SDAH - CG LO,SEALDAH,CANNING,Thursday,Weekday
34521,CG - SDAH  L,CANNING,SEALDAH,Monday,Weekday
34522,SDAH - CG LO,SEALDAH,CANNING,Thursday,Weekday
34523,CG - SDAH  L,CANNING,SEALDAH,Thursday,Weekday
34524,SDAH - CG LO,SEALDAH,CANNING,Saturday,Weekend
34525,CG - SDAH  L,CANNING,SEALDAH,Monday,Weekday
34526,SDAH - CG LO,SEALDAH,CANNING,Monday,Weekday
34527,CG - SDAH  L,CANNING,SEALDAH,Monday,Weekday
34528,SDAH - CG LO,SEALDAH,CANNING,Monday,Weekday
34529,CG - SDAH  L,CANNING,SEALDAH,Thursday,Weekday
34530,SDAH - CG LO,SEALDAH,CANNING,Sunday,Weekend
34531,CG - SDAH  L,CANNING,SEALDAH,Monday,Weekday
34532,SDAH - CG LO,SEALDAH,CANNING,Thursday,Weekday
34533,CG - SDAH  L,CANNING,SEALDAH,Thursday,Weekday
34534,SDAH - CG LO,SEALDAH,CANNING,Sunday,Weekend
34535,CG - SDAH  L,CANNING,SEALDAH,Saturday,Weekend
34536,SDAH - CG LO,SEALDAH,CANNING,Thursday,Weekday
34537,CG - SDAH  L,CANNING,SEALDAH,Saturday,Weekend
34538,SDAH - CG LO,SEALDAH,CANNING,Friday,Weekday
34539,CG - SDAH  L,CANNING,SEALDAH,Monday,Weekday
34540,SDAH - CG LO,SEALDAH,CANNING,Tuesday,Weekday
34541,CG - SDAH  L,CANNING,SEALDAH,Thursday,Weekday
34542,SDAH - CG LO,SEALDAH,CANNING,Thursday,Weekday
34543,CG - SDAH  L,CANNING,SEALDAH,Sunday,Weekend
34544,SDAH - CG LO,SEALDAH,CANNING,Tuesday,Weekday
34545,CG - SDAH  L,CANNING,SEALDAH,Wednesday,Weekday
34546,SDAH - CG LO,SEALDAH,CANNING,Friday,Weekday
34547,CG - SDAH  L,CANNING,SEALDAH,Wednesday,Weekday
34548,SDAH - CG LO,SEALDAH,CANNING,Friday,Weekday
34549,CG - SDAH  L,CANNING,SEALDAH,Wednesday,Weekday
34550,SDAH - CG LO,SEALDAH,CANNING,Wednesday,Weekday
34551,CG - SDAH  L,CANNING,SEALDAH,Wednesday,Weekday
34552,SDAH - CG LO,SEALDAH,CANNING,Friday,Weekday
34553,CG - SDAH  L,CANNING,SEALDAH,Wednesday,Weekday
34554,SDAH-CG LOCA,SEALDAH,CANNING,Wednesday,Weekday
34555,CG - SDAH  L,CANNING,SEALDAH,Wednesday,Weekday
34557,CG-SDAH LOCA,CANNING,SEALDAH,Friday,Weekday
34601,BRP - SDAH L,BARUIPUR JN.,SEALDAH,Thursday,Weekday
34602,SDAH - BRP L,SEALDAH,BARUIPUR JN.,Tuesday,Weekday
34611,BRP - SDAH L,BARUIPUR JN.,SEALDAH,Sunday,Weekend
34612,SDAH - BRP L,SEALDAH,BARUIPUR JN.,Sunday,Weekend
34613,BRP - SDAH L,BARUIPUR JN.,SEALDAH,Monday,Weekday
34614,SDAH - BRP L,SEALDAH,BARUIPUR JN.,Wednesday,Weekday
34615,BRP - SDAH L,BARUIPUR JN.,SEALDAH,Friday,Weekday
34616,SDAH - BRP L,SEALDAH,BARUIPUR JN.,Thursday,Weekday
34617,BRP - SDAH L,BARUIPUR JN.,SEALDAH,Monday,Weekday
34618,SDAH - BRP L,SEALDAH,BARUIPUR JN.,Sunday,Weekend
34619,BRP - SDAH L,BARUIPUR JN.,SEALDAH,Wednesday,Weekday
34620,SDAH - BRP L,SEALDAH,BARUIPUR JN.,Thursday,Weekday
34621,BRP - SDAH L,BARUIPUR JN.,SEALDAH,Friday,Weekday
34622,SDAH - BRP L,SEALDAH,BARUIPUR JN.,Tuesday,Weekday
34623,BRP - SDAH L,BARUIPUR JN.,SEALDAH,Tuesday,Weekday
34624,SDAH - BRP L,SEALDAH,BARUIPUR JN.,Tuesday,Weekday
34625,BRP - SDAH L,BARUIPUR JN.,SEALDAH,Friday,Weekday
34626,SDAH - BRP L,SEALDAH,BARUIPUR JN.,Sunday,Weekend
34627,BRP - SDAH L,BARUIPUR JN.,SEALDAH,Sunday,Weekend
34628,SDAH - BRP L,SEALDAH,BARUIPUR JN.,Thursday,Weekday
34629,BRP - SDAH L,BARUIPUR JN.,SEALDAH,Sunday,Weekend
34630,SDAH - BRP L,SEALDAH,BARUIPUR JN.,Monday,Weekday
34631,BRP - SDAH L,BARUIPUR JN.,SEALDAH,Monday,Weekday
34632,SDAH - BRP L,SEALDAH,BARUIPUR JN.,Saturday,Weekend
34633,BRP - SDAH L,BARUIPUR JN.,SEALDAH,Wednesday,Weekday
34634,SDAH - BRP L,SEALDAH,BARUIPUR JN.,Tuesday,Weekday
34635,BRP - SDAH L,BARUIPUR JN.,SEALDAH,Wednesday,Weekday
34636,SDAH - BRP L,SEALDAH,BARUIPUR JN.,Tuesday,Weekday
34637,BRP - SDAH L,BARUIPUR JN.,SEALDAH,Tuesday,Weekday
34638,SDAH - BRP L,SEALDAH,BARUIPUR JN.,Thursday,Weekday
34639,BRP - SDAH L,BARUIPUR JN.,SEALDAH,Wednesday,Weekday
34640,SDAH - BRP L,SEALDAH,BARUIPUR JN.,Saturday,Weekend
34641,BRP - SDAH L,BARUIPUR JN.,SEALDAH,Friday,Weekday
34642,SDAH - BRP L,SEALDAH,BARUIPUR JN.,Tuesday,Weekday
34643,BRP - SDAH L,BARUIPUR JN.,SEALDAH,Tuesday,Weekday
34644,SDAH - BRP L,SEALDAH,BARUIPUR JN.,Thursday,Weekday
34645,BRP - SDAH L,BARUIPUR JN.,SEALDAH,Sunday,Weekend
34646,SDAH - BRP L,SEALDAH,BARUIPUR JN.,Thursday,Weekday
34647,BRP - SDAH L,BARUIPUR JN.,SEALDAH,Saturday,Weekend
34648,SDAH - BRP L,SEALDAH,BARUIPUR JN.,Thursday,Weekday
34711,LKPR - SDAH,LAKSHMIKANTAPUR,SEALDAH,Friday,Weekday
34712,SDAH-LKPR LO,SEALDAH,LAKSHMIKANTAPUR,Monday,Weekday
34713,LKPR - SDAH,LAKSHMIKANTAPUR,SEALDAH,Monday,Weekday
34714,SDAH-LKPR LO,SEALDAH,LAKSHMIKANTAPUR,Wednesday,Weekday
34715,LKPR - SDAH,LAKSHMIKANTAPUR,SEALDAH,Wednesday,Weekday
34716,SDAH-LKPR LO,SEALDAH,LAKSHMIKANTAPUR,Saturday,Weekend
34717,LKPR - SDAH,LAKSHMIKANTAPUR,SEALDAH,Friday,Weekday
34718,SDAH-LKPR LO,SEALDAH,LAKSHMIKANTAPUR,Saturday,Weekend
34719,LKPR - SDAH,LAKSHMIKANTAPUR,SEALDAH,Monday,Weekday
34720,SDAH-LKPR LO,SEALDAH,LAKSHMIKANTAPUR,Thursday,Weekday
34721,LKPR - SDAH,LAKSHMIKANTAPUR,SEALDAH,Wednesday,Weekday
34722,SDAH-LKPR LO,SEALDAH,LAKSHMIKANTAPUR,Friday,Weekday
34723,LKPR - SDAH,LAKSHMIKANTAPUR,SEALDAH,Thursday,Weekday
34724,SDAH-LKPR LO,SEALDAH,LAKSHMIKANTAPUR,Wednesday,Weekday
34725,LKPR - SDAH,LAKSHMIKANTAPUR,SEALDAH,Friday,Weekday
34726,SDAH-LKPR LO,SEALDAH,LAKSHMIKANTAPUR,Wednesday,Weekday
34727,LKPR - SDAH,LAKSHMIKANTAPUR,SEALDAH,Wednesday,Weekday
34728,SDAH-LKPR LO,SEALDAH,LAKSHMIKANTAPUR,Wednesday,Weekday
34729,LKPR - SDAH,LAKSHMIKANTAPUR,SEALDAH,Tuesday,Weekday
34730,SDAH-LKPR LO,SEALDAH,LAKSHMIKANTAPUR,Saturday,Weekend
34731,LKPR - SDAH,LAKSHMIKANTAPUR,SEALDAH,Thursday,Weekday
34732,SDAH-LKPR LO,SEALDAH,LAKSHMIKANTAPUR,Wednesday,Weekday
34733,LKPR - SDAH,LAKSHMIKANTAPUR,SEALDAH,Sunday,Weekend
34734,SDAH-LKPR LO,SEALDAH,LAKSHMIKANTAPUR,Thursday,Weekday
34735,LKPR - SDAH,LAKSHMIKANTAPUR,SEALDAH,Friday,Weekday
34736,SDAH-LKPR LO,SEALDAH,LAKSHMIKANTAPUR,Sunday,Weekend
34737,LKPR - SDAH,LAKSHMIKANTAPUR,SEALDAH,Saturday,Weekend
34738,SDAH-LKPR LO,SEALDAH,LAKSHMIKANTAPUR,Thursday,Weekday
34739,LKPR - SDAH,LAKSHMIKANTAPUR,SEALDAH,Sunday,Weekend
34740,SDAH-LKPR LO,SEALDAH,LAKSHMIKANTAPUR,Sunday,Weekend
34741,LKPR - SDAH,LAKSHMIKANTAPUR,SEALDAH,Saturday,Weekend
34742,SDAH-LKPR LO,SEALDAH,LAKSHMIKANTAPUR,Monday,Weekday
34743,LKPR - SDAH,LAKSHMIKANTAPUR,SEALDAH,Tuesday,Weekday
34744,SDAH-LKPR LO,SEALDAH,LAKSHMIKANTAPUR,Thursday,Weekday
34745,LKPR - SDAH,LAKSHMIKANTAPUR,SEALDAH,Sunday,Weekend
34746,SDAH-LKPR LO,SEALDAH,LAKSHMIKANTAPUR,Monday,Weekday
34747,LKPR - SDAH,LAKSHMIKANTAPUR,SEALDAH,Wednesday,Weekday
34748,SDAH-LKPR LO,SEALDAH,LAKSHMIKANTAPUR,Tuesday,Weekday
34749,LKPR - SDAH,LAKSHMIKANTAPUR,SEALDAH,Thursday,Weekday
34750,SDAH-LKPR LO,SEALDAH,LAKSHMIKANTAPUR,Wednesday,Weekday
34751,LKPR - SDAH,LAKSHMIKANTAPUR,SEALDAH,Thursday,Weekday
34752,SDAH-LKPR LO,SEALDAH,LAKSHMIKANTAPUR,Saturday,Weekend
34753,LKPR - SDAH,LAKSHMIKANTAPUR,SEALDAH,Friday,Weekday
34754,SDAH-LKPR LO,SEALDAH,LAKSHMIKANTAPUR,Monday,Weekday
34755,LKPR - SDAH,LAKSHMIKANTAPUR,SEALDAH,Saturday,Weekend
34757,LKPR - SDAH,LAKSHMIKANTAPUR,SEALDAH,Saturday,Weekend
34782,SDAH - KAKDW,SEALDAH,KWAKDWIP,Friday,Weekday
34791,NMKA - SDAH,NAMKHANA,SEALDAH,Friday,Weekday
34792,SDAH - NMKA,SEALDAH,NAMKHANA,Tuesday,Weekday
34793,NMKA-SDAH LO,NAMKHANA,SEALDAH,Thursday,Weekday
34794,SDAH-NAMKHAN,SEALDAH,NAMKHANA,Monday,Weekday
34811,DH - SDAH LO,DIAMOND HARBOUR,SEALDAH,Monday,Weekday
34812,SDAH-DH LOCA,SEALDAH,DIAMOND HARBOUR,Wednesday,Weekday
34813,DH - SDAH LO,DIAMOND HARBOUR,SEALDAH,Monday,Weekday
34814,SDAH-DH LOCA,SEALDAH,DIAMOND HARBOUR,Tuesday,Weekday
34815,DH - SDAH LO,DIAMOND HARBOUR,SEALDAH,Tuesday,Weekday
34816,SDAH-DH LOCA,SEALDAH,DIAMOND HARBOUR,Thursday,Weekday
34817,DH - SDAH LO,DIAMOND HARBOUR,SEALDAH,Saturday,Weekend
34818,SDAH-DH LOCA,SEALDAH,DIAMOND HARBOUR,Thursday,Weekday
34819,DH - SDAH LO,DIAMOND HARBOUR,SEALDAH,Saturday,Weekend
34820,SDAH-DH LOCA,SEALDAH,DIAMOND HARBOUR,Tuesday,Weekday
34821,DH - SDAH LO,DIAMOND HARBOUR,SEALDAH,Saturday,Weekend
34822,SDAH-DH LOCA,SEALDAH,DIAMOND HARBOUR,Sunday,Weekend
34823,DH - SDAH LO,DIAMOND HARBOUR,SEALDAH,Tuesday,Weekday
34824,SDAH-DH LOCA,SEALDAH,DIAMOND HARBOUR,Monday,Weekday
34825,DH - SDAH LO,DIAMOND HARBOUR,SEALDAH,Thursday,Weekday
34826,SDAH-DH LOCA,SEALDAH,DIAMOND HARBOUR,Tuesday,Weekday
34827,DH - SDAH LO,DIAMOND HARBOUR,SEALDAH,Saturday,Weekend
34828,SDAH-DH LOCA,SEALDAH,DIAMOND HARBOUR,Friday,Weekday
34829,DH - SDAH LO,DIAMOND HARBOUR,SEALDAH,Monday,Weekday
34830,SDAH-DH LOCA,SEALDAH,DIAMOND HARBOUR,Monday,Weekday
34831,DH - SDAH LO,DIAMOND HARBOUR,SEALDAH,Monday,Weekday
34832,SDAH-DH LOCA,SEALDAH,DIAMOND HARBOUR,Tuesday,Weekday
34833,DH - SDAH LO,DIAMOND HARBOUR,SEALDAH,Sunday,Weekend
34834,SDAH-DH LOCA,SEALDAH,DIAMOND HARBOUR,Tuesday,Weekday
34835,DH - SDAH LO,DIAMOND HARBOUR,SEALDAH,Saturday,Weekend
34836,SDAH-DH LOCA,SEALDAH,DIAMOND HARBOUR,Saturday,Weekend
34837,DH - SDAH LO,DIAMOND HARBOUR,SEALDAH,Monday,Weekday
34838,SDAH-DH LOCA,SEALDAH,DIAMOND HARBOUR,Saturday,Weekend
34839,DH - SDAH LO,DIAMOND HARBOUR,SEALDAH,Sunday,Weekend
34840,SDAH-DH LOCA,SEALDAH,DIAMOND HARBOUR,Monday,Weekday
34841,DH - SDAH LO,DIAMOND HARBOUR,SEALDAH,Monday,Weekday
34842,SDAH-DH LOCA,SEALDAH,DIAMOND HARBOUR,Monday,Weekday
34843,DH - SDAH LO,DIAMOND HARBOUR,SEALDAH,Tuesday,Weekday
34844,SDAH-DH LOCA,SEALDAH,DIAMOND HARBOUR,Sunday,Weekend
34845,DH - SDAH LO,DIAMOND HARBOUR,SEALDAH,Thursday,Weekday
34846,SDAH-DH LOCA,SEALDAH,DIAMOND HARBOUR,Sunday,Weekend
34847,DH - SDAH LO,DIAMOND HARBOUR,SEALDAH,Tuesday,Weekday
34848,SDAH-DH LOCA,SEALDAH,DIAMOND HARBOUR,Monday,Weekday
34849,DH - SDAH LO,DIAMOND HARBOUR,SEALDAH,Wednesday,Weekday
34850,SDAH-DH LOCA,SEALDAH,DIAMOND HARBOUR,Friday,Weekday
34851,DH - SDAH LO,DIAMOND HARBOUR,SEALDAH,Tuesday,Weekday
34852,SDAH-DH LOCA,SEALDAH,DIAMOND HARBOUR,Saturday,Weekend
34853,DH - SDAH LO,DIAMOND HARBOUR,SEALDAH,Tuesday,Weekday
34854,SDAH-DH LOCA,SEALDAH,DIAMOND HARBOUR,Thursday,Weekday
34855,DH - SDAH LO,DIAMOND HARBOUR,SEALDAH,Sunday,Weekend
34856,SDAH-DH LOCA,SEALDAH,DIAMOND HARBOUR,Saturday,Weekend
34857,DH-SDAH LOCA,DIAMOND HARBOUR,SEALDAH,Friday,Weekday
34858,SDAH-DH LOCA,SEALDAH,DIAMOND HARBOUR,Monday,Weekday
34859,DH SDAH LOCA,DIAMOND HARBOUR,SEALDAH,Thursday,Weekday
34860,SDAH DH LOCA,SEALDAH,DIAMOND HARBOUR,Monday,Weekday
34881,DH SONARPUR,DIAMOND HARBOUR,SONARPUR JN.,Thursday,Weekday
34882,SPR DH LOCAL,SONARPUR JN.,DIAMOND HARBOUR,Thursday,Weekday
34891,DH BRP LOCAL,DIAMOND HARBOUR,BARUIPUR JN.,Tuesday,Weekday
34892,BARUIPUR DH,BARUIPUR JN.,DIAMOND HARBOUR,Monday,Weekday
34898,SDAH-MGT LOC,SEALDAH,MAGRAHAT,Tuesday,Weekday
34899,MGT- SDAH LO,MAGRAHAT,SEALDAH,Thursday,Weekday
34911,NMKA - LKPR,NAMKHANA,LAKSHMIKANTAPUR,Monday,Weekday
34912,LKPR - NMKA,LAKSHMIKANTAPUR,NAMKHANA,Monday,Weekday
34913,NMKA - LKPR,NAMKHANA,LAKSHMIKANTAPUR,Saturday,Weekend
34914,LKPR - NMKA,LAKSHMIKANTAPUR,NAMKHANA,Sunday,Weekend
34915,NMKA - LKPR,NAMKHANA,LAKSHMIKANTAPUR,Saturday,Weekend
34916,LKPR - NMKA,LAKSHMIKANTAPUR,NAMKHANA,Thursday,Weekday
34917,NMKA - LKPR,NAMKHANA,LAKSHMIKANTAPUR,Friday,Weekday
34918,LKPR - NMKA,LAKSHMIKANTAPUR,NAMKHANA,Thursday,Weekday
34919,NMKA - LKPR,NAMKHANA,LAKSHMIKANTAPUR,Sunday,Weekend
34920,LKPR - NMKA,LAKSHMIKANTAPUR,NAMKHANA,Monday,Weekday
34921,NMKA - LKPR,NAMKHANA,LAKSHMIKANTAPUR,Tuesday,Weekday
34922,LKPR - NMKA,LAKSHMIKANTAPUR,NAMKHANA,Friday,Weekday
34923,NMKA - LKPR,NAMKHANA,LAKSHMIKANTAPUR,Tuesday,Weekday
34924,LKPR - NMKA,LAKSHMIKANTAPUR,NAMKHANA,Tuesday,Weekday
34925,NMKA - LKPR,NAMKHANA,LAKSHMIKANTAPUR,Tuesday,Weekday
34926,LKPR - NMKA,LAKSHMIKANTAPUR,NAMKHANA,Friday,Weekday
34927,NMKA - LKPR,NAMKHANA,LAKSHMIKANTAPUR,Sunday,Weekend
34928,LKPR - NMKA,LAKSHMIKANTAPUR,NAMKHANA,Friday,Weekday
34929,NMKA - LKPR,NAMKHANA,LAKSHMIKANTAPUR,Saturday,Weekend
34930,LKPR - NMKA,LAKSHMIKANTAPUR,NAMKHANA,Sunday,Weekend
34931,NMKA - LKPR,NAMKHANA,LAKSHMIKANTAPUR,Monday,Weekday
34932,LKPR - NMKA,LAKSHMIKANTAPUR,NAMKHANA,Tuesday,Weekday
34933,NMKA - LKPR,NAMKHANA,LAKSHMIKANTAPUR,Thursday,Weekday
34934,LKPR - NMKA,LAKSHMIKANTAPUR,NAMKHANA,Friday,Weekday
34981,KWDP-LKPR LO,KWAKDWIP,LAKSHMIKANTAPUR,Monday,Weekday
35011,BWN BGNA LOC,BARDDHAMAN JN.,BALGONA,Monday,Weekday
35012,BGNA BWN LOC,BALGONA,BARDDHAMAN JN.,Friday,Weekday
35013,BWN BGNA LOC,BARDDHAMAN JN.,BALGONA,Tuesday,Weekday
35014,BGNA BWN LOC,BARDDHAMAN JN.,BALGONA,Tuesday,Weekday
35015,`BWN BGNA LO,BARDDHAMAN JN.,BALGONA,Monday,Weekday
35016,BGNA BWN LOC,BALGONA,BARDDHAMAN JN.,Monday,Weekday
35017,BWN SPS LOCA,BARDDHAMAN JN.,SHRIPAT SHRIKHANDA,Tuesday,Weekday
35018,SPA BWN LOCA,SHRIPAT SHRIKHANDA,BARDDHAMAN JN.,Friday,Weekday
35019,BWN BGNA LOC,BARDDHAMAN JN.,BALGONA,Saturday,Weekend
35020,BGNA BWN LOC,BALGONA,BARDDHAMAN JN.,Friday,Weekday
35021,BWN BGNA LOC,BARDDHAMAN JN.,BALGONA,Tuesday,Weekday
35022,BGNA BWN LOC,BALGONA,BARDDHAMAN JN.,Friday,Weekday
36011,HWH-BRPA LOC,HOWRAH JN.,BARUI PARA,Monday,Weekday
36012,BRPA-HWH LOC,BARUI PARA,HOWRAH JN.,Tuesday,Weekday
36031,HWH-CDAE LOC,HOWRAH JN.,CHANDANPUR,Monday,Weekday
36032,CDAE-HWH LOC,CHANDANPUR,HOWRAH JN.,Saturday,Weekend
36033,HWH-CDAE LOC,HOWRAH JN.,CHANDANPUR,Monday,Weekday
36034,CDAE-HWH LOC,CHANDANPUR,HOWRAH JN.,Monday,Weekday
36035,HWH-CDAE LOC,HOWRAH JN.,CHANDANPUR,Tuesday,Weekday
36036,CDAE-HWH LOC,CHANDANPUR,HOWRAH JN.,Sunday,Weekend
36037,HWH-CDAE LOC,HOWRAH JN.,CHANDANPUR,Monday,Weekday
36038,CDAE-HWH LOC,CHANDANPUR,HOWRAH JN.,Monday,Weekday
36071,HWH-GRAE LOC,HOWRAH JN.,GURAP,Friday,Weekday
36072,HOWRAH-GURAP,GURAP,HOWRAH JN.,Thursday,Weekday
36081,HWH-MSAE LOC,HOWRAH JN.,MASAGRAM,Sunday,Weekend
36082,MSAE-HWH LOC,MASAGRAM,HOWRAH JN.,Monday,Weekday
36083,HWH-MSAE LOC,HOWRAH JN.,MASAGRAM,Sunday,Weekend
36084,MSAE-HWH LOC,MASAGRAM,HOWRAH JN.,Monday,Weekday
36085,HWH-MSAE LOC,HOWRAH JN.,MASAGRAM,Monday,Weekday
36086,MSAE-HWH LOC,MASAGRAM,HOWRAH JN.,Thursday,Weekday
36087,HWH-MSAELOCA,HOWRAH JN.,MASAGRAM,Friday,Weekday
36088,MSAE-HWH LOC,MASAGRAM,HOWRAH JN.,Saturday,Weekend
36811,HWH-BWN LOCA,HOWRAH JN.,BARDDHAMAN JN.,Friday,Weekday
36812,BWN-HWH(CHOR,BARDDHAMAN JN.,HOWRAH JN.,Wednesday,Weekday
36813,HWH-BWN LOCA,HOWRAH JN.,BARDDHAMAN JN.,Monday,Weekday
36814,BWN-HWH(CHOR,BARDDHAMAN JN.,HOWRAH JN.,Tuesday,Weekday
36815,HWH-BWN LOCA,HOWRAH JN.,BARDDHAMAN JN.,Saturday,Weekend
36816,BWN-HWH(CHOR,BARDDHAMAN JN.,HOWRAH JN.,Thursday,Weekday
36817,HWH-BWN LOCA,HOWRAH JN.,BARDDHAMAN JN.,Saturday,Weekend
36818,BWN-HWH(CHOR,BARDDHAMAN JN.,HOWRAH JN.,Saturday,Weekend
36819,HWH- BWN LOC,HOWRAH JN.,BARDDHAMAN JN.,Sunday,Weekend
36820,BWN-HWH(CHOR,BARDDHAMAN JN.,HOWRAH JN.,Tuesday,Weekday
36821,HWH- BWN LOC,HOWRAH JN.,BARDDHAMAN JN.,Wednesday,Weekday
36822,BWN-HWH(CHOR,BARDDHAMAN JN.,HOWRAH JN.,Thursday,Weekday
36823,HWH- BWN LOC,HOWRAH JN.,BARDDHAMAN JN.,Sunday,Weekend
36824,BWN-HWH(CHOR,BARDDHAMAN JN.,HOWRAH JN.,Wednesday,Weekday
36825,HWH - BWN(CH,HOWRAH JN.,BARDDHAMAN JN.,Wednesday,Weekday
36826,BWN-HWH(CHOR,BARDDHAMAN JN.,HOWRAH JN.,Sunday,Weekend
36827,HWH - BWN(CH,HOWRAH JN.,BARDDHAMAN JN.,Saturday,Weekend
36828,BWN-HWH(CHOR,BARDDHAMAN JN.,HOWRAH JN.,Thursday,Weekday
36829,HWH-BWN CHOR,HOWRAH JN.,BARDDHAMAN JN.,Tuesday,Weekday
36830,BWN-HWH(CHOR,BARDDHAMAN JN.,HOWRAH JN.,Saturday,Weekend
36831,HWH - BWN (C,HOWRAH JN.,BARDDHAMAN JN.,Friday,Weekday
36832,BWN-HWH(CHOR,BARDDHAMAN JN.,HOWRAH JN.,Friday,Weekday
36833,HWH - BWN (C,HOWRAH JN.,BARDDHAMAN JN.,Wednesday,Weekday
36834,BWN-HWH(CHOR,BARDDHAMAN JN.,HOWRAH JN.,Monday,Weekday
36835,HWH - BWN (C,HOWRAH JN.,BARDDHAMAN JN.,Wednesday,Weekday
36836,BWN-HWH(CHOR,BARDDHAMAN JN.,HOWRAH JN.,Sunday,Weekend
36837,HWH - BWN (C,HOWRAH JN.,BARDDHAMAN JN.,Tuesday,Weekday
36838,BWN-HWH(CHOR,BARDDHAMAN JN.,HOWRAH JN.,Saturday,Weekend
36839,HWH - BWN (C,HOWRAH JN.,BARDDHAMAN JN.,Tuesday,Weekday
36840,BWN-HWH(CHOR,BARDDHAMAN JN.,HOWRAH JN.,Wednesday,Weekday
36841,HWH - BWN (C,HOWRAH JN.,BARDDHAMAN JN.,Saturday,Weekend
36842,BWN-HWH(CHOR,BARDDHAMAN JN.,HOWRAH JN.,Sunday,Weekend
36843,HWH - BWN (C,HOWRAH JN.,BARDDHAMAN JN.,Tuesday,Weekday
36844,BWN-HWH(CHOR,BARDDHAMAN JN.,HOWRAH JN.,Saturday,Weekend
36845,HWH - BWN (C,HOWRAH JN.,BARDDHAMAN JN.,Monday,Weekday
36846,BWN-HWH(CHOR,BARDDHAMAN JN.,HOWRAH JN.,Saturday,Weekend
36847,HWH - BWN (C,HOWRAH JN.,BARDDHAMAN JN.,Saturday,Weekend
36848,BWN-HWH(CHOR,BARDDHAMAN JN.,HOWRAH JN.,Monday,Weekday
36849,HWH - BWN (C,HOWRAH JN.,BARDDHAMAN JN.,Wednesday,Weekday
36850,BWN-HWH(CHOR,BARDDHAMAN JN.,HOWRAH JN.,Monday,Weekday
36851,HWH - BWN (C,HOWRAH JN.,BARDDHAMAN JN.,Monday,Weekday
36852,BWN-HWH(CHOR,BARDDHAMAN JN.,HOWRAH JN.,Monday,Weekday
36853,HWH - BWN (C,HOWRAH JN.,BARDDHAMAN JN.,Thursday,Weekday
36854,BWN-HWH(CHOR,BARDDHAMAN JN.,HOWRAH JN.,Friday,Weekday
36855,HWH - BWN (C,HOWRAH JN.,BARDDHAMAN JN.,Sunday,Weekend
36856,BWN-HWH(CHOR,BARDDHAMAN JN.,HOWRAH JN.,Saturday,Weekend
36858,BWN-HWH(CHOR,BARDDHAMAN JN.,HOWRAH JN.,Saturday,Weekend
36860,BWN-HWH(CHOR,BARDDHAMAN JN.,HOWRAH JN.,Tuesday,Weekday
37011,HWH-SRP LOCA,HOWRAH JN.,SHRIRAMPUR,Wednesday,Weekday
37012,SRP-HWH LOCA,SHRIRAMPUR,HOWRAH JN.,Wednesday,Weekday
37013,HWH-SRP LOCA,HOWRAH JN.,SHRIRAMPUR,Saturday,Weekend
37014,SRP-HWH LOCA,SHRIRAMPUR,HOWRAH JN.,Monday,Weekday
37017,HWH-SHRIRAMP,HOWRAH JN.,SHRIRAMPUR,Tuesday,Weekday
37018,SRP-HWH LOCA,SHRIRAMPUR,HOWRAH JN.,Saturday,Weekend
37019,HWH-SHRIRAMP,HOWRAH JN.,SHRIRAMPUR,Sunday,Weekend
37020,SRP-HWH LOCA,SHRIRAMPUR,HOWRAH JN.,Sunday,Weekend
37021,HWH-SHRIRAMP,HOWRAH JN.,SHRIRAMPUR,Monday,Weekday
37022,SRP-HWH LOCA,SHRIRAMPUR,HOWRAH JN.,Sunday,Weekend
37041,HWH-SHE LOCA,HOWRAH JN.,SEORAPHULI JN.,Sunday,Weekend
37042,SHE-HWH LOCA,SEORAPHULI JN.,HOWRAH JN.,Wednesday,Weekday
37043,HWH-SHE LOCA,HOWRAH JN.,SEORAPHULI JN.,Wednesday,Weekday
37044,SHE-HWH LOCA,SEORAPHULI JN.,HOWRAH JN.,Saturday,Weekend
37045,SHE-HWH LOCA,HOWRAH JN.,SEORAPHULI JN.,Friday,Weekday
37046,SHE-HWH LOCA,SEORAPHULI JN.,HOWRAH JN.,Saturday,Weekend
37047,HWH-SHE LOCA,HOWRAH JN.,SEORAPHULI JN.,Friday,Weekday
37048,SHE-HWH LOCA,SEORAPHULI JN.,HOWRAH JN.,Monday,Weekday
37049,HWH-SHE LOCA,HOWRAH JN.,SEORAPHULI JN.,Thursday,Weekday
37050,SHE-HWH LOCA,SEORAPHULI JN.,HOWRAH JN.,Friday,Weekday
37053,HWH-SHE LOCA,HOWRAH JN.,SEORAPHULI JN.,Friday,Weekday
37054,SHE-HWH LOCA,SEORAPHULI JN.,HOWRAH JN.,Saturday,Weekend
37055,HWH-SHE LOCA,HOWRAH JN.,SEORAPHULI JN.,Wednesday,Weekday
37056,SHE-HWH LOCA,SEORAPHULI JN.,HOWRAH JN.,Monday,Weekday
37057,HWH- SHE LOC,HOWRAH JN.,SEORAPHULI JN.,Friday,Weekday
37058,SHE-HWH LOCA,SEORAPHULI JN.,HOWRAH JN.,Saturday,Weekend
37060,SHE-HWH LOCA,SEORAPHULI JN.,HOWRAH JN.,Friday,Weekday
37061,HWH-SHE LOCA,HOWRAH JN.,SEORAPHULI JN.,Wednesday,Weekday
37062,SHE-HWH LOCA,SEORAPHULI JN.,HOWRAH JN.,Tuesday,Weekday
37063,HWH-SHE LOCA,HOWRAH JN.,SEORAPHULI JN.,Monday,Weekday
37064,SHE-HWH LOCA,SEORAPHULI JN.,HOWRAH JN.,Thursday,Weekday
37065,HWH-SHE LOCA,HOWRAH JN.,SEORAPHULI JN.,Friday,Weekday
37066,SHE-HWH LOCA,SEORAPHULI JN.,HOWRAH JN.,Wednesday,Weekday
37067,HWH-SHE LOCA,HOWRAH JN.,SEORAPHULI JN.,Sunday,Weekend
37068,SHE-HWH LOCA,SEORAPHULI JN.,HOWRAH JN.,Sunday,Weekend
37111,HWH-BELURMAT,HOWRAH JN.,BELURMATH,Wednesday,Weekday
37112,BRMH - HWH L,BELURMATH,HOWRAH JN.,Monday,Weekday
37113,HWH-BRMH LOC,HOWRAH JN.,BELURMATH,Friday,Weekday
37114,BRMH - HWH L,BELURMATH,HOWRAH JN.,Wednesday,Weekday
37115,HWH-BRMH LOC,HOWRAH JN.,BELURMATH,Monday,Weekday
37116,BRMH - HWH L,BELURMATH,HOWRAH JN.,Sunday,Weekend
37117,HWH-BRMH LOC,HOWRAH JN.,BELURMATH,Wednesday,Weekday
37118,BRMH - HWH L,BELURMATH,HOWRAH JN.,Friday,Weekday
37119,HWH-BRMH LOC,HOWRAH JN.,BELURMATH,Monday,Weekday
37120,BRMH - HWH L,BELURMATH,HOWRAH JN.,Wednesday,Weekday
37121,HWH-BRMH LOC,HOWRAH JN.,BELURMATH,Friday,Weekday
37122,BRMH - HWH L,BELURMATH,HOWRAH JN.,Wednesday,Weekday
37201,MATRIBHUMI L,HOWRAH JN.,BANDEL JN.,Tuesday,Weekday
37202,BDC-HWH MATR,BANDEL JN.,HOWRAH JN.,Friday,Weekday
37211,HWH-BDC LOCA,HOWRAH JN.,BANDEL JN.,Wednesday,Weekday
37212,BDC-HWH LOCA,BANDEL JN.,HOWRAH JN.,Friday,Weekday
37213,HWH-BDC LOCA,HOWRAH JN.,BANDEL JN.,Sunday,Weekend
37214,BDC-HWH LOCA,BANDEL JN.,HOWRAH JN.,Monday,Weekday
37215,HWH-BDC LOCA,HOWRAH JN.,BANDEL JN.,Wednesday,Weekday
37216,BDC-HWH LOCA,BANDEL JN.,HOWRAH JN.,Thursday,Weekday
37217,HWH - BDC LO,HOWRAH JN.,BANDEL JN.,Sunday,Weekend
37218,BDC-HWH LOCA,BANDEL JN.,HOWRAH JN.,Monday,Weekday
37219,HWH-BDC LOCA,HOWRAH JN.,BANDEL JN.,Thursday,Weekday
37220,BDC-HWH LOCA,BANDEL JN.,HOWRAH JN.,Thursday,Weekday
37221,HWH-BDC LOCA,HOWRAH JN.,BANDEL JN.,Friday,Weekday
37222,BDC-HWH LOCA,BANDEL JN.,HOWRAH JN.,Thursday,Weekday
37223,HWH-BDC LOCA,HOWRAH JN.,BANDEL JN.,Wednesday,Weekday
37224,BDC-HWH LOCA,BANDEL JN.,HOWRAH JN.,Thursday,Weekday
37225,HWH-BDC LOCA,HOWRAH JN.,BANDEL JN.,Wednesday,Weekday
37226,BDC-HWH LOCA,BANDEL JN.,HOWRAH JN.,Friday,Weekday
37227,HWH-BDC LOCA,HOWRAH JN.,BANDEL JN.,Sunday,Weekend
37228,BDC-HWH LOCA,BANDEL JN.,HOWRAH JN.,Wednesday,Weekday
37229,HWH - BDC LO,HOWRAH JN.,BANDEL JN.,Wednesday,Weekday
37230,BDC-HWH LOCA,BANDEL JN.,HOWRAH JN.,Monday,Weekday
37231,HWH-BDC LOCA,HOWRAH JN.,BANDEL JN.,Wednesday,Weekday
37232,BDC-HWH LOCA,BANDEL JN.,HOWRAH JN.,Thursday,Weekday
37233,HWH-BDC LOCA,HOWRAH JN.,BANDEL JN.,Thursday,Weekday
37234,BDC-HWH LOCA,BANDEL JN.,HOWRAH JN.,Saturday,Weekend
37235,HWH-BDC LOCA,HOWRAH JN.,BANDEL JN.,Sunday,Weekend
37236,BDC-HWHLOCAL,BANDEL JN.,HOWRAH JN.,Thursday,Weekday
37237,HWH-BDC LOCA,HOWRAH JN.,BANDEL JN.,Saturday,Weekend
37238,BDC-HWH LOCA,BANDEL JN.,HOWRAH JN.,Saturday,Weekend
37239,HWH-BDC LOCA,HOWRAH JN.,BANDEL JN.,Sunday,Weekend
37240,BDC-HWH LOCA,BANDEL JN.,HOWRAH JN.,Monday,Weekday
37241,HWH - BDC LO,HOWRAH JN.,BANDEL JN.,Monday,Weekday
37242,BDC-HWH LOCA,BANDEL JN.,HOWRAH JN.,Saturday,Weekend
37243,HWH-BDC LOCA,HOWRAH JN.,BANDEL JN.,Friday,Weekday
37244,BDC-HWH LOCA,BANDEL JN.,HOWRAH JN.,Tuesday,Weekday
37245,HWH-BDC LOCA,HOWRAH JN.,BANDEL JN.,Tuesday,Weekday
37246,BDC-HWH LOCA,BANDEL JN.,HOWRAH JN.,Friday,Weekday
37247,HWH-BDC LOCA,HOWRAH JN.,BANDEL JN.,Tuesday,Weekday
37248,BDC-HWH LOCA,BANDEL JN.,HOWRAH JN.,Thursday,Weekday
37249,HWH-BDC LOCA,HOWRAH JN.,BANDEL JN.,Saturday,Weekend
37250,BDC-HWH LOCA,BANDEL JN.,HOWRAH JN.,Monday,Weekday
37251,HWH-BDC LOCA,HOWRAH JN.,BANDEL JN.,Wednesday,Weekday
37252,BDC-HWH LOCA,BANDEL JN.,HOWRAH JN.,Thursday,Weekday
37253,HWH-BDC LOCA,HOWRAH JN.,BANDEL JN.,Tuesday,Weekday
37254,BDC-HWH LOCA,BANDEL JN.,HOWRAH JN.,Saturday,Weekend
37255,HWH-BDC LOCA,HOWRAH JN.,BANDEL JN.,Wednesday,Weekday
37256,BDC-HWH LOCA,BANDEL JN.,HOWRAH JN.,Thursday,Weekday
37257,HWH-BDC LOCA,HOWRAH JN.,BANDEL JN.,Wednesday,Weekday
37258,BDC-HWH LOCA,BANDEL JN.,HOWRAH JN.,Tuesday,Weekday
37259,HWH-BDC LOCA,HOWRAH JN.,BANDEL JN.,Saturday,Weekend
37260,BDC-HWH LOCA,BANDEL JN.,HOWRAH JN.,Saturday,Weekend
37261,HWH-BDC LOCA,HOWRAH JN.,BANDEL JN.,Tuesday,Weekday
37262,BDC-HWH LOCA,BANDEL JN.,HOWRAH JN.,Wednesday,Weekday
37263,HWH-BDC LOCA,HOWRAH JN.,BANDEL JN.,Tuesday,Weekday
37264,BDC-HWH LOCA,BANDEL JN.,HOWRAH JN.,Thursday,Weekday
37265,HWH-BDC LOCA,HOWRAH JN.,BANDEL JN.,Wednesday,Weekday
37266,BDC-HWH LOCA,BANDEL JN.,HOWRAH JN.,Sunday,Weekend
37267,HWH-BDC LOCA,HOWRAH JN.,BANDEL JN.,Monday,Weekday
37268,BDC-HWH LOCA,BANDEL JN.,HOWRAH JN.,Thursday,Weekday
37269,HWH-BDC LOCA,HOWRAH JN.,BANDEL JN.,Monday,Weekday
37270,BDC-HWH LOCA,BANDEL JN.,HOWRAH JN.,Wednesday,Weekday
37271,HWH - BDC LO,HOWRAH JN.,BANDEL JN.,Sunday,Weekend
37272,BDC-HWH LOCA,BANDEL JN.,HOWRAH JN.,Thursday,Weekday
37273,HWH - BDC LO,HOWRAH JN.,BANDEL JN.,Sunday,Weekend
37274,BDC-HWH LOCA,BANDEL JN.,HOWRAH JN.,Saturday,Weekend
37275,HWH - BDC LO,HOWRAH JN.,BANDEL JN.,Thursday,Weekday
37276,BDC-HWH LOCA,BANDEL JN.,HOWRAH JN.,Wednesday,Weekday
37277,HWH-BDC LOCA,HOWRAH JN.,BANDEL JN.,Sunday,Weekend
37278,BDC-HWH LOCA,BANDEL JN.,HOWRAH JN.,Sunday,Weekend
37279,HWH - BDC LO,HOWRAH JN.,BANDEL JN.,Monday,Weekday
37280,BDC-HWH LOCA,BANDEL JN.,HOWRAH JN.,Friday,Weekday
37281,HWH - BDC LO,HOWRAH JN.,BANDEL JN.,Saturday,Weekend
37282,BDC-HWH LOCA,BANDEL JN.,HOWRAH JN.,Sunday,Weekend
37283,HWH - BDC LO,HOWRAH JN.,BANDEL JN.,Monday,Weekday
37284,BDC-HWH LOCA,BANDEL JN.,HOWRAH JN.,Saturday,Weekend
37285,HWH-BDC LOCA,HOWRAH JN.,BANDEL JN.,Friday,Weekday
37286,BDC-HWH LOCA,BANDEL JN.,HOWRAH JN.,Thursday,Weekday
37287,HWH-BDC LOCA,HOWRAH JN.,BANDEL JN.,Thursday,Weekday
37288,BDC-HWH LOCA,BANDEL JN.,HOWRAH JN.,Wednesday,Weekday
37289,HWH-BDC LOCA,HOWRAH JN.,BANDEL JN.,Friday,Weekday
37290,BDC LOCAL,BANDEL JN.,HOWRAH JN.,Saturday,Weekend
37291,HWH-BDC LOCA,HOWRAH JN.,BANDEL JN.,Wednesday,Weekday
37303,HWH-SIU LOCA,HOWRAH JN.,SINGUR,Tuesday,Weekday
37304,SIU - HWH LO,SINGUR,HOWRAH JN.,Tuesday,Weekday
37305,ANDOLAN LOCA,HOWRAH JN.,SINGUR,Tuesday,Weekday
37306,SIU-HWH LOCA,SINGUR,HOWRAH JN.,Friday,Weekday
37307,HWH - HPL LO,HOWRAH JN.,HARI PAL,Wednesday,Weekday
37308,HPL-HWH LOCA,HARI PAL,HOWRAH JN.,Wednesday,Weekday
37311,HWH-TAK LOCA,HOWRAH JN.,TARAKESHWAR,Friday,Weekday
37312,TAK-HWH LOCA,TARAKESHWAR,HOWRAH JN.,Thursday,Weekday
37313,HWH-TAK LOCA,HOWRAH JN.,TARAKESHWAR,Monday,Weekday
37314,TAK-HWH LOCA,TARAKESHWAR,HOWRAH JN.,Friday,Weekday
37315,HWH - TAK LO,HOWRAH JN.,TARAKESHWAR,Friday,Weekday
37316,TAK-HWH LOCA,TARAKESHWAR,HOWRAH JN.,Monday,Weekday
37317,HWH-TAK LOCA,HOWRAH JN.,TARAKESHWAR,Wednesday,Weekday
37318,TAK-HWH LOCA,TARAKESHWAR,HOWRAH JN.,Wednesday,Weekday
37319,HWH-TAK LOCA,HOWRAH JN.,TARAKESHWAR,Monday,Weekday
37320,TAK-HWH LOCA,TARAKESHWAR,HOWRAH JN.,Sunday,Weekend
37321,HWH-TAK LOCA,HOWRAH JN.,TARAKESHWAR,Sunday,Weekend
37322,TAK-HWH LOCA,TARAKESHWAR,HOWRAH JN.,Friday,Weekday
37323,HWH-TAK LOCA,HOWRAH JN.,TARAKESHWAR,Saturday,Weekend
37324,TAK-HWH LOCA,TARAKESHWAR,HOWRAH JN.,Sunday,Weekend
37325,HWH-TAK LOCA,HOWRAH JN.,TARAKESHWAR,Friday,Weekday
37326,TAK-HWH LOCA,TARAKESHWAR,HOWRAH JN.,Tuesday,Weekday
37327,HWH - TAK LO,HOWRAH JN.,TARAKESHWAR,Sunday,Weekend
37328,TAK-HWH LOCA,TARAKESHWAR,HOWRAH JN.,Wednesday,Weekday
37329,HWH-TAK LOCA,HOWRAH JN.,TARAKESHWAR,Tuesday,Weekday
37330,TAK-HWH LOCA,TARAKESHWAR,HOWRAH JN.,Saturday,Weekend
37331,HWH-TAK LOCA,HOWRAH JN.,TARAKESHWAR,Friday,Weekday
37332,TAK-HWH LOCA,TARAKESHWAR,HOWRAH JN.,Wednesday,Weekday
37333,HWH-TAK LOCA,HOWRAH JN.,TARAKESHWAR,Monday,Weekday
37334,TAK-HWH LOCA,TARAKESHWAR,HOWRAH JN.,Tuesday,Weekday
37335,HWH-TAK LOCA,HOWRAH JN.,TARAKESHWAR,Tuesday,Weekday
37336,TAK-HWH LOCA,TARAKESHWAR,HOWRAH JN.,Wednesday,Weekday
37337,HWH-TAK LOCA,HOWRAH JN.,TARAKESHWAR,Thursday,Weekday
37338,TAK-HWH LOCA,TARAKESHWAR,HOWRAH JN.,Saturday,Weekend
37339,HWH - TAK LO,HOWRAH JN.,TARAKESHWAR,Saturday,Weekend
37340,TAK-HWH LOCA,TARAKESHWAR,HOWRAH JN.,Tuesday,Weekday
37341,HWH-TAK LOCA,HOWRAH JN.,TARAKESHWAR,Saturday,Weekend
37342,TAK-HWH LOCA,TARAKESHWAR,HOWRAH JN.,Sunday,Weekend
37343,HWH-TAK LOCA,HOWRAH JN.,TARAKESHWAR,Saturday,Weekend
37344,TAK-HWH LOCA,TARAKESHWAR,HOWRAH JN.,Saturday,Weekend
37345,HWH-TAK LOCA,HOWRAH JN.,TARAKESHWAR,Sunday,Weekend
37346,TAK-HWH LOCA,TARAKESHWAR,HOWRAH JN.,Thursday,Weekday
37347,HWH-TAK LOCA,HOWRAH JN.,TARAKESHWAR,Wednesday,Weekday
37348,TAK-HWH LOCA,TARAKESHWAR,HOWRAH JN.,Saturday,Weekend
37349,HWH-TAK LOCA,HOWRAH JN.,TARAKESHWAR,Saturday,Weekend
37350,TAK-HWH LOCA,TARAKESHWAR,HOWRAH JN.,Sunday,Weekend
37351,HWH-TAK LOCA,HOWRAH JN.,TARAKESHWAR,Saturday,Weekend
37352,TAK-HWH LOCA,TARAKESHWAR,HOWRAH JN.,Tuesday,Weekday
37354,TAK-HWH LOCA,TARAKESHWAR,HOWRAH JN.,Tuesday,Weekday
37361,HWH-ARAMBAGH,HOWRAH JN.,ARAMBAG,Saturday,Weekend
37362,ARAMBAGH-HWH,ARAMBAG,HOWRAH JN.,Monday,Weekday
37363,HWH-ARAMBAGH,HOWRAH JN.,ARAMBAG,Sunday,Weekend
37364,ARAMBAGH-HWH,ARAMBAG,HOWRAH JN.,Monday,Weekday
37365,HWH-ARAMBAGH,HOWRAH JN.,ARAMBAG,Sunday,Weekend
37366,AMBG-HWH LOC,ARAMBAG,HOWRAH JN.,Monday,Weekday
37367,HWH-AMBG LOC,HOWRAH JN.,ARAMBAG,Tuesday,Weekday
37368,AMBG-HWH LOC,ARAMBAG,HOWRAH JN.,Saturday,Weekend
37371,HWH-GOGT LOC,HOWRAH JN.,ARAMBAG,Tuesday,Weekday
37372,GOGHAT-HWH L,ARAMBAG,HOWRAH JN.,Friday,Weekday
37373,GOGHAT-HW  L,HOWRAH JN.,ARAMBAG,Tuesday,Weekday
37374,GOGT-HWH LOC,ARAMBAG,HOWRAH JN.,Thursday,Weekday
37375,HWH-GOGT LOC,HOWRAH JN.,ARAMBAG,Friday,Weekday
37376,GOGT-HWH LOC,ARAMBAG,HOWRAH JN.,Tuesday,Weekday
37378,AMBG-HWH LOC,ARAMBAG,HOWRAH JN.,Monday,Weekday
37379,HWH-GOGT LOC,HOWRAH JN.,ARAMBAG,Monday,Weekday
37385,TAK-AMBG LOC,TARAKESHWAR,ARAMBAG,Saturday,Weekend
37386,AMBG-TAK LOC,ARAMBAG,TARAKESHWAR,Saturday,Weekend
37387,TAK AMBG LOC,TARAKESHWAR,ARAMBAG,Monday,Weekday
37388,AMBG TAK LOC,ARAMBAG,TARAKESHWAR,Tuesday,Weekday
37389,TAK-GOGT LOC,TARAKESHWAR,ARAMBAG,Saturday,Weekend
37390,GOGHAT-TAK L,ARAMBAG,TARAKESHWAR,Friday,Weekday
37391,TAK AMBG LOC,TARAKESHWAR,ARAMBAG,Tuesday,Weekday
37392,GOGHAT-TARAK,ARAMBAG,TARAKESHWAR,Sunday,Weekend
37394,AMBG TAK LOC,ARAMBAG,TARAKESHWAR,Friday,Weekday
37411,SHE-TAK LOCA,SEORAPHULI JN.,TARAKESHWAR,Saturday,Weekend
37412,TAK-SHE LOCA,TARAKESHWAR,SEORAPHULI JN.,Saturday,Weekend
37413,SHE-TAK LOCA,SEORAPHULI JN.,TARAKESHWAR,Sunday,Weekend
37414,TAK-SHE LOCA,TARAKESHWAR,SEORAPHULI JN.,Tuesday,Weekday
37511,BALLY-BDC LO,BALLY,BANDEL JN.,Monday,Weekday
37512,BDC BLY LOCA,BANDEL JN.,BALLY,Wednesday,Weekday
37521,NH-BDC LOCAL,NAIHATI JN.,BANDEL JN.,Friday,Weekday
37522,BDC-NH LOCAL,BANDEL JN.,NAIHATI JN.,Tuesday,Weekday
37523,NH-BDC LOCAL,NAIHATI JN.,BANDEL JN.,Tuesday,Weekday
37524,BDC-NH LOCAL,BANDEL JN.,NAIHATI JN.,Monday,Weekday
37525,NH - BDC LOC,NAIHATI JN.,BANDEL JN.,Monday,Weekday
37526,BDC-NH LOCAL,BANDEL JN.,NAIHATI JN.,Sunday,Weekend
37527,NH - BDC LOC,NAIHATI JN.,BANDEL JN.,Thursday,Weekday
37528,BDC-NH LOCAL,BANDEL JN.,NAIHATI JN.,Thursday,Weekday
37529,NH - BDC LOC,NAIHATI JN.,BANDEL JN.,Thursday,Weekday
37530,BDC-NH LOCAL,BANDEL JN.,NAIHATI JN.,Wednesday,Weekday
37531,NH - BDC LOC,NAIHATI JN.,BANDEL JN.,Thursday,Weekday
37532,BDC-NH LOCAL,BANDEL JN.,NAIHATI JN.,Thursday,Weekday
37533,NH - BDC LOC,NAIHATI JN.,BANDEL JN.,Tuesday,Weekday
37534,BDC-NH LOCAL,BANDEL JN.,NAIHATI JN.,Saturday,Weekend
37535,NH - BDC LOC,NAIHATI JN.,BANDEL JN.,Monday,Weekday
37536,BDC-NH LOCAL,BANDEL JN.,NAIHATI JN.,Thursday,Weekday
37537,NH - BDC LOC,NAIHATI JN.,BANDEL JN.,Friday,Weekday
37538,BDC-NH LOCAL,BANDEL JN.,NAIHATI JN.,Friday,Weekday
37539,NH - BDC LOC,NAIHATI JN.,BANDEL JN.,Friday,Weekday
37540,BDC-NH LOCAL,BANDEL JN.,NAIHATI JN.,Saturday,Weekend
37541,NH - BDC LOC,NAIHATI JN.,BANDEL JN.,Sunday,Weekend
37542,BDC-NH LOCAL,BANDEL JN.,NAIHATI JN.,Monday,Weekday
37543,NH - BDC LOC,NAIHATI JN.,BANDEL JN.,Tuesday,Weekday
37544,BDC-NH LOCAL,BANDEL JN.,NAIHATI JN.,Tuesday,Weekday
37545,NH - BDC LOC,NAIHATI JN.,BANDEL JN.,Saturday,Weekend
37546,BDC-NH LOCAL,BANDEL JN.,NAIHATI JN.,Friday,Weekday
37547,NH - BDC LOC,NAIHATI JN.,BANDEL JN.,Wednesday,Weekday
37548,BDC-NH LOCAL,BANDEL JN.,NAIHATI JN.,Saturday,Weekend
37549,NH - BDC LOC,NAIHATI JN.,BANDEL JN.,Saturday,Weekend
37550,BDC-NH LOCAL,BANDEL JN.,NAIHATI JN.,Friday,Weekday
37551,NH - BDC LOC,NAIHATI JN.,BANDEL JN.,Sunday,Weekend
37552,BDC-NH LOCAL,BANDEL JN.,NAIHATI JN.,Wednesday,Weekday
37553,NH - BDC LOC,NAIHATI JN.,BANDEL JN.,Monday,Weekday
37554,BDC-NH LOCAL,BANDEL JN.,NAIHATI JN.,Friday,Weekday
37555,NH - BDC LOC,NAIHATI JN.,BANDEL JN.,Saturday,Weekend
37556,BDC-NH LOCAL,BANDEL JN.,NAIHATI JN.,Wednesday,Weekday
37557,NH-BDC LOCAL,NAIHATI JN.,BANDEL JN.,Friday,Weekday
37558,BDC-NH LOCAL,BANDEL JN.,NAIHATI JN.,Monday,Weekday
37611,HWH-PDA LOCA,HOWRAH JN.,PUNDOOAH,Wednesday,Weekday
37612,PDA-HWH LOCA,PUNDOOAH,HOWRAH JN.,Wednesday,Weekday
37614,PDA-HWH LOCA,PUNDOOAH,HOWRAH JN.,Thursday,Weekday
37651,HWH-MYM LOCA,HOWRAH JN.,MEMARI,Friday,Weekday
37652,MYM-HWH LOCA,MEMARI,HOWRAH JN.,Thursday,Weekday
37653,HWH - MYM LO,HOWRAH JN.,MEMARI,Friday,Weekday
37654,MYM-HWH LOCA,MEMARI,HOWRAH JN.,Friday,Weekday
37655,HWH - MYM LO,HOWRAH JN.,MEMARI,Wednesday,Weekday
37656,MYM-HWH LOCA,MEMARI,HOWRAH JN.,Thursday,Weekday
37657,HWH-MYM LOCA,HOWRAH JN.,MEMARI,Tuesday,Weekday
37658,MYM-HWH LOCA,MEMARI,HOWRAH JN.,Sunday,Weekend
37711,BDC-PDA LOCA,BANDEL JN.,PUNDOOAH,Tuesday,Weekday
37731,BDC-MYM LOCA,BANDEL JN.,MEMARI,Thursday,Weekday
37732,MYM-BDC LOCA,MEMARI,BANDEL JN.,Monday,Weekday
37741,BDC-KWAE LOC,BANDEL JN.,KATWA JN.,Monday,Weekday
37742,KWAE-BDC LOC,KATWA JN.,BANDEL JN.,Tuesday,Weekday
37743,BDC-KWAE LOC,BANDEL JN.,KATWA JN.,Thursday,Weekday
37744,KWAE-BDC LOC,KATWA JN.,BANDEL JN.,Thursday,Weekday
37745,BDC - KWAE L,BANDEL JN.,KATWA JN.,Sunday,Weekend
37746,KWAE-BDC LOC,KATWA JN.,BANDEL JN.,Tuesday,Weekday
37747,BDC - KWAE L,BANDEL JN.,KATWA JN.,Saturday,Weekend
37748,KWAE-BDC LOC,KATWA JN.,BANDEL JN.,Saturday,Weekend
37750,KWAE-BDC LOC,KATWA JN.,BANDEL JN.,Sunday,Weekend
37751,BDC - KWAE L,BANDEL JN.,KATWA JN.,Wednesday,Weekday
37752,KWAE-BDC LOC,KATWA JN.,BANDEL JN.,Saturday,Weekend
37753,BDC - KWAE L,BANDEL JN.,KATWA JN.,Wednesday,Weekday
37754,KWAE-BDC LOC,KATWA JN.,BANDEL JN.,Sunday,Weekend
37756,KWAE BDC LOC,KATWA JN.,BANDEL JN.,Sunday,Weekend
37757,BDC-KWAE LOC,BANDEL JN.,KATWA JN.,Thursday,Weekday
37758,KWAE-BDC LOC,KATWA JN.,BANDEL JN.,Tuesday,Weekday
37781,BDC-BWN LOCA,BANDEL JN.,BARDDHAMAN JN.,Saturday,Weekend
37782,BWN-BDC LOCA,BARDDHAMAN JN.,BANDEL JN.,Monday,Weekday
37783,BDC-BWN LOCA,BANDEL JN.,BARDDHAMAN JN.,Saturday,Weekend
37784,BWN-BDC LOCA,BARDDHAMAN JN.,BANDEL JN.,Saturday,Weekend
37785,BDC-BWN  LOC,BANDEL JN.,BARDDHAMAN JN.,Wednesday,Weekday
37786,BWN-BDC LOCA,BARDDHAMAN JN.,BANDEL JN.,Friday,Weekday
37811,HWH- BWN M/L,HOWRAH JN.,BARDDHAMAN JN.,Thursday,Weekday
37812,BWN-HWH LOCA,BARDDHAMAN JN.,HOWRAH JN.,Monday,Weekday
37813,HWH-BWN LOCA,HOWRAH JN.,BARDDHAMAN JN.,Saturday,Weekend
37814,BWN-HWH LOCA,BARDDHAMAN JN.,HOWRAH JN.,Saturday,Weekend
37815,HWH- BWN M/L,HOWRAH JN.,BARDDHAMAN JN.,Monday,Weekday
37816,BWN-HWH LOCA,BARDDHAMAN JN.,HOWRAH JN.,Tuesday,Weekday
37817,HWH-BWN LOCA,HOWRAH JN.,BARDDHAMAN JN.,Wednesday,Weekday
37818,BWN-HWH LOCA,BARDDHAMAN JN.,HOWRAH JN.,Sunday,Weekend
37819,HWH-BWN LOCA,HOWRAH JN.,BARDDHAMAN JN.,Sunday,Weekend
37820,BWN-HWH LOCA,BARDDHAMAN JN.,HOWRAH JN.,Saturday,Weekend
37821,HWH - BWN LO,HOWRAH JN.,BARDDHAMAN JN.,Saturday,Weekend
37822,BWN-HWH LOCA,BARDDHAMAN JN.,HOWRAH JN.,Saturday,Weekend
37823,HWH - BWN LO,HOWRAH JN.,BARDDHAMAN JN.,Wednesday,Weekday
37824,BWN-HWH LOCA,BARDDHAMAN JN.,HOWRAH JN.,Thursday,Weekday
37825,HWH-BWN LOCA,HOWRAH JN.,BARDDHAMAN JN.,Wednesday,Weekday
37826,BWN-HWH LOCA,BARDDHAMAN JN.,HOWRAH JN.,Wednesday,Weekday
37827,HWH - BWN LO,HOWRAH JN.,BARDDHAMAN JN.,Saturday,Weekend
37828,BWN-HWH LOCA,BARDDHAMAN JN.,HOWRAH JN.,Friday,Weekday
37829,HWH - BWN LO,HOWRAH JN.,BARDDHAMAN JN.,Monday,Weekday
37830,BWN-HWH LOCA,BARDDHAMAN JN.,HOWRAH JN.,Saturday,Weekend
37831,HWH - BWN LO,HOWRAH JN.,BARDDHAMAN JN.,Wednesday,Weekday
37832,BWN-HWH LOCA,BARDDHAMAN JN.,HOWRAH JN.,Thursday,Weekday
37833,HWH - BWN LO,HOWRAH JN.,BARDDHAMAN JN.,Thursday,Weekday
37834,BWN - HWH LO,BARDDHAMAN JN.,HOWRAH JN.,Tuesday,Weekday
37835,HWH - BWN LO,HOWRAH JN.,BARDDHAMAN JN.,Saturday,Weekend
37836,BWN-HWH LOCA,BARDDHAMAN JN.,HOWRAH JN.,Saturday,Weekend
37837,HWH-BWN LOCA,HOWRAH JN.,BARDDHAMAN JN.,Wednesday,Weekday
37838,BWN - HWH LO,BARDDHAMAN JN.,HOWRAH JN.,Tuesday,Weekday
37839,HWH - BWN LO,HOWRAH JN.,BARDDHAMAN JN.,Tuesday,Weekday
37840,BWN - HWH LO,BARDDHAMAN JN.,HOWRAH JN.,Sunday,Weekend
37841,HWH-BWN LOCA,HOWRAH JN.,BARDDHAMAN JN.,Wednesday,Weekday
37842,BWN - HWH LO,BARDDHAMAN JN.,HOWRAH JN.,Wednesday,Weekday
37843,HWH - BWN LO,HOWRAH JN.,BARDDHAMAN JN.,Tuesday,Weekday
37844,BWN - HWH LO,BARDDHAMAN JN.,HOWRAH JN.,Saturday,Weekend
37845,HWH - BWN LO,HOWRAH JN.,BARDDHAMAN JN.,Monday,Weekday
37846,BWN - HWH LO,BARDDHAMAN JN.,HOWRAH JN.,Wednesday,Weekday
37847,HWH - BWN LO,HOWRAH JN.,BARDDHAMAN JN.,Monday,Weekday
37848,BWN-HWH LOCA,BARDDHAMAN JN.,HOWRAH JN.,Saturday,Weekend
37849,HWH - BWN LO,HOWRAH JN.,BARDDHAMAN JN.,Thursday,Weekday
37850,BWN - HWH LO,BARDDHAMAN JN.,HOWRAH JN.,Wednesday,Weekday
37851,HWH-BWN LOCA,HOWRAH JN.,BARDDHAMAN JN.,Wednesday,Weekday
37852,BWN-HWH MAIN,BARDDHAMAN JN.,HOWRAH JN.,Saturday,Weekend
37853,HWH-BWN LOCA,HOWRAH JN.,BARDDHAMAN JN.,Monday,Weekday
37854,BWN-HWH NON,BARDDHAMAN JN.,HOWRAH JN.,Wednesday,Weekday
37855,HWH-BWN MAIN,HOWRAH JN.,BARDDHAMAN JN.,Wednesday,Weekday
37857,HWH - BWN NO,HOWRAH JN.,BARDDHAMAN JN.,Wednesday,Weekday
37911,HWH-KWAE LOC,HOWRAH JN.,KATWA JN.,Wednesday,Weekday
37912,KWAE-HWH LOC,KATWA JN.,HOWRAH JN.,Monday,Weekday
37913,HWH - KWAE L,HOWRAH JN.,KATWA JN.,Friday,Weekday
37914,KWAE-HWH LOC,KATWA JN.,HOWRAH JN.,Thursday,Weekday
37915,HWH - KWAE L,HOWRAH JN.,KATWA JN.,Saturday,Weekend
37916,KWAE-HWH LOC,KATWA JN.,HOWRAH JN.,Wednesday,Weekday
37917,HWH - KATWA,HOWRAH JN.,KATWA JN.,Wednesday,Weekday
37918,KWAE-HWH LOC,KATWA JN.,HOWRAH JN.,Thursday,Weekday
37919,HWH - KATWA,HOWRAH JN.,KATWA JN.,Sunday,Weekend
37920,KWAE-HWH LOC,KATWA JN.,HOWRAH JN.,Tuesday,Weekday
37921,HWH - KATWA,HOWRAH JN.,KATWA JN.,Wednesday,Weekday
37922,KWAE-HWH LOC,KATWA JN.,HOWRAH JN.,Thursday,Weekday
37923,HWH - KATWA,HOWRAH JN.,KATWA JN.,Friday,Weekday
37924,KWAE-HWH LOC,KATWA JN.,HOWRAH JN.,Thursday,Weekday
37925,HWH - KATWA,HOWRAH JN.,KATWA JN.,Monday,Weekday
37926,KWAE-HWH LOC,KATWA JN.,HOWRAH JN.,Sunday,Weekend
37927,HWH - KATWA,HOWRAH JN.,KATWA JN.,Friday,Weekday
37928,KWAE-HWH LOC,KATWA JN.,HOWRAH JN.,Friday,Weekday
38031,SHM SRC LOCA,SHALIMAR,SANTRAGACHI JN.,Tuesday,Weekday
38032,SRC SHM LOCA,SANTRAGACHI JN.,SHALIMAR,Tuesday,Weekday
38033,SHM SRC LOCA,SHALIMAR,SANTRAGACHI JN.,Saturday,Weekend
38034,SRC SHM LOCA,SANTRAGACHI JN.,SHALIMAR,Wednesday,Weekday
38036,SRC SHM LOCA,SANTRAGACHI JN.,SHALIMAR,Tuesday,Weekday
38051,HWH HLZ LOCA,HOWRAH JN.,HALDIA,Tuesday,Weekday
38052,HLZ HWH LOCA,HALDIA,HOWRAH JN.,Monday,Weekday
38053,HWH HLZ LOCA,HOWRAH JN.,HALDIA,Saturday,Weekend
38054,HLZ PKU LOCA,HALDIA,PANSKURA,Friday,Weekday
38055,PKU HLZ LOCA,PANSKURA,HALDIA,Monday,Weekday
38056,HLZ HWH  LOC,HALDIA,HOWRAH JN.,Monday,Weekday
38057,HWH HLZ LOCA,HOWRAH JN.,HALDIA,Thursday,Weekday
38058,HLZ HWH LOCA,HALDIA,HOWRAH JN.,Monday,Weekday
38101,SRC-ULB,SANTRAGACHI JN.,ULUBARIA,Saturday,Weekend
38102,ULB - SRC EM,ULUBARIA,SANTRAGACHI JN.,Friday,Weekday
38103,HWH ULB LOCA,HOWRAH JN.,ULUBARIA,Thursday,Weekday
38104,ULB HWH LOCA,ULUBARIA,HOWRAH JN.,Wednesday,Weekday
38105,HWH ULB LOCA,HOWRAH JN.,ULUBARIA,Monday,Weekday
38106,ULB HWH LOCA,ULUBARIA,HOWRAH JN.,Friday,Weekday
38107,SRC-ULB EMU,SANTRAGACHI JN.,ULUBARIA,Tuesday,Weekday
38108,ULB-HWH SUB,ULUBARIA,HOWRAH JN.,Wednesday,Weekday
38202,BZN - HWH SU,BAGNAN,HOWRAH JN.,Tuesday,Weekday
38204,BZN HWH LOCA,BAGNAN,HOWRAH JN.,Sunday,Weekend
38206,BZN-SRC EMU,BAGNAN,SANTRAGACHI JN.,Friday,Weekday
38301,SRC - MCA LO,SANTRAGACHI JN.,MECHEDA,Wednesday,Weekday
38302,MCA-HWH LOCA,MECHEDA,HOWRAH JN.,Monday,Weekday
38303,HWH MCA LOCA,HOWRAH JN.,MECHEDA,Thursday,Weekday
38304,MCA HWH LOCA,MECHEDA,HOWRAH JN.,Sunday,Weekend
38305,SHM MCA LOCA,SHALIMAR,MECHEDA,Tuesday,Weekday
38306,MCA - HWH LO,MECHEDA,HOWRAH JN.,Saturday,Weekend
38307,HWH MCA LOCA,HOWRAH JN.,MECHEDA,Sunday,Weekend
38308,MCA-HWH LOCA,MECHEDA,HOWRAH JN.,Saturday,Weekend
38310,MCA SHM LOCA,MECHEDA,SHALIMAR,Saturday,Weekend
38312,MCA HWH LOCA,MECHEDA,HOWRAH JN.,Wednesday,Weekday
38314,MCA HWH LOCA,MECHEDA,HOWRAH JN.,Friday,Weekday
38316,MCA-SRC LOCA,MECHEDA,SANTRAGACHI JN.,Wednesday,Weekday
38318,MCA HWH LOCA,MECHEDA,HOWRAH JN.,Wednesday,Weekday
38321,HWH-MCA LOCA,HOWRAH JN.,MECHEDA,Saturday,Weekend
38401,HWH PKU LOCA,HOWRAH JN.,PANSKURA,Friday,Weekday
38402,PKU HWH LOCA,PANSKURA,HOWRAH JN.,Tuesday,Weekday
38403,HWH PKU LOCA,HOWRAH JN.,PANSKURA,Sunday,Weekend
38404,PKU HWH LOCA,PANSKURA,HOWRAH JN.,Sunday,Weekend
38405,HWH PKU LOCA,HOWRAH JN.,PANSKURA,Thursday,Weekday
38406,PKU HWH LOCA,PANSKURA,HOWRAH JN.,Thursday,Weekday
38407,SRC PKU LOCA,SANTRAGACHI JN.,PANSKURA,Thursday,Weekday
38408,PKU HWH LOCA,PANSKURA,HOWRAH JN.,Friday,Weekday
38409,HWH PKU LOCA,HOWRAH JN.,PANSKURA,Thursday,Weekday
38410,PKU HWH LOCA,PANSKURA,HOWRAH JN.,Thursday,Weekday
38411,HWH-PKU LOCA,HOWRAH JN.,PANSKURA,Sunday,Weekend
38412,PKU HWH LOCA,PANSKURA,HOWRAH JN.,Sunday,Weekend
38413,HWH PKU LOCA,HOWRAH JN.,PANSKURA,Tuesday,Weekday
38414,PKU HWH LOCA,PANSKURA,HOWRAH JN.,Monday,Weekday
38416,PKU HWH LOCA,PANSKURA,HOWRAH JN.,Wednesday,Weekday
38419,HWH-PKU LOCA,HOWRAH JN.,PANSKURA,Wednesday,Weekday
38421,HWH PKU LOCA,HOWRAH JN.,PANSKURA,Friday,Weekday
38423,HWH PKU LOCA,HOWRAH JN.,PANSKURA,Wednesday,Weekday
38425,HWH PKU LOCA,HOWRAH JN.,PANSKURA,Wednesday,Weekday
38427,HWH PKU LOCA,HOWRAH JN.,PANSKURA,Thursday,Weekday
38431,HWH PKU LOCA,HOWRAH JN.,PANSKURA,Monday,Weekday
38433,HWH PKU LOCA,HOWRAH JN.,PANSKURA,Tuesday,Weekday
38437,HWH PKU LOCA,HOWRAH JN.,PANSKURA,Tuesday,Weekday
38447,HWH PKU LOCA,HOWRAH JN.,PANSKURA,Monday,Weekday
38449,HWH PKU LOCA,HOWRAH JN.,PANSKURA,Friday,Weekday
38451,HWH PKU LOCA,HOWRAH JN.,PANSKURA,Sunday,Weekend
38452,PKU HWH LOCA,PANSKURA,HOWRAH JN.,Tuesday,Weekday
38453,HWH PKU LOCA,HOWRAH JN.,PANSKURA,Thursday,Weekday
38454,PKU HWH LOCA,PANSKURA,HOWRAH JN.,Wednesday,Weekday
38455,HWH-PKU LOCA,HOWRAH JN.,PANSKURA,Tuesday,Weekday
38456,PKU-HWH LOCA,PANSKURA,HOWRAH JN.,Monday,Weekday
38501,HWH BCK LOCA,HOWRAH JN.,BALICHAK,Monday,Weekday
38502,BCK HWH LOCA,BALICHAK,HOWRAH JN.,Monday,Weekday
38601,HWH - KIG SU,HOWRAH JN.,KOLAGHAT,Wednesday,Weekday
38602,KIG - HWH SU,KOLAGHAT,HOWRAH JN.,Wednesday,Weekday
38701,HWH KGP LOCA,HOWRAH JN.,KHARAGPUR,Friday,Weekday
38702,KGP HWH LOCA,KHARAGPUR,HOWRAH JN.,Wednesday,Weekday
38703,HWH-KGP EMU,HOWRAH JN.,KHARAGPUR,Thursday,Weekday
38704,KGP HWH LOCA,KHARAGPUR,HOWRAH JN.,Tuesday,Weekday
38705,HWH-KGP LOCA,HOWRAH JN.,KHARAGPUR,Saturday,Weekend
38706,KGP HWH LOCA,KHARAGPUR,HOWRAH JN.,Monday,Weekday
38707,HWH KGP LOCA,HOWRAH JN.,KHARAGPUR,Sunday,Weekend
38708,KGP-HWH EMU,KHARAGPUR,HOWRAH JN.,Friday,Weekday
38709,SRC-KGP LOCA,SANTRAGACHI JN.,KHARAGPUR,Monday,Weekday
38710,KGP HWH LADI,KHARAGPUR,HOWRAH JN.,Friday,Weekday
38711,HWH-KGP LOCA,HOWRAH JN.,KHARAGPUR,Wednesday,Weekday
38713,HWH KGP LOCA,HOWRAH JN.,KHARAGPUR,Sunday,Weekend
38719,HWH-KGP LOCA,HOWRAH JN.,KHARAGPUR,Thursday,Weekday
38726,KGP HWH  LOC,KHARAGPUR,HOWRAH JN.,Thursday,Weekday
38728,KGP HWH LOCA,KHARAGPUR,HOWRAH JN.,Sunday,Weekend
38730,KGP HWH LOCA,KHARAGPUR,HOWRAH JN.,Tuesday,Weekday
38801,HWH-MDN LOCA,HOWRAH JN.,MIDNAPORE,Saturday,Weekend
38802,MDN HWH LOCA,MIDNAPORE,HOWRAH JN.,Friday,Weekday
38803,HWH MDN LOCA,HOWRAH JN.,MIDNAPORE,Wednesday,Weekday
38804,MDN-HWH LOCA,MIDNAPORE,HOWRAH JN.,Sunday,Weekend
38805,HWH MDN OCAL,HOWRAH JN.,MIDNAPORE,Saturday,Weekend
38806,MDN HWH LOCA,MIDNAPORE,HOWRAH JN.,Tuesday,Weekday
38807,HWH MDN LOCA,HOWRAH JN.,MIDNAPORE,Friday,Weekday
38808,MDN HWH LOCA,MIDNAPORE,HOWRAH JN.,Wednesday,Weekday
38809,HWH MDN LOCA,HOWRAH JN.,MIDNAPORE,Thursday,Weekday
38810,MDN HWH LOCA,MIDNAPORE,HOWRAH JN.,Monday,Weekday
38811,HWH-MDN LOCA,HOWRAH JN.,MIDNAPORE,Friday,Weekday
38812,MDN HWH LOCA,MIDNAPORE,HOWRAH JN.,Friday,Weekday
38813,HWH MDN LOCA,HOWRAH JN.,MIDNAPORE,Thursday,Weekday
38814,MDN HWH LOCA,MIDNAPORE,HOWRAH JN.,Wednesday,Weekday
38815,HWH - MDN LO,HOWRAH JN.,MIDNAPORE,Friday,Weekday
38816,MDN HWH LOCA,MIDNAPORE,HOWRAH JN.,Sunday,Weekend
38817,HWH-MDN LOCA,HOWRAH JN.,MIDNAPORE,Saturday,Weekend
38818,MDN-HWH LOCA,MIDNAPORE,HOWRAH JN.,Wednesday,Weekday
38819,HWH MDN LOCA,HOWRAH JN.,MIDNAPORE,Saturday,Weekend
38820,MDN - HWH LO,MIDNAPORE,HOWRAH JN.,Saturday,Weekend
38821,HWH MDN,HOWRAH JN.,MIDNAPORE,Saturday,Weekend
38822,MDN HWH LOCA,MIDNAPORE,HOWRAH JN.,Friday,Weekday
38823,HWH-MDN LOCA,HOWRAH JN.,MIDNAPORE,Saturday,Weekend
38824,MDN-HWH LOCA,MIDNAPORE,HOWRAH JN.,Wednesday,Weekday
38825,HWH-MDN LOCA,HOWRAH JN.,MIDNAPORE,Saturday,Weekend
38826,MDN HWH LOCA,MIDNAPORE,HOWRAH JN.,Tuesday,Weekday
38827,HWH MDN LOCA,HOWRAH JN.,MIDNAPORE,Tuesday,Weekday
38828,MDN HWH LOCA,MIDNAPORE,HOWRAH JN.,Friday,Weekday
38829,HWH-MDN LOCA,HOWRAH JN.,MIDNAPORE,Saturday,Weekend
38830,MDN-HWH LOCA,MIDNAPORE,HOWRAH JN.,Sunday,Weekend
38831,HWH MDN LOCA,HOWRAH JN.,MIDNAPORE,Monday,Weekday
38832,MDN KGP LOCA,MIDNAPORE,KHARAGPUR,Thursday,Weekday
38902,AMZ SRC LOCA,AMTA,SANTRAGACHI JN.,Wednesday,Weekday
38905,HWH - AMTA L,HOWRAH JN.,AMTA,Monday,Weekday
38908,AMZ HWH LOCA,AMTA,HOWRAH JN.,Sunday,Weekend
38909,HWH AMZ LOCA,HOWRAH JN.,AMTA,Thursday,Weekday
38923,HWH-AMZ LOCA,HOWRAH JN.,AMTA,Friday,Weekday
38924,AMZ-HWH LOCA,AMTA,HOWRAH JN.,Saturday,Weekend
40001,MSB-TBM EMU,CHENNAI BEACH,TAMBARAM,Friday,Weekday
40002,TBM-MSB EMU,TAMBARAM,CHENNAI BEACH,Wednesday,Weekday
40003,MSB-TBM EMU,CHENNAI BEACH,TAMBARAM,Sunday,Weekend
40004,TBM-MSB EMU,TAMBARAM,CHENNAI BEACH,Sunday,Weekend
40005,MSB-TBM EMU,CHENNAI BEACH,TAMBARAM,Sunday,Weekend
40006,TBM-MSB EMU,TAMBARAM,CHENNAI BEACH,Sunday,Weekend
40007,MSB-TBM EMU,CHENNAI BEACH,TAMBARAM,Tuesday,Weekday
40008,TBM-MSB EMU,TAMBARAM,CHENNAI BEACH,Monday,Weekday
40009,MSB-TBM EMU,CHENNAI BEACH,TAMBARAM,Wednesday,Weekday
40010,TBM-MSB EMU,TAMBARAM,CHENNAI BEACH,Monday,Weekday
40011,MSB-TBM EMU,CHENNAI BEACH,TAMBARAM,Friday,Weekday
40012,TBM-MSB EMU,TAMBARAM,CHENNAI BEACH,Monday,Weekday
40013,MSB-TBM EMU,CHENNAI BEACH,TAMBARAM,Monday,Weekday
40014,TBM-MSB EMU,TAMBARAM,CHENNAI BEACH,Friday,Weekday
40015,MSB-TBM EMU,CHENNAI BEACH,TAMBARAM,Thursday,Weekday
40016,TBM-MSB EMU,TAMBARAM,CHENNAI BEACH,Sunday,Weekend
40017,MSB-TBM EMU,CHENNAI BEACH,TAMBARAM,Tuesday,Weekday
40018,TBM-MSB EMU,TAMBARAM,CHENNAI BEACH,Saturday,Weekend
40019,MSB-TBM EMU,CHENNAI BEACH,PALLAVARAM,Sunday,Weekend
40020,TBM-MSB EMU,TAMBARAM,CHENNAI BEACH,Monday,Weekday
40021,MSB-PV EMU L,CHENNAI BEACH,ST. THOMAS MOUNT,Tuesday,Weekday
40022,TBM-MSB EMU,TAMBARAM,CHENNAI BEACH,Tuesday,Weekday
40023,MSB-PV EMU L,CHENNAI BEACH,TAMBARAM,Thursday,Weekday
40025,MSB-STM EMU,CHENNAI BEACH,TAMBARAM,Friday,Weekday
40026,TBM-MSB EMU,TAMBARAM,CHENNAI BEACH,Tuesday,Weekday
40027,MSB-TBM EMU,CHENNAI BEACH,TAMBARAM,Saturday,Weekend
40028,TBM-MSB EMU,TAMBARAM,CHENNAI BEACH,Thursday,Weekday
40029,MSB-TBM EMU,CHENNAI BEACH,TAMBARAM,Tuesday,Weekday
40030,TBM-MSB EMU,TAMBARAM,CHENNAI BEACH,Tuesday,Weekday
40031,MSB-TBM EMU,CHENNAI BEACH,TAMBARAM,Friday,Weekday
40032,TBM-MSB EMU,TAMBARAM,CHENNAI BEACH,Saturday,Weekend
40033,MSB-TBM EMU,CHENNAI BEACH,TAMBARAM,Wednesday,Weekday
40034,TBM-MSB EMU,TAMBARAM,CHENNAI BEACH,Thursday,Weekday
40035,MSB-TBM EMU,CHENNAI BEACH,TAMBARAM,Saturday,Weekend
40036,TBM-MSB EMU,TAMBARAM,CHENNAI BEACH,Tuesday,Weekday
40037,MSB-TBM EMU,CHENNAI BEACH,TAMBARAM,Tuesday,Weekday
40038,TBM-MSB EMU,TAMBARAM,CHENNAI BEACH,Thursday,Weekday
40039,MSB-TBM EMU,CHENNAI BEACH,TAMBARAM,Thursday,Weekday
40040,TBM-MSB EMU,TAMBARAM,CHENNAI BEACH,Wednesday,Weekday
40041,MSB-TBM EMU,CHENNAI BEACH,TAMBARAM,Wednesday,Weekday
40042,STM-MSB EMU,ST. THOMAS MOUNT,CHENNAI BEACH,Monday,Weekday
40043,MSB-TBM EMU,CHENNAI BEACH,TAMBARAM,Sunday,Weekend
40044,PV-MSB EMU L,PALLAVARAM,CHENNAI BEACH,Thursday,Weekday
40045,MSB-TBM EMU,CHENNAI BEACH,TAMBARAM,Wednesday,Weekday
40046,TBM-MSB EMU,TAMBARAM,CHENNAI BEACH,Saturday,Weekend
40047,MSB-TBM EMU,CHENNAI BEACH,TAMBARAM,Wednesday,Weekday
40048,TBM-MSB EMU,TAMBARAM,CHENNAI BEACH,Thursday,Weekday
40049,MSB-TBM EMU,CHENNAI BEACH,TAMBARAM,Saturday,Weekend
40050,TBM-MSB EMU,TAMBARAM,CHENNAI BEACH,Sunday,Weekend
40051,MSB-TBM EMU,CHENNAI BEACH,TAMBARAM,Thursday,Weekday
40052,TBM-MSB EMU,TAMBARAM,CHENNAI BEACH,Monday,Weekday
40053,MSB-TBM EMU,CHENNAI BEACH,TAMBARAM,Wednesday,Weekday
40054,TBM-MSB EMU,TAMBARAM,CHENNAI BEACH,Saturday,Weekend
40055,MSB-TBM EMU,CHENNAI BEACH,TAMBARAM,Thursday,Weekday
40056,TBM-MSB EMU,TAMBARAM,CHENNAI BEACH,Saturday,Weekend
40057,MSB-TBM EMU,CHENNAI BEACH,TAMBARAM,Thursday,Weekday
40058,TBM-MSB EMU,TAMBARAM,CHENNAI BEACH,Friday,Weekday
40059,MSB-TBM EMU,CHENNAI BEACH,TAMBARAM,Thursday,Weekday
40060,TBM-MSB EMU,TAMBARAM,CHENNAI BEACH,Friday,Weekday
40061,MSB-TBM EMU,CHENNAI BEACH,TAMBARAM,Friday,Weekday
40062,TBM-MSB EMU,TAMBARAM,CHENNAI BEACH,Thursday,Weekday
40063,MSB-TBM EMU,CHENNAI BEACH,TAMBARAM,Wednesday,Weekday
40064,TBM-MSB EMU,TAMBARAM,CHENNAI BEACH,Monday,Weekday
40065,MSB-TBM EMU,CHENNAI BEACH,TAMBARAM,Saturday,Weekend
40066,TBM-MSB EMU,TAMBARAM,CHENNAI BEACH,Wednesday,Weekday
40067,MSB-TBM EMU,CHENNAI BEACH,TAMBARAM,Sunday,Weekend
40068,TBM-MSB EMU,TAMBARAM,CHENNAI BEACH,Saturday,Weekend
40069,MSB-TBM EMU,CHENNAI BEACH,TAMBARAM,Friday,Weekday
40070,TBM-MSB EMU,TAMBARAM,CHENNAI BEACH,Saturday,Weekend
40071,MSB-TBM EMU,CHENNAI BEACH,TAMBARAM,Tuesday,Weekday
40072,TBM-MSB EMU,TAMBARAM,CHENNAI BEACH,Wednesday,Weekday
40073,MSB-TBM EMU,CHENNAI BEACH,TAMBARAM,Sunday,Weekend
40074,TBM-MSB EMU,TAMBARAM,CHENNAI BEACH,Sunday,Weekend
40075,MSB-TBM EMU,CHENNAI BEACH,TAMBARAM,Saturday,Weekend
40076,TBM-MSB EMU,TAMBARAM,CHENNAI BEACH,Tuesday,Weekday
40077,MSB-TBM EMU,CHENNAI BEACH,TAMBARAM,Monday,Weekday
40078,TBM-MSB EMU,TAMBARAM,CHENNAI BEACH,Wednesday,Weekday
40079,MSB-TBM EMU,CHENNAI BEACH,TAMBARAM,Monday,Weekday
40080,TBM-MSB EMU,TAMBARAM,CHENNAI BEACH,Monday,Weekday
40081,MSB-TBM EMU,CHENNAI BEACH,TAMBARAM,Friday,Weekday
40082,TBM-MSB EMU,TAMBARAM,CHENNAI BEACH,Saturday,Weekend
40083,MSB-TBM EMU,CHENNAI BEACH,TAMBARAM,Thursday,Weekday
40084,TBM-MSB EMU,TAMBARAM,CHENNAI BEACH,Thursday,Weekday
40085,MSB-TBM EMU,CHENNAI BEACH,TAMBARAM,Thursday,Weekday
40086,TBM-MSB EMU,TAMBARAM,CHENNAI BEACH,Sunday,Weekend
40087,MSB-TBM EMU,CHENNAI BEACH,TAMBARAM,Thursday,Weekday
40088,TBM-MSB EMU,TAMBARAM,CHENNAI BEACH,Friday,Weekday
40089,MSB-TBM EMU,CHENNAI BEACH,TAMBARAM,Sunday,Weekend
40090,TBM-MSB EMU,TAMBARAM,CHENNAI BEACH,Thursday,Weekday
40091,MSB-TBM EMU,CHENNAI BEACH,TAMBARAM,Sunday,Weekend
40092,TBM-MSB EMU,TAMBARAM,CHENNAI BEACH,Friday,Weekday
40093,MSB-TBM EMU,CHENNAI BEACH,TAMBARAM,Monday,Weekday
40094,TBM-MSB EMU,TAMBARAM,CHENNAI BEACH,Friday,Weekday
40095,MSB-TBM EMU,CHENNAI BEACH,TAMBARAM,Thursday,Weekday
40096,TBM-MSB EMU,TAMBARAM,CHENNAI BEACH,Saturday,Weekend
40097,MSB-TBM EMU,CHENNAI BEACH,TAMBARAM,Sunday,Weekend
40098,TBM-MSB EMU,TAMBARAM,CHENNAI BEACH,Thursday,Weekday
40099,MSB-TBM EMU,CHENNAI BEACH,TAMBARAM,Tuesday,Weekday
40100,TBM-MSB EMU,TAMBARAM,CHENNAI BEACH,Tuesday,Weekday
40101,MSB-TBM EMU,CHENNAI BEACH,TAMBARAM,Wednesday,Weekday
40102,TBM-MSB EMU,TAMBARAM,CHENNAI BEACH,Thursday,Weekday
40103,MSB-TBM EMU,CHENNAI BEACH,TAMBARAM,Saturday,Weekend
40104,TBM-MSB EMU,TAMBARAM,CHENNAI BEACH,Thursday,Weekday
40105,MSB-TBM EMU,CHENNAI BEACH,TAMBARAM,Friday,Weekday
40106,TBM-MSB EMU,TAMBARAM,CHENNAI BEACH,Saturday,Weekend
40107,MSB-TBM EMU,CHENNAI BEACH,TAMBARAM,Saturday,Weekend
40108,TBM-MSB EMU,TAMBARAM,CHENNAI BEACH,Saturday,Weekend
40109,MSB-TBM EMU,CHENNAI BEACH,TAMBARAM,Tuesday,Weekday
40110,TBM-MSB EMU,TAMBARAM,CHENNAI BEACH,Saturday,Weekend
40111,MSB-TBM EMU,CHENNAI BEACH,TAMBARAM,Monday,Weekday
40112,TBM-MSB EMU,TAMBARAM,CHENNAI BEACH,Sunday,Weekend
40113,MSB-TBM EMU,CHENNAI BEACH,TAMBARAM,Wednesday,Weekday
40114,TBM-MSB EMU,TAMBARAM,CHENNAI BEACH,Monday,Weekday
40115,MSB-TBM EMU,CHENNAI BEACH,TAMBARAM,Saturday,Weekend
40116,TBM-MSB EMU,TAMBARAM,CHENNAI BEACH,Wednesday,Weekday
40117,MSB-TBM EMU,CHENNAI BEACH,TAMBARAM,Friday,Weekday
40118,TBM-MSB EMU,TAMBARAM,CHENNAI BEACH,Tuesday,Weekday
40119,MSB-TBM EMU,CHENNAI BEACH,TAMBARAM,Sunday,Weekend
40120,TBM-MSB EMU,TAMBARAM,CHENNAI BEACH,Thursday,Weekday
40121,MSB-TBM EMU,CHENNAI BEACH,TAMBARAM,Monday,Weekday
40122,TBM-MSB EMU,TAMBARAM,CHENNAI BEACH,Tuesday,Weekday
40123,MSB-TBM EMU,CHENNAI BEACH,TAMBARAM,Saturday,Weekend
40124,TBM-MSB EMU,TAMBARAM,CHENNAI BEACH,Saturday,Weekend
40125,MSB-TBM EMU,CHENNAI BEACH,TAMBARAM,Friday,Weekday
40126,TBM-MSB EMU,TAMBARAM,CHENNAI BEACH,Friday,Weekday
40127,MSB-TBM EMU,CHENNAI BEACH,TAMBARAM,Wednesday,Weekday
40128,TBM-MSB EMU,TAMBARAM,CHENNAI BEACH,Saturday,Weekend
40129,MSB-TBM EMU,CHENNAI BEACH,TAMBARAM,Monday,Weekday
40130,TBM-MSB EMU,TAMBARAM,CHENNAI BEACH,Saturday,Weekend
40131,MSB-TBM EMU,CHENNAI BEACH,TAMBARAM,Tuesday,Weekday
40132,TBM-MSB EMU,TAMBARAM,CHENNAI BEACH,Thursday,Weekday
40133,MSB-TBM EMU,CHENNAI BEACH,TAMBARAM,Thursday,Weekday
40134,TBM-MSB EMU,TAMBARAM,CHENNAI BEACH,Sunday,Weekend
40135,MSB-TBM EMU,CHENNAI BEACH,TAMBARAM,Saturday,Weekend
40136,TBM-MSB EMU,TAMBARAM,CHENNAI BEACH,Saturday,Weekend
40137,MSB-TBM EMU,CHENNAI BEACH,TAMBARAM,Thursday,Weekday
40138,TBM-MSB EMU,TAMBARAM,CHENNAI BEACH,Sunday,Weekend
40139,MSB-TBM EMU,CHENNAI BEACH,TAMBARAM,Saturday,Weekend
40140,TBM-MSB EMU,TAMBARAM,CHENNAI BEACH,Friday,Weekday
40141,MSB-TBM EMU,CHENNAI BEACH,TAMBARAM,Saturday,Weekend
40142,TBM-MSB EMU,TAMBARAM,CHENNAI BEACH,Sunday,Weekend
40143,MSB-TBM EMU,CHENNAI BEACH,TAMBARAM,Thursday,Weekday
40144,TBM-MSB EMU,TAMBARAM,CHENNAI BEACH,Saturday,Weekend
40145,MSB-TBM EMU,CHENNAI BEACH,TAMBARAM,Sunday,Weekend
40146,TBM-MSB EMU,TAMBARAM,CHENNAI BEACH,Wednesday,Weekday
40147,MSB-TBM EMU,CHENNAI BEACH,TAMBARAM,Tuesday,Weekday
40148,TBM-MSB EMU,TAMBARAM,CHENNAI BEACH,Saturday,Weekend
40150,TBM-MSB EMU,TAMBARAM,CHENNAI BEACH,Friday,Weekday
40151,MSB-TBM EMU,CHENNAI BEACH,TAMBARAM,Saturday,Weekend
40152,TBM-MSB EMU,TAMBARAM,CHENNAI BEACH,Monday,Weekday
40153,MSB-TBM EMU,CHENNAI BEACH,TAMBARAM,Wednesday,Weekday
40154,TBM-MSB EMU,TAMBARAM,CHENNAI BEACH,Thursday,Weekday
40155,MSB-TBM EMU,CHENNAI BEACH,TAMBARAM,Saturday,Weekend
40156,TBM-MSB EMU,TAMBARAM,CHENNAI BEACH,Tuesday,Weekday
40157,MSB-TBM EMU,CHENNAI BEACH,TAMBARAM,Sunday,Weekend
40158,TBM-MSB EMU,TAMBARAM,CHENNAI BEACH,Sunday,Weekend
40301,MSB-TBM EMU,CHENNAI BEACH,TAMBARAM,Sunday,Weekend
40302,TBM-MSB EMU,TAMBARAM,CHENNAI BEACH,Wednesday,Weekday
40303,MSB-TBM EMU,CHENNAI BEACH,TAMBARAM,Monday,Weekday
40304,TBM-MSB EMU,TAMBARAM,CHENNAI BEACH,Monday,Weekday
40305,MSB-TBM EMU,CHENNAI BEACH,TAMBARAM,Monday,Weekday
40306,TBM-MSB EMU,TAMBARAM,CHENNAI BEACH,Sunday,Weekend
40307,MSB-TBM EMU,CHENNAI BEACH,TAMBARAM,Thursday,Weekday
40308,TBM-MSB EMU,TAMBARAM,CHENNAI BEACH,Thursday,Weekday
40309,MSB-TBM EMU,CHENNAI BEACH,TAMBARAM,Tuesday,Weekday
40310,TBM-MSB EMU,TAMBARAM,CHENNAI BEACH,Friday,Weekday
40311,MSB-TBM EMU,CHENNAI BEACH,TAMBARAM,Tuesday,Weekday
40312,TBM-MSB EMU,TAMBARAM,CHENNAI BEACH,Wednesday,Weekday
40313,MSB-TBM EMU,CHENNAI BEACH,TAMBARAM,Saturday,Weekend
40314,TBM-MSB EMU,TAMBARAM,CHENNAI BEACH,Saturday,Weekend
40315,MSB-TBM EMU,CHENNAI BEACH,TAMBARAM,Sunday,Weekend
40316,TBM-MSB EMU,TAMBARAM,CHENNAI BEACH,Monday,Weekday
40317,MSB-TBM EMU,CHENNAI BEACH,TAMBARAM,Tuesday,Weekday
40318,TBM-MSB EMU,TAMBARAM,CHENNAI BEACH,Monday,Weekday
40319,MSB-TBM EMU,CHENNAI BEACH,TAMBARAM,Tuesday,Weekday
40320,TBM-MSB EMU,TAMBARAM,CHENNAI BEACH,Wednesday,Weekday
40321,MSB-TBM EMU,CHENNAI BEACH,TAMBARAM,Tuesday,Weekday
40322,TBM-MSB EMU,TAMBARAM,CHENNAI BEACH,Saturday,Weekend
40323,MSB-TBM EMU,CHENNAI BEACH,TAMBARAM,Saturday,Weekend
40324,TBM-MSB EMU,TAMBARAM,CHENNAI BEACH,Friday,Weekday
40325,MSB-TBM EMU,CHENNAI BEACH,TAMBARAM,Thursday,Weekday
40326,TBM-MSB EMU,TAMBARAM,CHENNAI BEACH,Thursday,Weekday
40327,MSB-TBM EMU,CHENNAI BEACH,TAMBARAM,Monday,Weekday
40328,TBM-MSB EMU,TAMBARAM,CHENNAI BEACH,Tuesday,Weekday
40329,MSB-TBM EMU,CHENNAI BEACH,TAMBARAM,Thursday,Weekday
40330,TBM-MSB EMU,TAMBARAM,CHENNAI BEACH,Friday,Weekday
40331,MSB-TBM EMU,CHENNAI BEACH,TAMBARAM,Thursday,Weekday
40332,TBM-MSB EMU,TAMBARAM,CHENNAI BEACH,Sunday,Weekend
40333,MSB-TBM EMU,CHENNAI BEACH,TAMBARAM,Tuesday,Weekday
40334,TBM-MSB EMU,TAMBARAM,CHENNAI BEACH,Thursday,Weekday
40335,MSB-TBM EMU,CHENNAI BEACH,TAMBARAM,Sunday,Weekend
40336,TBM-MSB EMU,TAMBARAM,CHENNAI BEACH,Thursday,Weekday
40337,MSB-TBM EMU,CHENNAI BEACH,TAMBARAM,Sunday,Weekend
40338,TBM-MSB EMU,TAMBARAM,CHENNAI BEACH,Tuesday,Weekday
40339,MSB-TBM EMU,CHENNAI BEACH,TAMBARAM,Thursday,Weekday
40340,TBM-MSB EMU,TAMBARAM,CHENNAI BEACH,Tuesday,Weekday
40341,MSB-TBM EMU,CHENNAI BEACH,TAMBARAM,Saturday,Weekend
40342,TBM-MSB EMU,TAMBARAM,CHENNAI BEACH,Thursday,Weekday
40343,MSB-TBM EMU,CHENNAI BEACH,TAMBARAM,Friday,Weekday
40344,TBM-MSB EMU,TAMBARAM,CHENNAI BEACH,Tuesday,Weekday
40345,MSB-TBM EMU,CHENNAI BEACH,TAMBARAM,Wednesday,Weekday
40346,TBM-MSB EMU,TAMBARAM,CHENNAI BEACH,Thursday,Weekday
40347,MSB-TBM EMU,CHENNAI BEACH,TAMBARAM,Tuesday,Weekday
40348,TBM-MSB EMU,TAMBARAM,CHENNAI BEACH,Sunday,Weekend
40349,MSB-TBM EMU,CHENNAI BEACH,TAMBARAM,Sunday,Weekend
40350,TBM-MSB EMU,TAMBARAM,CHENNAI BEACH,Friday,Weekday
40351,MSB-TBM EMU,CHENNAI BEACH,TAMBARAM,Sunday,Weekend
40352,TBM-MSB EMU,TAMBARAM,CHENNAI BEACH,Tuesday,Weekday
40353,MSB-TBM EMU,CHENNAI BEACH,TAMBARAM,Wednesday,Weekday
40354,TBM-MSB EMU,TAMBARAM,CHENNAI BEACH,Friday,Weekday
40355,MSB-TBM EMU,CHENNAI BEACH,TAMBARAM,Saturday,Weekend
40356,TBM-MSB EMU,TAMBARAM,CHENNAI BEACH,Sunday,Weekend
40357,MSB-TBM EMU,CHENNAI BEACH,TAMBARAM,Tuesday,Weekday
40358,TBM-MSB EMU,TAMBARAM,CHENNAI BEACH,Monday,Weekday
40359,MSB-TBM EMU,CHENNAI BEACH,TAMBARAM,Wednesday,Weekday
40360,TBM-MSB EMU,TAMBARAM,CHENNAI BEACH,Sunday,Weekend
40361,MSB-TBM EMU,CHENNAI BEACH,TAMBARAM,Monday,Weekday
40362,TBM-MSB EMU,TAMBARAM,CHENNAI BEACH,Monday,Weekday
40363,MSB-TBM EMU,CHENNAI BEACH,TAMBARAM,Sunday,Weekend
40364,TBM-MSB EMU,TAMBARAM,CHENNAI BEACH,Friday,Weekday
40365,MSB-TBM EMU,CHENNAI BEACH,TAMBARAM,Saturday,Weekend
40366,TBM-MSB EMU,TAMBARAM,CHENNAI BEACH,Wednesday,Weekday
40367,MSB-TBM EMU,CHENNAI BEACH,TAMBARAM,Sunday,Weekend
40368,TBM-MSB EMU,TAMBARAM,CHENNAI BEACH,Tuesday,Weekday
40369,MSB-TBM EMU,CHENNAI BEACH,TAMBARAM,Saturday,Weekend
40370,TBM-MSB EMU,TAMBARAM,CHENNAI BEACH,Thursday,Weekday
40371,MSB-TBM EMU,CHENNAI BEACH,TAMBARAM,Sunday,Weekend
40372,TBM-MSB EMU,TAMBARAM,CHENNAI BEACH,Thursday,Weekday
40373,MSB-TBM EMU,CHENNAI BEACH,TAMBARAM,Friday,Weekday
40374,TBM-MSB EMU,TAMBARAM,CHENNAI BEACH,Tuesday,Weekday
40375,MSB-TBM EMU,CHENNAI BEACH,TAMBARAM,Wednesday,Weekday
40376,TBM-MSB EMU,TAMBARAM,CHENNAI BEACH,Tuesday,Weekday
40377,MSB-TBM EMU,CHENNAI BEACH,TAMBARAM,Sunday,Weekend
40378,TBM-MSB EMU,TAMBARAM,CHENNAI BEACH,Tuesday,Weekday
40379,MSB-TBM EMU,CHENNAI BEACH,TAMBARAM,Wednesday,Weekday
40380,TBM-MSB EMU,TAMBARAM,CHENNAI BEACH,Thursday,Weekday
40381,MSB-TBM EMU,CHENNAI BEACH,TAMBARAM,Tuesday,Weekday
40382,TBM-MSB EMU,TAMBARAM,CHENNAI BEACH,Saturday,Weekend
40383,MSB-TBM EMU,CHENNAI BEACH,TAMBARAM,Friday,Weekday
40384,TBM-MSB EMU,TAMBARAM,CHENNAI BEACH,Tuesday,Weekday
40385,MSB-TBM EMU,CHENNAI BEACH,TAMBARAM,Tuesday,Weekday
40386,TBM-MSB EMU,TAMBARAM,CHENNAI BEACH,Monday,Weekday
40387,MSB-TBM EMU,CHENNAI BEACH,TAMBARAM,Wednesday,Weekday
40388,TBM-MSB EMU,TAMBARAM,CHENNAI BEACH,Tuesday,Weekday
40389,MSB-TBM EMU,CHENNAI BEACH,TAMBARAM,Friday,Weekday
40390,TBM-MSB EMU,TAMBARAM,CHENNAI BEACH,Tuesday,Weekday
40391,MSB-TBM EMU,CHENNAI BEACH,TAMBARAM,Sunday,Weekend
40392,TBM-MSB EMU,TAMBARAM,CHENNAI BEACH,Tuesday,Weekday
40393,MSB-TBM EMU,CHENNAI BEACH,TAMBARAM,Thursday,Weekday
40394,TBM-MSB EMU,TAMBARAM,CHENNAI BEACH,Monday,Weekday
40395,MSB-TBM EMU,CHENNAI BEACH,TAMBARAM,Friday,Weekday
40396,TBM-MSB EMU,TAMBARAM,CHENNAI BEACH,Thursday,Weekday
40397,MSB-TBM EMU,CHENNAI BEACH,TAMBARAM,Thursday,Weekday
40398,TBM-MSB EMU,TAMBARAM,CHENNAI BEACH,Friday,Weekday
40399,MSB-TBM EMU,CHENNAI BEACH,TAMBARAM,Tuesday,Weekday
40400,TBM-MSB EMU,TAMBARAM,CHENNAI BEACH,Monday,Weekday
40401,MSB-TBM EMU,CHENNAI BEACH,TAMBARAM,Tuesday,Weekday
40402,TBM-MSB EMU,TAMBARAM,CHENNAI BEACH,Friday,Weekday
40403,MSB-TBM EMU,CHENNAI BEACH,TAMBARAM,Thursday,Weekday
40404,TBM-MSB EMU,TAMBARAM,CHENNAI BEACH,Wednesday,Weekday
40405,MSB-TBM EMU,CHENNAI BEACH,TAMBARAM,Thursday,Weekday
40406,TBM-MSB EMU,TAMBARAM,CHENNAI BEACH,Sunday,Weekend
40407,MSB-TBM EMU,CHENNAI BEACH,TAMBARAM,Saturday,Weekend
40408,TBM-MSB EMU,TAMBARAM,CHENNAI BEACH,Friday,Weekday
40409,MSB-TBM EMU,CHENNAI BEACH,TAMBARAM,Monday,Weekday
40410,TBM-MSB EMU,TAMBARAM,CHENNAI BEACH,Saturday,Weekend
40411,MSB-TBM EMU,CHENNAI BEACH,TAMBARAM,Tuesday,Weekday
40412,TBM-MSB EMU,TAMBARAM,CHENNAI BEACH,Tuesday,Weekday
40413,MSB-TBM EMU,CHENNAI BEACH,TAMBARAM,Saturday,Weekend
40414,TBM-MSB EMU,TAMBARAM,CHENNAI BEACH,Monday,Weekday
40415,MSB-TBM EMU,CHENNAI BEACH,TAMBARAM,Saturday,Weekend
40416,TBM-MSB EMU,TAMBARAM,CHENNAI BEACH,Wednesday,Weekday
40417,MSB-TBM EMU,CHENNAI BEACH,TAMBARAM,Monday,Weekday
40418,TBM-MSB EMU,TAMBARAM,CHENNAI BEACH,Friday,Weekday
40419,MSB-TBM EMU,CHENNAI BEACH,TAMBARAM,Wednesday,Weekday
40420,TBM-MSB EMU,TAMBARAM,CHENNAI BEACH,Friday,Weekday
40421,MSB-TBM EMU,CHENNAI BEACH,TAMBARAM,Tuesday,Weekday
40422,TBM-MSB EMU,TAMBARAM,CHENNAI BEACH,Tuesday,Weekday
40501,MSB-CGL EMU,CHENNAI BEACH,CHENGALPATTU,Friday,Weekday
40502,CGL-MSB EMU,CHENGALPATTU,CHENNAI BEACH,Sunday,Weekend
40503,MSB-CGL EMU,CHENNAI BEACH,CHENGALPATTU,Sunday,Weekend
40504,CGL-MSB EMU,CHENGALPATTU,CHENNAI BEACH,Tuesday,Weekday
40505,MSB-CGL EMU,CHENNAI BEACH,CHENGALPATTU,Wednesday,Weekday
40506,CGL-MSB EMU,CHENGALPATTU,CHENNAI BEACH,Wednesday,Weekday
40507,MSB-CGL EMU,CHENNAI BEACH,CHENGALPATTU,Friday,Weekday
40508,CGL-MSB EMU,CHENGALPATTU,CHENNAI BEACH,Sunday,Weekend
40509,MSB-CGL EMU,CHENNAI BEACH,CHENGALPATTU,Tuesday,Weekday
40510,CGL-MSB EMU,CHENGALPATTU,CHENNAI BEACH,Tuesday,Weekday
40511,MSB-CGL EMU,CHENNAI BEACH,CHENGALPATTU,Friday,Weekday
40512,CGL-MSB EMU,CHENGALPATTU,CHENNAI BEACH,Sunday,Weekend
40513,MSB-CGL EMU,CHENNAI BEACH,CHENGALPATTU,Saturday,Weekend
40514,CGL-MSB EMU,CHENGALPATTU,CHENNAI BEACH,Tuesday,Weekday
40515,MSB-CGL EMU,CHENNAI BEACH,CHENGALPATTU,Wednesday,Weekday
40516,CGL-MSB EMU,CHENGALPATTU,CHENNAI BEACH,Thursday,Weekday
40517,MSB-CGL EMU,CHENNAI BEACH,CHENGALPATTU,Friday,Weekday
40518,CGL-MSB EMU,CHENGALPATTU,CHENNAI BEACH,Thursday,Weekday
40519,MSB-CGL EMU,CHENNAI BEACH,CHENGALPATTU,Wednesday,Weekday
40520,CGL-MSB EMU,CHENGALPATTU,CHENNAI BEACH,Tuesday,Weekday
40522,CGL-MSB EMU,CHENGALPATTU,CHENNAI BEACH,Monday,Weekday
40523,MSB-CGL EMU,CHENNAI BEACH,CHENGALPATTU,Saturday,Weekend
40524,CGL-MSB EMU,CHENGALPATTU,CHENNAI BEACH,Wednesday,Weekday
40525,MSB-CGL EMU,CHENNAI BEACH,CHENGALPATTU,Sunday,Weekend
40526,CGL-MSB EMU,CHENGALPATTU,CHENNAI BEACH,Wednesday,Weekday
40527,MSB-CGL EMU,CHENNAI BEACH,CHENGALPATTU,Saturday,Weekend
40528,CGL-MSB EMU,CHENGALPATTU,CHENNAI BEACH,Wednesday,Weekday
40529,MSB-CGL EMU,CHENNAI BEACH,CHENGALPATTU,Friday,Weekday
40531,MSB-CGL EMU,CHENNAI BEACH,CHENGALPATTU,Tuesday,Weekday
40532,CGL-MSB EMU,CHENGALPATTU,CHENNAI BEACH,Sunday,Weekend
40533,MSB-CGL EMU,CHENNAI BEACH,CHENGALPATTU,Tuesday,Weekday
40534,CGL-MSB EMU,CHENGALPATTU,CHENNAI BEACH,Tuesday,Weekday
40535,MSB-CGL EMU,CHENNAI BEACH,CHENGALPATTU,Sunday,Weekend
40536,CGL-MSB EMU,CHENGALPATTU,CHENNAI BEACH,Friday,Weekday
40538,CGL-MSB EMU,CHENGALPATTU,CHENNAI BEACH,Monday,Weekday
40539,MSB-CGL EMU,CHENNAI BEACH,CHENGALPATTU,Monday,Weekday
40540,CGL-MSB EMU,CHENGALPATTU,CHENNAI BEACH,Wednesday,Weekday
40541,MSB-CGL EMU,CHENNAI BEACH,CHENGALPATTU,Friday,Weekday
40542,CGL-MSB EMU,CHENGALPATTU,CHENNAI BEACH,Tuesday,Weekday
40543,MSB-CGL EMU,CHENNAI BEACH,CHENGALPATTU,Tuesday,Weekday
40544,CGL-MSB EMU,CHENGALPATTU,CHENNAI BEACH,Friday,Weekday
40545,MSB-CGL EMU,CHENNAI BEACH,CHENGALPATTU,Monday,Weekday
40547,MSB-CGL EMU,CHENNAI BEACH,CHENGALPATTU,Monday,Weekday
40548,CGL-MSB EMU,CHENGALPATTU,CHENNAI BEACH,Wednesday,Weekday
40549,MSB-CGL EMU,CHENNAI BEACH,CHENGALPATTU,Tuesday,Weekday
40550,CGL-MSB EMU,CHENGALPATTU,CHENNAI BEACH,Sunday,Weekend
40551,MSB-CGL EMU,CHENNAI BEACH,CHENGALPATTU,Thursday,Weekday
40552,CGL-MSB EMU,CHENGALPATTU,CHENNAI BEACH,Saturday,Weekend
40553,MSB-CGL EMU,CHENNAI BEACH,CHENGALPATTU,Sunday,Weekend
40554,CGL-MSB EMU,CHENGALPATTU,CHENNAI BEACH,Thursday,Weekday
40555,MSB-CGL EMU,CHENNAI BEACH,CHENGALPATTU,Monday,Weekday
40556,CGL-MSB EMU,CHENGALPATTU,CHENNAI BEACH,Monday,Weekday
40557,MSB-CGL EMU,CHENNAI BEACH,CHENGALPATTU,Tuesday,Weekday
40558,CGL-MSB EMU,CHENGALPATTU,CHENNAI BEACH,Monday,Weekday
40559,MSB-CGL EMU,CHENNAI BEACH,CHENGALPATTU,Monday,Weekday
40560,CGL-MSB EMU,CHENGALPATTU,CHENNAI BEACH,Sunday,Weekend
40561,MSB-CGL EMU,CHENNAI BEACH,CHENGALPATTU,Friday,Weekday
40562,CGL-MSB EMU,CHENGALPATTU,CHENNAI BEACH,Thursday,Weekday
40563,MSB-CGL EMU,CHENNAI BEACH,CHENGALPATTU,Saturday,Weekend
40564,CGL-MSB EMU,CHENGALPATTU,CHENNAI BEACH,Wednesday,Weekday
40565,MSB-CGL EMU,CHENNAI BEACH,CHENGALPATTU,Thursday,Weekday
40566,CGL-MSB EMU,CHENGALPATTU,CHENNAI BEACH,Friday,Weekday
40567,MSB-CGL EMU,CHENNAI BEACH,CHENGALPATTU,Sunday,Weekend
40568,CGL-MSB EMU,CHENGALPATTU,CHENNAI BEACH,Thursday,Weekday
40569,MSB-CGL EMU,CHENNAI BEACH,CHENGALPATTU,Monday,Weekday
40570,CGL-MSB EMU,CHENGALPATTU,CHENNAI BEACH,Tuesday,Weekday
40571,TBM - CGL EM,CHENNAI BEACH,CHENGALPATTU,Wednesday,Weekday
40572,TBM-MSB EMU,CHENGALPATTU,CHENNAI BEACH,Monday,Weekday
40573,MSB-TBM EMU,CHENNAI BEACH,CHENGALPATTU,Friday,Weekday
40574,TBM-MSB EMU,CHENGALPATTU,CHENNAI BEACH,Monday,Weekday
40601,MSB-CGL EMU,CHENNAI BEACH,CHENGALPATTU,Monday,Weekday
40602,CGL-MSB EMU,CHENGALPATTU,CHENNAI BEACH,Sunday,Weekend
40603,MSB-CGL EMU,CHENNAI BEACH,CHENGALPATTU,Sunday,Weekend
40604,CGL-MSB EMU,CHENGALPATTU,CHENNAI BEACH,Wednesday,Weekday
40605,MSB-CGL EMU,CHENNAI BEACH,CHENGALPATTU,Sunday,Weekend
40606,CGL-MSB EMU,CHENGALPATTU,CHENNAI BEACH,Thursday,Weekday
40607,MSB-CGL EMU,CHENNAI BEACH,CHENGALPATTU,Friday,Weekday
40608,CGL-MSB EMU,CHENGALPATTU,CHENNAI BEACH,Sunday,Weekend
40609,MSB-CGL EMU,CHENNAI BEACH,CHENGALPATTU,Saturday,Weekend
40610,CGL-MSB EMU,CHENGALPATTU,CHENNAI BEACH,Tuesday,Weekday
40612,CGL-MSB EMU,CHENGALPATTU,CHENNAI BEACH,Thursday,Weekday
40613,MSB-CGL EMU,CHENNAI BEACH,CHENGALPATTU,Monday,Weekday
40614,CGL-MSB EMU,CHENGALPATTU,CHENNAI BEACH,Thursday,Weekday
40615,MSB-CGL EMU,CHENNAI BEACH,CHENGALPATTU,Sunday,Weekend
40616,CGL-MSB EMU,CHENGALPATTU,CHENNAI BEACH,Wednesday,Weekday
40617,MSB-CGL EMU,CHENNAI BEACH,CHENGALPATTU,Thursday,Weekday
40618,CGL-MSB EMU,CHENGALPATTU,CHENNAI BEACH,Saturday,Weekend
40619,MSB-CGL EMU,CHENNAI BEACH,CHENGALPATTU,Friday,Weekday
40621,MSB-CGL EMU,CHENNAI BEACH,CHENGALPATTU,Tuesday,Weekday
40622,CGL-MSB EMU,CHENGALPATTU,CHENNAI BEACH,Friday,Weekday
40623,MSB-CGL EMU,CHENNAI BEACH,CHENGALPATTU,Sunday,Weekend
40624,CGL-MSB EMU,CHENGALPATTU,CHENNAI BEACH,Sunday,Weekend
40625,MSB-CGL EMU,CHENNAI BEACH,CHENGALPATTU,Friday,Weekday
40626,CGL-MSB EMU,CHENGALPATTU,CHENNAI BEACH,Wednesday,Weekday
40627,MSB-CGL EMU,CHENNAI BEACH,CHENGALPATTU,Saturday,Weekend
40628,CGL-MSB EMU,CHENGALPATTU,CHENNAI BEACH,Tuesday,Weekday
40629,MSB-CGL EMU,CHENNAI BEACH,CHENGALPATTU,Saturday,Weekend
40630,CGL-MSB EMU,CHENGALPATTU,CHENNAI BEACH,Sunday,Weekend
40631,MSB-CGL EMU,CHENNAI BEACH,CHENGALPATTU,Wednesday,Weekday
40632,CGL-MSB EMU,CHENGALPATTU,CHENNAI BEACH,Monday,Weekday
40633,MSB-CGL EMU,CHENNAI BEACH,CHENGALPATTU,Saturday,Weekend
40634,CGL-MSB EMU,CHENGALPATTU,CHENNAI BEACH,Sunday,Weekend
40635,MSB-CGL EMU,CHENNAI BEACH,CHENGALPATTU,Thursday,Weekday
40636,CGL-MSB EMU,CHENGALPATTU,CHENNAI BEACH,Monday,Weekday
40637,MSB-CGL EMU,CHENNAI BEACH,CHENGALPATTU,Wednesday,Weekday
40638,CGL-MSB EMU,CHENGALPATTU,CHENNAI BEACH,Tuesday,Weekday
40639,MSB-CGL EMU,CHENNAI BEACH,CHENGALPATTU,Tuesday,Weekday
40640,CGL-MSB EMU,CHENGALPATTU,CHENNAI BEACH,Monday,Weekday
40641,MSB-CGL EMU,CHENNAI BEACH,CHENGALPATTU,Tuesday,Weekday
40642,CGL-MSB EMU,CHENGALPATTU,CHENNAI BEACH,Thursday,Weekday
40643,MSB-CGL EMU,CHENNAI BEACH,CHENGALPATTU,Sunday,Weekend
40644,CGL-MSB EMU,CHENGALPATTU,CHENNAI BEACH,Tuesday,Weekday
40645,MSB-CGL EMU,CHENNAI BEACH,CHENGALPATTU,Monday,Weekday
40646,CGL-MSB EMU,CHENGALPATTU,CHENNAI BEACH,Tuesday,Weekday
40647,MSB-CGL EMU,CHENNAI BEACH,CHENGALPATTU,Friday,Weekday
40648,CGL-MSB EMU,CHENGALPATTU,CHENNAI BEACH,Thursday,Weekday
40649,MSB-CGL EMU,CHENNAI BEACH,CHENGALPATTU,Thursday,Weekday
40650,CGL-MSB EMU,CHENGALPATTU,CHENNAI BEACH,Friday,Weekday
40651,MSB-CGL EMU,CHENNAI BEACH,CHENGALPATTU,Wednesday,Weekday
40652,CGL-MSB EMU,CHENGALPATTU,CHENNAI BEACH,Saturday,Weekend
40653,MSB-CGL EMU,CHENNAI BEACH,CHENGALPATTU,Wednesday,Weekday
40654,CGL-MSB EMU,CHENGALPATTU,CHENNAI BEACH,Sunday,Weekend
40655,MSB-CGL EMU,CHENNAI BEACH,CHENGALPATTU,Monday,Weekday
40656,CGL-MSB EMU,CHENGALPATTU,CHENNAI BEACH,Saturday,Weekend
40657,MSB-CGL EMU,CHENNAI BEACH,CHENGALPATTU,Saturday,Weekend
40658,CGL-MSB EMU,CHENGALPATTU,CHENNAI BEACH,Thursday,Weekday
40659,MSB-CGL EMU,CHENNAI BEACH,CHENGALPATTU,Friday,Weekday
40660,CGL-MSB EMU,CHENGALPATTU,CHENNAI BEACH,Thursday,Weekday
40661,MSB-CGL EMU,CHENNAI BEACH,CHENGALPATTU,Saturday,Weekend
40662,CGL-MSB EMU,CHENGALPATTU,CHENNAI BEACH,Wednesday,Weekday
40663,MSB-CGL EMU,CHENNAI BEACH,CHENGALPATTU,Monday,Weekday
40664,CGL-MSB EMU,CHENGALPATTU,CHENNAI BEACH,Sunday,Weekend
40665,MSB - CGL EM,CHENNAI BEACH,CHENGALPATTU,Monday,Weekday
40666,CGL-MSB EMU,CHENGALPATTU,CHENNAI BEACH,Tuesday,Weekday
40701,MSB-TMLP EMU,CHENNAI BEACH,TIRUMALPUR,Wednesday,Weekday
40702,TMLP-MSB EMU,TIRUMALPUR,CHENNAI BEACH,Thursday,Weekday
40704,TMLP-MSB EMU,TIRUMALPUR,CHENNAI BEACH,Thursday,Weekday
40705,MSB-TMLP EMU,CHENNAI BEACH,TIRUMALPUR,Tuesday,Weekday
40706,TMLP-MSB EMU,TIRUMALPUR,CHENNAI BEACH,Wednesday,Weekday
40707,MSB-TMLP EMU,CHENNAI BEACH,TIRUMALPUR,Monday,Weekday
40708,TMLP-MSB EMU,TIRUMALPUR,CHENNAI BEACH,Tuesday,Weekday
40709,MSB-TMLP EMU,CHENNAI BEACH,TIRUMALPUR,Tuesday,Weekday
40711,MSB-TMLP EMU,CHENNAI BEACH,TIRUMALPUR,Thursday,Weekday
40712,TMLP-MSB EMU,TIRUMALPUR,CHENNAI BEACH,Thursday,Weekday
40751,MSB-TMLP EMU,CHENNAI BEACH,TIRUMALPUR,Thursday,Weekday
40752,TMLP-MSB EMU,TIRUMALPUR,CHENNAI BEACH,Sunday,Weekend
40754,TMLP - MSB E,TIRUMALPUR,CHENNAI BEACH,Tuesday,Weekday
40755,MSB-TMLP EMU,CHENNAI BEACH,TIRUMALPUR,Thursday,Weekday
40756,TMLP-MSB EMU,TIRUMALPUR,CHENNAI BEACH,Tuesday,Weekday
40757,MSB-TMLP EMU,CHENNAI BEACH,TIRUMALPUR,Sunday,Weekend
40758,TMLP-MSB EMU,TIRUMALPUR,CHENNAI BEACH,Tuesday,Weekday
40759,MSB-TMLP EMU,CHENNAI BEACH,TIRUMALPUR,Monday,Weekday
40761,MSB-TMLP EMU,CHENNAI BEACH,TIRUMALPUR,Thursday,Weekday
40762,TMLP-MSB EMU,TIRUMALPUR,CHENNAI BEACH,Sunday,Weekend
40801,MSB-CJ EMU L,CHENNAI BEACH,KANCHIPURAM,Thursday,Weekday
40802,CJ-MSB EMU L,KANCHIPURAM,CHENNAI BEACH,Sunday,Weekend
40803,MSB-CJ EMU L,CHENNAI BEACH,KANCHIPURAM,Monday,Weekday
40804,CJ-MSB EMU L,KANCHIPURAM,CHENNAI BEACH,Saturday,Weekend
40901,CGL-TMLP EMU,CHENGALPATTU,TIRUMALPUR,Wednesday,Weekday
40902,TMLP-CGL EMU,TIRUMALPUR,CHENGALPATTU,Monday,Weekday
41001,MSB-VLCY,CHENNAI BEACH,VELACHEERY,Thursday,Weekday
41003,MSB-VLCY,CHENNAI BEACH,VELACHEERY,Tuesday,Weekday
41006,VLCY-MSB,VELACHEERY,CHENNAI BEACH,Friday,Weekday
41008,VLCY-MSB,VELACHEERY,CHENNAI BEACH,Wednesday,Weekday
41009,MSB-VLCY,CHENNAI BEACH,VELACHEERY,Tuesday,Weekday
41012,VLCY-MSB,VELACHEERY,CHENNAI BEACH,Wednesday,Weekday
41013,MSB-VLCY,CHENNAI BEACH,VELACHEERY,Friday,Weekday
41014,VLCY-MSB,VELACHEERY,CHENNAI BEACH,Monday,Weekday
41015,MSB-VLCY,CHENNAI BEACH,VELACHEERY,Saturday,Weekend
41016,VLCY-MSB,VELACHEERY,CHENNAI BEACH,Friday,Weekday
41017,MSB-VLCY,CHENNAI BEACH,VELACHEERY,Monday,Weekday
41020,VLCY-MSB,VELACHEERY,CHENNAI BEACH,Friday,Weekday
41021,MSB-VLCY,CHENNAI BEACH,VELACHEERY,Friday,Weekday
41022,VLCY-MSBEMUL,VELACHEERY,CHENNAI BEACH,Thursday,Weekday
41023,MSB-VLCY,CHENNAI BEACH,VELACHEERY,Tuesday,Weekday
41024,VLCY-MSBEMUL,VELACHEERY,CHENNAI BEACH,Sunday,Weekend
41028,VLCY-MSBEMUL,VELACHEERY,CHENNAI BEACH,Saturday,Weekend
41029,MSB-VLCY,CHENNAI BEACH,VELACHEERY,Friday,Weekday
41033,MSB-VLCY,CHENNAI BEACH,VELACHEERY,Sunday,Weekend
41035,MSB-VLCY,CHENNAI BEACH,VELACHEERY,Tuesday,Weekday
41036,VLCY-MSBEMUL,VELACHEERY,CHENNAI BEACH,Thursday,Weekday
41038,VLCY-MSBEMUL,VELACHEERY,CHENNAI BEACH,Monday,Weekday
41040,VLCY-MSBEMUL,VELACHEERY,CHENNAI BEACH,Wednesday,Weekday
41042,VLCY-MSBEMUL,VELACHEERY,CHENNAI BEACH,Monday,Weekday
41043,MSB-VLCY,CHENNAI BEACH,VELACHEERY,Saturday,Weekend
41046,VLCY-MSBEMUL,VELACHEERY,CHENNAI BEACH,Monday,Weekday
41048,VLCY-MSBEMUL,VELACHEERY,CHENNAI BEACH,Monday,Weekday
41050,VLCY-MSBEMUL,VELACHEERY,CHENNAI BEACH,Sunday,Weekend
41051,MSB-VLCY,CHENNAI BEACH,VELACHEERY,Thursday,Weekday
41055,MSB-VLCY,CHENNAI BEACH,VELACHEERY,Friday,Weekday
41056,VLCY-MSBEMUL,VELACHEERY,CHENNAI BEACH,Sunday,Weekend
41057,MSB-VLCY,CHENNAI BEACH,VELACHEERY,Tuesday,Weekday
41060,VLCY-MSBEMUL,VELACHEERY,CHENNAI BEACH,Saturday,Weekend
41061,MSB-VLCY,CHENNAI BEACH,VELACHEERY,Friday,Weekday
41063,MSB-VLCY,CHENNAI BEACH,VELACHEERY,Sunday,Weekend
41064,VLCY-MSBEMUL,VELACHEERY,CHENNAI BEACH,Monday,Weekday
41065,MSB-VLCY,CHENNAI BEACH,VELACHEERY,Saturday,Weekend
41069,MSB-VLCY,CHENNAI BEACH,VELACHEERY,Friday,Weekday
41070,VLCY-MSBEMUL,VELACHEERY,CHENNAI BEACH,Thursday,Weekday
41073,MSB-VLCY,CHENNAI BEACH,VELACHEERY,Saturday,Weekend
41076,VLCY-MSBEMUL,VELACHEERY,CHENNAI BEACH,Wednesday,Weekday
41077,MSB-VLCY,CHENNAI BEACH,VELACHEERY,Thursday,Weekday
41078,VLCY-MSBEMUL,VELACHEERY,CHENNAI BEACH,Saturday,Weekend
41079,MSB-VLCY,CHENNAI BEACH,VELACHEERY,Tuesday,Weekday
41080,VLCY-MSBEMUL,VELACHEERY,CHENNAI BEACH,Sunday,Weekend
41081,MSB-VLCY,CHENNAI BEACH,VELACHEERY,Friday,Weekday
41082,VLCY-MSBEMUL,VELACHEERY,CHENNAI BEACH,Sunday,Weekend
41084,VLCY-MSBEMUL,VELACHEERY,CHENNAI BEACH,Saturday,Weekend
41085,MSB-VLCY,CHENNAI BEACH,VELACHEERY,Saturday,Weekend
41086,VLCY-MSBEMUL,VELACHEERY,CHENNAI BEACH,Sunday,Weekend
41089,MSB-VLCY,CHENNAI BEACH,VELACHEERY,Saturday,Weekend
41091,MSB-VLCY,CHENNAI BEACH,VELACHEERY,Wednesday,Weekday
41092,VLCY-MSBEMUL,VELACHEERY,CHENNAI BEACH,Tuesday,Weekday
41093,MSB-VLCY,CHENNAI BEACH,VELACHEERY,Friday,Weekday
41095,MSB-VLCY,CHENNAI BEACH,VELACHEERY,Sunday,Weekend
41096,VLCY-MSBEMUL,VELACHEERY,CHENNAI BEACH,Thursday,Weekday
41097,MSB-VLCY,CHENNAI BEACH,VELACHEERY,Tuesday,Weekday
41102,VLCY-MSBEMUL,VELACHEERY,CHENNAI BEACH,Thursday,Weekday
41103,MSB-VLCY,CHENNAI BEACH,VELACHEERY,Wednesday,Weekday
41104,VLCY-MSBEMUL,VELACHEERY,CHENNAI BEACH,Friday,Weekday
41105,MSB-VLCY,CHENNAI BEACH,VELACHEERY,Friday,Weekday
41108,VLCY-MSBEMUL,VELACHEERY,CHENNAI BEACH,Thursday,Weekday
41110,VLCY-MSBEMUL,VELACHEERY,CHENNAI BEACH,Monday,Weekday
41111,MSB-VLCY,CHENNAI BEACH,VELACHEERY,Tuesday,Weekday
41113,MSB-VLCY,CHENNAI BEACH,VELACHEERY,Sunday,Weekend
41116,VLCY-MSBEMUL,VELACHEERY,CHENNAI BEACH,Tuesday,Weekday
41117,MSB-VLCY,CHENNAI BEACH,VELACHEERY,Monday,Weekday
41119,MSB-VLCY,CHENNAI BEACH,VELACHEERY,Friday,Weekday
41120,VLCY-MSB EMU,VELACHEERY,CHENNAI BEACH,Tuesday,Weekday
41122,VLCY-MSB EMU,VELACHEERY,CHENNAI BEACH,Sunday,Weekend
41127,MSB-VLCY,CHENNAI BEACH,VELACHEERY,Monday,Weekday
41128,VLCY-MSBEMUL,VELACHEERY,CHENNAI BEACH,Thursday,Weekday
41129,MSB-VLCY,CHENNAI BEACH,VELACHEERY,Sunday,Weekend
41130,VLCY-MSBEMUL,VELACHEERY,CHENNAI BEACH,Sunday,Weekend
41131,MSB-VLCY EMU,CHENNAI BEACH,VELACHEERY,Friday,Weekday
41132,VLCY-MSB EMU,VELACHEERY,CHENNAI BEACH,Saturday,Weekend
41134,VLCY-MSBEMUL,VELACHEERY,CHENNAI BEACH,Thursday,Weekday
41135,MSB-VLCY,CHENNAI BEACH,VELACHEERY,Sunday,Weekend
41138,VLCY-MSB-EMU,VELACHEERY,CHENNAI BEACH,Tuesday,Weekday
41140,VLCY-MSB,VELACHEERY,CHENNAI BEACH,Tuesday,Weekday
41501,MSB - VLCY E,CHENNAI BEACH,VELACHEERY,Monday,Weekday
41502,VLCY - MSB E,VELACHEERY,CHENNAI BEACH,Thursday,Weekday
41503,MSB - VLCY E,CHENNAI BEACH,VELACHEERY,Friday,Weekday
41504,VLCY-MSB EMU,VELACHEERY,CHENNAI BEACH,Tuesday,Weekday
41505,MSB - VLCY E,CHENNAI BEACH,VELACHEERY,Thursday,Weekday
41506,VLCY - MSB E,VELACHEERY,CHENNAI BEACH,Saturday,Weekend
41507,MSB - VLCY E,CHENNAI BEACH,VELACHEERY,Wednesday,Weekday
41508,VLCY - MSB E,VELACHEERY,CHENNAI BEACH,Monday,Weekday
41509,MSB - VLCY E,CHENNAI BEACH,VELACHEERY,Wednesday,Weekday
41510,VLCY-MSBEMUL,VELACHEERY,CHENNAI BEACH,Tuesday,Weekday
41511,MSB - VLCY E,CHENNAI BEACH,VELACHEERY,Sunday,Weekend
41512,VLCY-MSBEMUL,VELACHEERY,CHENNAI BEACH,Thursday,Weekday
41513,MSB-VLCY EMU,CHENNAI BEACH,VELACHEERY,Monday,Weekday
41514,MSB - VLCY E,VELACHEERY,CHENNAI BEACH,Friday,Weekday
41515,MSB-VLCY EMU,CHENNAI BEACH,VELACHEERY,Monday,Weekday
41516,VLCY-MSBEMUL,VELACHEERY,CHENNAI BEACH,Sunday,Weekend
41517,MSB-VLCY EMU,CHENNAI BEACH,VELACHEERY,Saturday,Weekend
41518,VLCY-MSBEMUL,VELACHEERY,CHENNAI BEACH,Sunday,Weekend
41519,MSB-VLCY EMU,CHENNAI BEACH,VELACHEERY,Tuesday,Weekday
41520,VLCY-MSBEMUL,VELACHEERY,CHENNAI BEACH,Monday,Weekday
41521,MSB-VLCY EMU,CHENNAI BEACH,VELACHEERY,Thursday,Weekday
41522,VLCY-MSBEMUL,VELACHEERY,CHENNAI BEACH,Friday,Weekday
41523,MSB-VLCY EMU,CHENNAI BEACH,VELACHEERY,Friday,Weekday
41524,VLCY-MSBEMUL,VELACHEERY,CHENNAI BEACH,Monday,Weekday
41525,MSB-VLCY EMU,CHENNAI BEACH,VELACHEERY,Wednesday,Weekday
41526,VLCY-MSB EMU,VELACHEERY,CHENNAI BEACH,Friday,Weekday
41527,MSB-VLCY EMU,CHENNAI BEACH,VELACHEERY,Tuesday,Weekday
41528,VLCY-MSBEMUL,VELACHEERY,CHENNAI BEACH,Thursday,Weekday
41529,MSB-VLCY EMU,CHENNAI BEACH,VELACHEERY,Tuesday,Weekday
41530,VLCY-MSBEMUL,VELACHEERY,CHENNAI BEACH,Friday,Weekday
41531,MSB-VLCY EMU,CHENNAI BEACH,VELACHEERY,Wednesday,Weekday
41532,VLCY-MSBEMUL,VELACHEERY,CHENNAI BEACH,Wednesday,Weekday
41533,MSB-VLCY EMU,CHENNAI BEACH,VELACHEERY,Thursday,Weekday
41534,VLCY-MSBEMUL,VELACHEERY,CHENNAI BEACH,Saturday,Weekend
41535,MSB-VLCY EMU,CHENNAI BEACH,VELACHEERY,Sunday,Weekend
41536,VLCY-MSBEMUL,VELACHEERY,CHENNAI BEACH,Monday,Weekday
41537,MSB-VLCY EMU,CHENNAI BEACH,VELACHEERY,Tuesday,Weekday
41538,VLCY-MSBEMUL,VELACHEERY,CHENNAI BEACH,Thursday,Weekday
41539,MSB-VLCY EMU,CHENNAI BEACH,VELACHEERY,Tuesday,Weekday
41540,VLCY-MSBEMUL,VELACHEERY,CHENNAI BEACH,Wednesday,Weekday
41541,MSB-VLCY EMU,CHENNAI BEACH,VELACHEERY,Sunday,Weekend
41542,VLCY-MSBEMUL,VELACHEERY,CHENNAI BEACH,Friday,Weekday
41543,MSB-VLCY EMU,CHENNAI BEACH,VELACHEERY,Sunday,Weekend
41544,VLCY-MSBEMUL,VELACHEERY,CHENNAI BEACH,Wednesday,Weekday
41545,MSB-VLCY EMU,CHENNAI BEACH,VELACHEERY,Monday,Weekday
41546,VLCY-MSBEMUL,VELACHEERY,CHENNAI BEACH,Friday,Weekday
41547,MSB-VLCY EMU,CHENNAI BEACH,VELACHEERY,Wednesday,Weekday
41548,VLCY-MSBEMUL,VELACHEERY,CHENNAI BEACH,Friday,Weekday
41549,MSB-VLCY EMU,CHENNAI BEACH,VELACHEERY,Thursday,Weekday
41550,VLCY-MSBEMUL,VELACHEERY,CHENNAI BEACH,Monday,Weekday
41551,MSB-VLCY EMU,CHENNAI BEACH,VELACHEERY,Saturday,Weekend
41552,VLCY-MSBEMUL,VELACHEERY,CHENNAI BEACH,Friday,Weekday
41553,MSB-VLCY EMU,CHENNAI BEACH,VELACHEERY,Monday,Weekday
41554,VLCY-MSBEMUL,VELACHEERY,CHENNAI BEACH,Tuesday,Weekday
41555,MSB-VLCY EMU,CHENNAI BEACH,VELACHEERY,Thursday,Weekday
41556,VLCY-MSBEMUL,VELACHEERY,CHENNAI BEACH,Saturday,Weekend
41557,MSB-VLCY EMU,CHENNAI BEACH,VELACHEERY,Wednesday,Weekday
41558,VLCY-MSBEMUL,VELACHEERY,CHENNAI BEACH,Thursday,Weekday
41559,MSB-VLCY EMU,CHENNAI BEACH,VELACHEERY,Monday,Weekday
41560,VLCY-MSBEMUL,VELACHEERY,CHENNAI BEACH,Saturday,Weekend
41561,MSB-VLCY EMU,CHENNAI BEACH,VELACHEERY,Friday,Weekday
41562,VLCY-MSBEMUL,VELACHEERY,CHENNAI BEACH,Thursday,Weekday
41563,MSB-VLCY EMU,CHENNAI BEACH,VELACHEERY,Tuesday,Weekday
41564,VLCY-MSBEMUL,VELACHEERY,CHENNAI BEACH,Thursday,Weekday
41565,MSB-VLCY EMU,CHENNAI BEACH,VELACHEERY,Wednesday,Weekday
41566,VLCY-MSBEMUL,VELACHEERY,CHENNAI BEACH,Tuesday,Weekday
41567,MSB-VLCY EMU,CHENNAI BEACH,VELACHEERY,Thursday,Weekday
41568,VLCY-MSBEMUL,VELACHEERY,CHENNAI BEACH,Wednesday,Weekday
41569,MSB-VLCY EMU,CHENNAI BEACH,VELACHEERY,Monday,Weekday
41570,VLCY-MSBEMUL,VELACHEERY,CHENNAI BEACH,Friday,Weekday
41571,MSB-VLCY EMU,CHENNAI BEACH,VELACHEERY,Tuesday,Weekday
41572,VLCY-MSBEMUL,VELACHEERY,CHENNAI BEACH,Thursday,Weekday
41573,MSB-VLCY EMU,CHENNAI BEACH,VELACHEERY,Friday,Weekday
41574,VLCY-MSBEMUL,VELACHEERY,CHENNAI BEACH,Thursday,Weekday
41575,MSB-VLCY EMU,CHENNAI BEACH,VELACHEERY,Tuesday,Weekday
41576,VLCY-MSBEMUL,VELACHEERY,CHENNAI BEACH,Monday,Weekday
41577,MSB-VLCY EMU,CHENNAI BEACH,VELACHEERY,Saturday,Weekend
41578,VLCY-MSBEMUL,VELACHEERY,CHENNAI BEACH,Wednesday,Weekday
41579,MSB-VLCY EMU,CHENNAI BEACH,VELACHEERY,Thursday,Weekday
41580,VLCY-MSBEMUL,VELACHEERY,CHENNAI BEACH,Friday,Weekday
41581,MSB-VLCY EMU,CHENNAI BEACH,VELACHEERY,Thursday,Weekday
41582,VLCY-MSBEMUL,VELACHEERY,CHENNAI BEACH,Tuesday,Weekday
41583,MSB-VLCY EMU,CHENNAI BEACH,VELACHEERY,Monday,Weekday
41584,VLCY-MSBEMUL,VELACHEERY,CHENNAI BEACH,Sunday,Weekend
41585,MSB-VLCY EMU,CHENNAI BEACH,VELACHEERY,Tuesday,Weekday
41586,VLCY-MSBEMUL,VELACHEERY,CHENNAI BEACH,Thursday,Weekday
41587,MSB-VLCY EMU,CHENNAI BEACH,VELACHEERY,Monday,Weekday
41588,VLCY-MSBEMUL,VELACHEERY,CHENNAI BEACH,Sunday,Weekend
41589,MSB-VLCY EMU,CHENNAI BEACH,VELACHEERY,Saturday,Weekend
41590,VLCY-MSBEMUL,VELACHEERY,CHENNAI BEACH,Tuesday,Weekday
41593,MSB-VLCY EMU,CHENNAI BEACH,VELACHEERY,Sunday,Weekend
41594,VLCY-MSBEMUL,VELACHEERY,CHENNAI BEACH,Tuesday,Weekday
41597,MSB-VLCY EMU,CHENNAI BEACH,VELACHEERY,Saturday,Weekend
41598,VLCY-MSB EMU,VELACHEERY,CHENNAI BEACH,Monday,Weekday
41599,MSB-VLCY EMU,CHENNAI BEACH,VELACHEERY,Wednesday,Weekday
41600,MSB-VLCY-EMU,VELACHEERY,CHENNAI BEACH,Tuesday,Weekday
42001,MMC-GPD EMU,MOOR MARKET,GUMMIDIPUNDI,Sunday,Weekend
42002,MAS-GPD EMU,GUMMIDIPUNDI,MOOR MARKET,Tuesday,Weekday
42003,MMC-GPD EMU,MOOR MARKET,GUMMIDIPUNDI,Saturday,Weekend
42004,GPD-MMC EMU,GUMMIDIPUNDI,MOOR MARKET,Tuesday,Weekday
42005,MMC-GPD EMU,MOOR MARKET,GUMMIDIPUNDI,Saturday,Weekend
42006,GPD-MMC EMU,GUMMIDIPUNDI,MOOR MARKET,Sunday,Weekend
42007,MMC-GPD EMU,MOOR MARKET,GUMMIDIPUNDI,Wednesday,Weekday
42008,GPD-MMC EMU,GUMMIDIPUNDI,MOOR MARKET,Tuesday,Weekday
42009,MMC-GPD EMU,MOOR MARKET,GUMMIDIPUNDI,Sunday,Weekend
42010,GPD-MMC EMU,GUMMIDIPUNDI,MOOR MARKET,Wednesday,Weekday
42011,MMC-GPD EMU,MOOR MARKET,GUMMIDIPUNDI,Tuesday,Weekday
42012,GPD-MMC EMU,GUMMIDIPUNDI,MOOR MARKET,Wednesday,Weekday
42013,MMC-GPD EMU,MOOR MARKET,GUMMIDIPUNDI,Thursday,Weekday
42014,GPD-MMC EMU,GUMMIDIPUNDI,MOOR MARKET,Saturday,Weekend
42015,MMC-GPD EMU,MOOR MARKET,GUMMIDIPUNDI,Friday,Weekday
42016,GPD-MMC EMU,GUMMIDIPUNDI,MOOR MARKET,Sunday,Weekend
42017,MMC-GPD EMU,MOOR MARKET,GUMMIDIPUNDI,Friday,Weekday
42018,GPD-MMC EMU,GUMMIDIPUNDI,MOOR MARKET,Friday,Weekday
42019,MMC-GPD EMU,MOOR MARKET,GUMMIDIPUNDI,Wednesday,Weekday
42020,GPD-MMC EMU,GUMMIDIPUNDI,MOOR MARKET,Saturday,Weekend
42021,MMC-GPD EMU,MOOR MARKET,GUMMIDIPUNDI,Thursday,Weekday
42022,GPD-MMC EMU,GUMMIDIPUNDI,MOOR MARKET,Tuesday,Weekday
42023,MMC-GPD EMU,MOOR MARKET,GUMMIDIPUNDI,Tuesday,Weekday
42024,GPD-MMC EMU,GUMMIDIPUNDI,MOOR MARKET,Wednesday,Weekday
42025,MMC-GPD EMU,MOOR MARKET,GUMMIDIPUNDI,Wednesday,Weekday
42026,GPD-MMC EMU,GUMMIDIPUNDI,MOOR MARKET,Wednesday,Weekday
42027,MMC-GPD EMU,MOOR MARKET,GUMMIDIPUNDI,Thursday,Weekday
42028,GPD-MMC EMU,GUMMIDIPUNDI,MOOR MARKET,Saturday,Weekend
42029,MMC-GPD EMU,MOOR MARKET,GUMMIDIPUNDI,Wednesday,Weekday
42030,GPD-MMC EMU,GUMMIDIPUNDI,MOOR MARKET,Monday,Weekday
42031,MMC-GPD EMU,MOOR MARKET,GUMMIDIPUNDI,Monday,Weekday
42032,GPD-MMC EMU,GUMMIDIPUNDI,MOOR MARKET,Monday,Weekday
42033,MMC-GPD EMU,MOOR MARKET,GUMMIDIPUNDI,Tuesday,Weekday
42034,GPD-MMC EMU,GUMMIDIPUNDI,MOOR MARKET,Tuesday,Weekday
42035,MMC-GPD EMU,MOOR MARKET,GUMMIDIPUNDI,Sunday,Weekend
42036,GPD-MMC EMU,GUMMIDIPUNDI,MOOR MARKET,Thursday,Weekday
42037,MMC-GPD EMU,MOOR MARKET,GUMMIDIPUNDI,Saturday,Weekend
42038,GPD-MMC EMU,GUMMIDIPUNDI,MOOR MARKET,Monday,Weekday
42039,MMC-GPD EMU,MOOR MARKET,GUMMIDIPUNDI,Saturday,Weekend
42040,GPD-MMC EMU,GUMMIDIPUNDI,MOOR MARKET,Wednesday,Weekday
42041,MMC-GPD EMU,MOOR MARKET,GUMMIDIPUNDI,Tuesday,Weekday
42042,GPD-MMC EMU,GUMMIDIPUNDI,MOOR MARKET,Thursday,Weekday
42043,MMC-GPD EMU,MOOR MARKET,GUMMIDIPUNDI,Thursday,Weekday
42044,GPD-MMC EMU,GUMMIDIPUNDI,MOOR MARKET,Thursday,Weekday
42045,MMC-GPD EMU,MOOR MARKET,GUMMIDIPUNDI,Friday,Weekday
42046,GPD-MMC EMU,GUMMIDIPUNDI,MOOR MARKET,Thursday,Weekday
42301,MMC-PON EMU,MOOR MARKET,PONNERI,Wednesday,Weekday
42302,PON-MMC EMU,PONNERI,MOOR MARKET,Monday,Weekday
42401,MMC-SPE EMU,MOOR MARKET,SULLURUPETTA,Tuesday,Weekday
42402,SPE-MMC EMU,SULLURUPETTA,MOOR MARKET,Thursday,Weekday
42403,MMC-SPE EMU,MOOR MARKET,SULLURUPETTA,Saturday,Weekend
42404,SPE-MMC EMU,SULLURUPETTA,MOOR MARKET,Friday,Weekday
42406,SPE-MMC EMU,SULLURUPETTA,MOOR MARKET,Wednesday,Weekday
42407,MMC-SPE EMU,MOOR MARKET,SULLURUPETTA,Sunday,Weekend
42408,SPE-MMC EMU,SULLURUPETTA,MOOR MARKET,Monday,Weekday
42409,MMC-SPE EMU,MOOR MARKET,SULLURUPETTA,Wednesday,Weekday
42411,MMC-SPE EMU,MOOR MARKET,SULLURUPETTA,Wednesday,Weekday
42412,SPE-MMC EMU,SULLURUPETTA,MOOR MARKET,Monday,Weekday
42413,MMC-SPE EMU,MOOR MARKET,SULLURUPETTA,Friday,Weekday
42414,SPE-MMC EMU,SULLURUPETTA,MOOR MARKET,Thursday,Weekday
42416,SPE-MMC EMU,SULLURUPETTA,MOOR MARKET,Wednesday,Weekday
42417,MMC-SPE EMU,MOOR MARKET,SULLURUPETTA,Wednesday,Weekday
42419,MMC-SPE EMU,MOOR MARKET,SULLURUPETTA,Sunday,Weekend
42420,SPE-MMC EMU,SULLURUPETTA,MOOR MARKET,Monday,Weekday
42421,MMC-SPE EMU,MOOR MARKET,SULLURUPETTA,Wednesday,Weekday
42422,SPE-MMC EMU,SULLURUPETTA,MOOR MARKET,Friday,Weekday
42423,MMC-SPE EMU,MOOR MARKET,SULLURUPETTA,Monday,Weekday
42451,GPD-SPE EMU,GUMMIDIPUNDI,SULLURUPETTA,Tuesday,Weekday
42452,SPE - GPD,SULLURUPETTA,GUMMIDIPUNDI,Monday,Weekday
42601,MSB-GPD EMU,CHENNAI BEACH,GUMMIDIPUNDI,Thursday,Weekday
42602,GPD-MSB EMU,GUMMIDIPUNDI,CHENNAI BEACH,Monday,Weekday
42603,MSB-GPD EMU,CHENNAI BEACH,GUMMIDIPUNDI,Sunday,Weekend
42604,GPD-MSB EMU,GUMMIDIPUNDI,CHENNAI BEACH,Monday,Weekday
42605,MSB-GPD EMU,CHENNAI BEACH,GUMMIDIPUNDI,Thursday,Weekday
42606,GPD-MSB EMU,GUMMIDIPUNDI,CHENNAI BEACH,Monday,Weekday
42607,MSB-GPD EMU,CHENNAI BEACH,GUMMIDIPUNDI,Monday,Weekday
42608,GPD-MSB LOCA,GUMMIDIPUNDI,CHENNAI BEACH,Tuesday,Weekday
42651,VLCY-GDP LOC,VELACHEERY,GUMMIDIPUNDI,Friday,Weekday
42652,GPD-VLCY LOC,GUMMIDIPUNDI,VELACHEERY,Tuesday,Weekday
42653,VLCY-GPD LOC,VELACHEERY,GUMMIDIPUNDI,Monday,Weekday
42654,GPD-VLCY LOC,GUMMIDIPUNDI,VELACHEERY,Tuesday,Weekday
42655,VLCY-GPD LOC,VELACHEERY,GUMMIDIPUNDI,Sunday,Weekend
42656,GDP-VLCY LOC,GUMMIDIPUNDI,VELACHEERY,Friday,Weekday
42657,VLCY-GPD LOC,VELACHEERY,GUMMIDIPUNDI,Saturday,Weekend
42701,MSB-PON EMU,CHENNAI BEACH,PONNERI,Wednesday,Weekday
42702,PON-MSB EMU,PONNERI,CHENNAI BEACH,Saturday,Weekend
42751,VLCY-PON LOC,VELACHEERY,PONNERI,Friday,Weekday
42752,PON-VLCY,PONNERI,VELACHEERY,Sunday,Weekend
42801,MSB-SPE EMU,CHENNAI BEACH,SULLURUPETTA,Monday,Weekday
42802,SPE-MSB EMU,SULLURUPETTA,CHENNAI BEACH,Tuesday,Weekday
42804,SPE-MSB EMU,SULLURUPETTA,CHENNAI BEACH,Saturday,Weekend
42851,VLCY-SPE  EM,VELACHEERY,SULLURUPETTA,Tuesday,Weekday
42852,SPE-VLCY LOC,SULLURUPETTA,VELACHEERY,Thursday,Weekday
42854,SPE-VLCY LOC,SULLURUPETTA,VELACHEERY,Wednesday,Weekday
42901,MMC-ENR EMU,MOOR MARKET,ENNORE,Friday,Weekday
43001,MMC-AVD EMU,MOOR MARKET,AVADI,Tuesday,Weekday
43002,AVD-MMC EMU,AVADI,MOOR MARKET,Monday,Weekday
43003,MMC-AVD EMU,MOOR MARKET,AVADI,Sunday,Weekend
43005,MMC-AVD EMU,MOOR MARKET,AVADI,Sunday,Weekend
43006,AVD-MMC EMU,AVADI,MOOR MARKET,Thursday,Weekday
43007,MMC-AVD EMU,MOOR MARKET,AVADI,Tuesday,Weekday
43008,AVD-MMC EMU,AVADI,MOOR MARKET,Sunday,Weekend
43009,MMC-AVD EMU,MOOR MARKET,AVADI,Thursday,Weekday
43011,MMC-AVD EMU,MOOR MARKET,AVADI,Friday,Weekday
43013,MMC-AVD EMU,MOOR MARKET,AVADI,Saturday,Weekend
43014,AVD-MMC EMU,AVADI,MOOR MARKET,Friday,Weekday
43015,MMC-AVD EMU,MOOR MARKET,AVADI,Monday,Weekday
43016,AVD-MMC EMU,AVADI,MOOR MARKET,Saturday,Weekend
43017,MMC-AVD EMU,MOOR MARKET,AVADI,Sunday,Weekend
43018,AVD-MMC EMU,AVADI,MOOR MARKET,Monday,Weekday
43019,MMC-AVD EMU,MOOR MARKET,AVADI,Thursday,Weekday
43020,AVD-MMC EMU,AVADI,MOOR MARKET,Thursday,Weekday
43021,MMC-AVD EMU,MOOR MARKET,AVADI,Sunday,Weekend
43022,AVD-MMC EMU,AVADI,MOOR MARKET,Saturday,Weekend
43023,MMCC-AVD EMU,MOOR MARKET,AVADI,Sunday,Weekend
43025,MMCC-AVD,MOOR MARKET,AVADI,Thursday,Weekday
43029,MMCC-AVD,MOOR MARKET,AVADI,Monday,Weekday
43101,MMC-PTMS EMU,MOOR MARKET,PATTABIRAM E DEPOT,Sunday,Weekend
43102,PTMS-MMC EMU,PATTABIRAM E DEPOT,MOOR MARKET,Friday,Weekday
43103,MMC-PTMS EMU,MOOR MARKET,PATTABIRAM E DEPOT,Tuesday,Weekday
43104,PTMS-MMC EMU,PATTABIRAM E DEPOT,MOOR MARKET,Wednesday,Weekday
43105,MMC-PTMS EMU,MOOR MARKET,PATTABIRAM E DEPOT,Thursday,Weekday
43106,PTMS-MMC EMU,PATTABIRAM E DEPOT,MOOR MARKET,Thursday,Weekday
43107,MMC-PTMS EMU,MOOR MARKET,PATTABIRAM E DEPOT,Wednesday,Weekday
43108,PTMS-MMC EMU,PATTABIRAM E DEPOT,MOOR MARKET,Wednesday,Weekday
43109,MMC-PTMS EMU,MOOR MARKET,PATTABIRAM E DEPOT,Monday,Weekday
43110,PTMS-MMC EMU,PATTABIRAM E DEPOT,MOOR MARKET,Thursday,Weekday
43111,MMC-PTMS EMU,MOOR MARKET,PATTABIRAM E DEPOT,Monday,Weekday
43112,PTMS-MMC EMU,PATTABIRAM E DEPOT,MOOR MARKET,Saturday,Weekend
43113,MMC-PTMS EMU,MOOR MARKET,PATTABIRAM E DEPOT,Friday,Weekday
43114,PTMS-MMC EMU,PATTABIRAM E DEPOT,MOOR MARKET,Saturday,Weekend
43115,MMC-PTMS EMU,MOOR MARKET,PATTABIRAM E DEPOT,Wednesday,Weekday
43116,PTMS-MMC EMU,PATTABIRAM E DEPOT,MOOR MARKET,Friday,Weekday
43117,MMC-PTMS EMU,MOOR MARKET,PATTABIRAM E DEPOT,Sunday,Weekend
43118,PTMS-MMC EMU,PATTABIRAM E DEPOT,MOOR MARKET,Monday,Weekday
43119,MMC-PTMS EMU,MOOR MARKET,PATTABIRAM E DEPOT,Tuesday,Weekday
43120,PTMS-MMC EMU,PATTABIRAM E DEPOT,MOOR MARKET,Thursday,Weekday
43121,MMC-PTMS EMU,MOOR MARKET,PATTABIRAM E DEPOT,Monday,Weekday
43122,PTMS-MMC EMU,PATTABIRAM E DEPOT,MOOR MARKET,Saturday,Weekend
43123,MMC-PTMS EMU,MOOR MARKET,PATTABIRAM E DEPOT,Monday,Weekday
43124,PTMS-MMC EMU,PATTABIRAM E DEPOT,MOOR MARKET,Friday,Weekday
43125,MMC-PTMS EMU,MOOR MARKET,PATTABIRAM E DEPOT,Sunday,Weekend
43126,PTMS-MMC EMU,PATTABIRAM E DEPOT,MOOR MARKET,Friday,Weekday
43127,MMC-PTMS EMU,MOOR MARKET,PATTABIRAM E DEPOT,Saturday,Weekend
43128,PTMS-MMC EMU,PATTABIRAM E DEPOT,MOOR MARKET,Wednesday,Weekday
43130,PTMS-MMC EMU,PATTABIRAM E DEPOT,MOOR MARKET,Thursday,Weekday
43132,PTMS-MMC EMU,PATTABIRAM E DEPOT,MOOR MARKET,Saturday,Weekend
43201,MMC-TRL EMU,MOOR MARKET,TIRUVALLUR,Monday,Weekday
43202,TRL-MMC EMU,TIRUVALLUR,MOOR MARKET,Friday,Weekday
43203,MMC-TRL EMU,MOOR MARKET,TIRUVALLUR,Sunday,Weekend
43204,TRL-MMC EMU,TIRUVALLUR,MOOR MARKET,Tuesday,Weekday
43205,MMC-TRL EMU,MOOR MARKET,TIRUVALLUR,Friday,Weekday
43206,TRL-MMC EMU,TIRUVALLUR,MOOR MARKET,Monday,Weekday
43207,MMC-TRL EMU,MOOR MARKET,TIRUVALLUR,Thursday,Weekday
43208,TRL-MMC EMU,TIRUVALLUR,MOOR MARKET,Sunday,Weekend
43209,MMC-TRL EMU,MOOR MARKET,TIRUVALLUR,Friday,Weekday
43210,TRL-MMC EMU,TIRUVALLUR,MOOR MARKET,Monday,Weekday
43211,MMC-TRL EMU,MOOR MARKET,TIRUVALLUR,Wednesday,Weekday
43212,TRL-MMC EMU,TIRUVALLUR,MOOR MARKET,Monday,Weekday
43213,MMC-TRL EMU,MOOR MARKET,TIRUVALLUR,Thursday,Weekday
43214,TRL-MMC EMU,TIRUVALLUR,MOOR MARKET,Friday,Weekday
43215,MMC-TRL EMU,MOOR MARKET,TIRUVALLUR,Tuesday,Weekday
43216,TRL-MMC EMU,TIRUVALLUR,MOOR MARKET,Tuesday,Weekday
43217,MMC-TRL EMU,MOOR MARKET,TIRUVALLUR,Saturday,Weekend
43218,TRL-MMC EMU,TIRUVALLUR,MOOR MARKET,Friday,Weekday
43219,MMC-TRL EMU,MOOR MARKET,TIRUVALLUR,Thursday,Weekday
43220,TRL-MMC EMU,TIRUVALLUR,MOOR MARKET,Wednesday,Weekday
43221,MMC-TRL EMU,MOOR MARKET,TIRUVALLUR,Tuesday,Weekday
43222,TRL-MMC EMU,TIRUVALLUR,MOOR MARKET,Saturday,Weekend
43223,MMC-TRL EMU,MOOR MARKET,TIRUVALLUR,Friday,Weekday
43224,TRL-MMC EMU,TIRUVALLUR,MOOR MARKET,Thursday,Weekday
43225,MMC-TRL EMU,MOOR MARKET,TIRUVALLUR,Tuesday,Weekday
43226,TRL-MMC EMU,TIRUVALLUR,MOOR MARKET,Friday,Weekday
43227,MMC-TRL EMU,MOOR MARKET,TIRUVALLUR,Tuesday,Weekday
43228,TRL-MMC EMU,TIRUVALLUR,MOOR MARKET,Thursday,Weekday
43229,MMC-TRL EMU,MOOR MARKET,TIRUVALLUR,Friday,Weekday
43230,TRL-MMC EMU,TIRUVALLUR,MOOR MARKET,Sunday,Weekend
43231,MMC-TRL EMU,MOOR MARKET,TIRUVALLUR,Tuesday,Weekday
43232,TRL-MMC EMU,TIRUVALLUR,MOOR MARKET,Thursday,Weekday
43233,MMC-TRL EMU,MOOR MARKET,TIRUVALLUR,Tuesday,Weekday
43234,TRL-MMC EMU,TIRUVALLUR,MOOR MARKET,Friday,Weekday
43235,MMC-TRL EMU,MOOR MARKET,TIRUVALLUR,Saturday,Weekend
43236,TRL-MMC EMU,TIRUVALLUR,MOOR MARKET,Thursday,Weekday
43237,MMC-TRL EMU,MOOR MARKET,TIRUVALLUR,Monday,Weekday
43238,TRL-MMC EMU,TIRUVALLUR,MOOR MARKET,Monday,Weekday
43239,MMC-TRL EMU,MOOR MARKET,TIRUVALLUR,Monday,Weekday
43240,TRL-MMC EMU,TIRUVALLUR,MOOR MARKET,Wednesday,Weekday
43241,MMC-TRL EMU,MOOR MARKET,TIRUVALLUR,Friday,Weekday
43242,TRL-MMC EMU,TIRUVALLUR,MOOR MARKET,Tuesday,Weekday
43243,MMC-TRL EMU,MOOR MARKET,TIRUVALLUR,Friday,Weekday
43244,TRL-MMC EMU,TIRUVALLUR,MOOR MARKET,Thursday,Weekday
43245,MMC-TRL EMU,MOOR MARKET,TIRUVALLUR,Monday,Weekday
43246,TRL-MMC EMU,TIRUVALLUR,MOOR MARKET,Friday,Weekday
43247,MMC-TRL EMU,MOOR MARKET,TIRUVALLUR,Tuesday,Weekday
43248,TRL-MMC EMU,TIRUVALLUR,MOOR MARKET,Saturday,Weekend
43250,TRL-MMC EMU,TIRUVALLUR,MOOR MARKET,Wednesday,Weekday
43251,MMC-TRL EMU,MOOR MARKET,TIRUVALLUR,Sunday,Weekend
43252,TRL-MMC EMU,TIRUVALLUR,MOOR MARKET,Sunday,Weekend
43253,MMC-TRL EMU,MOOR MARKET,TIRUVALLUR,Thursday,Weekday
43254,TRL-MMC EMU,TIRUVALLUR,MOOR MARKET,Wednesday,Weekday
43255,MMC-TRL EMU,MOOR MARKET,TIRUVALLUR,Thursday,Weekday
43256,TRL-MMC EMU,TIRUVALLUR,MOOR MARKET,Thursday,Weekday
43257,MMC-TRL,MOOR MARKET,TIRUVALLUR,Sunday,Weekend
43258,TRL-MMC EMU,TIRUVALLUR,MOOR MARKET,Friday,Weekday
43260,TRL-MMC EMU,TIRUVALLUR,MOOR MARKET,Sunday,Weekend
43401,MMC-AJJ EMU,MOOR MARKET,ARAKKONAM JN,Monday,Weekday
43402,AJJ-MMC EMU,ARAKKONAM JN,MOOR MARKET,Friday,Weekday
43403,MMC-AJJ EMU,MOOR MARKET,ARAKKONAM JN,Saturday,Weekend
43404,AJJ-MMC EMU,ARAKKONAM JN,MOOR MARKET,Saturday,Weekend
43405,MMC-AJJ EMU,MOOR MARKET,ARAKKONAM JN,Monday,Weekday
43406,AJJ-MMC EMU,ARAKKONAM JN,MOOR MARKET,Sunday,Weekend
43407,MMC-AJJ EMU,MOOR MARKET,ARAKKONAM JN,Monday,Weekday
43408,AJJ-MMC EMU,ARAKKONAM JN,MOOR MARKET,Sunday,Weekend
43409,MMC-AJJ EMU,MOOR MARKET,ARAKKONAM JN,Monday,Weekday
43410,AJJ-MMC EMU,ARAKKONAM JN,MOOR MARKET,Thursday,Weekday
43411,MMC-AJJ EMU,MOOR MARKET,ARAKKONAM JN,Friday,Weekday
43412,AJJ-MMC EMU,ARAKKONAM JN,MOOR MARKET,Wednesday,Weekday
43413,MMC-AJJ EMU,MOOR MARKET,ARAKKONAM JN,Tuesday,Weekday
43414,AJJ-MMC EMU,ARAKKONAM JN,MOOR MARKET,Tuesday,Weekday
43415,MMC-AJJ EMU,MOOR MARKET,ARAKKONAM JN,Tuesday,Weekday
43418,AJJ-MMC EMU,ARAKKONAM JN,MOOR MARKET,Tuesday,Weekday
43419,MMC-AJJ EMU,MOOR MARKET,ARAKKONAM JN,Thursday,Weekday
43420,AJJ-MMC EMU,ARAKKONAM JN,MOOR MARKET,Sunday,Weekend
43421,MMC-AJJ EMU,MOOR MARKET,ARAKKONAM JN,Friday,Weekday
43422,AJJ-MMC EMU,ARAKKONAM JN,MOOR MARKET,Monday,Weekday
43423,MMCC-AJJ,MOOR MARKET,ARAKKONAM JN,Thursday,Weekday
43424,AJJ-MMC EMU,ARAKKONAM JN,MOOR MARKET,Thursday,Weekday
43425,MMC-AJJ EMU,MOOR MARKET,ARAKKONAM JN,Monday,Weekday
43426,AJJ-MMC EMU,ARAKKONAM JN,MOOR MARKET,Monday,Weekday
43427,MMC-AJJ EMU,MOOR MARKET,ARAKKONAM JN,Tuesday,Weekday
43428,AJJ-MMC EMU,ARAKKONAM JN,MOOR MARKET,Sunday,Weekend
43429,MMC-AJJ EMU,MOOR MARKET,ARAKKONAM JN,Wednesday,Weekday
43430,AJJ-MMC EMU,ARAKKONAM JN,MOOR MARKET,Tuesday,Weekday
43431,MMC-AJJ EMU,MOOR MARKET,ARAKKONAM JN,Sunday,Weekend
43433,MMC-AJJ EMU,MOOR MARKET,ARAKKONAM JN,Friday,Weekday
43434,AJJ-MMC EMU,ARAKKONAM JN,MOOR MARKET,Friday,Weekday
43435,MMC-AJJ EMU,MOOR MARKET,ARAKKONAM JN,Wednesday,Weekday
43436,AJJ-MMC EMU,ARAKKONAM JN,MOOR MARKET,Monday,Weekday
43437,MMC-AJJ EMU,MOOR MARKET,ARAKKONAM JN,Friday,Weekday
43438,MMC-AJJ EMU,ARAKKONAM JN,MOOR MARKET,Saturday,Weekend
43439,MMCC-AJJ,MOOR MARKET,ARAKKONAM JN,Wednesday,Weekday
43501,MAS-TRT EMU,MOOR MARKET,TIRUTTANI,Saturday,Weekend
43502,TRT-MMC EMU,TIRUTTANI,MOOR MARKET,Saturday,Weekend
43503,MMC-TRT EMU,MOOR MARKET,TIRUTTANI,Sunday,Weekend
43504,TRT-MMC EMU,TIRUTTANI,MOOR MARKET,Tuesday,Weekday
43505,MMC-TRT EMU,MOOR MARKET,TIRUTTANI,Monday,Weekday
43506,TRT-MMC EMU,TIRUTTANI,MOOR MARKET,Saturday,Weekend
43507,MMC-TRT EMU,MOOR MARKET,TIRUTTANI,Wednesday,Weekday
43508,TRT-MMC EMU,TIRUTTANI,MOOR MARKET,Tuesday,Weekday
43509,MMC-TRT EMU,MOOR MARKET,TIRUTTANI,Saturday,Weekend
43510,TRT-MMC EMU,TIRUTTANI,MOOR MARKET,Monday,Weekday
43511,MMC-TRT EMU,MOOR MARKET,TIRUTTANI,Friday,Weekday
43512,TRT-MMC EMU,TIRUTTANI,MOOR MARKET,Tuesday,Weekday
43513,MMC-TRT EMU,MOOR MARKET,TIRUTTANI,Sunday,Weekend
43514,TRT-MMC EMU,TIRUTTANI,MOOR MARKET,Thursday,Weekday
43515,MMC-TRT EMU,MOOR MARKET,TIRUTTANI,Thursday,Weekday
43516,TRT-MMC EMU,TIRUTTANI,MOOR MARKET,Friday,Weekday
43517,MMC-TRT EMU,MOOR MARKET,TIRUTTANI,Sunday,Weekend
43518,TRT-MMC EMU,TIRUTTANI,MOOR MARKET,Sunday,Weekend
43520,TRT-MMC EMU,TIRUTTANI,MOOR MARKET,Sunday,Weekend
43551,AJJ-TRT EMU,ARAKKONAM JN,TIRUTTANI,Wednesday,Weekday
43552,TRT-AJJ EMU,TIRUTTANI,ARAKKONAM JN,Sunday,Weekend
43553,AJJ-TRT EMU,ARAKKONAM JN,TIRUTTANI,Tuesday,Weekday
43554,TRT-AJJ EMU,TIRUTTANI,ARAKKONAM JN,Saturday,Weekend
43556,TRT-AJJ EMU,TIRUTTANI,ARAKKONAM JN,Sunday,Weekend
43601,MSB-AVD EMU,CHENNAI BEACH,AVADI,Tuesday,Weekday
43602,AVD-MSB EMU,AVADI,CHENNAI BEACH,Monday,Weekday
43603,MSB-AVD EMU,CHENNAI BEACH,AVADI,Monday,Weekday
43604,AVD-MSB EMU,AVADI,CHENNAI BEACH,Wednesday,Weekday
43605,MSB-AVD EMU,CHENNAI BEACH,AVADI,Friday,Weekday
43606,AVD-MSB EMU,AVADI,CHENNAI BEACH,Thursday,Weekday
43607,MSB-AVD EMU,CHENNAI BEACH,AVADI,Monday,Weekday
43608,AVD-MSB EMU,AVADI,CHENNAI BEACH,Friday,Weekday
43610,AVD-MSB EMU,AVADI,CHENNAI BEACH,Monday,Weekday
43611,MSB-AVD EMU,CHENNAI BEACH,AVADI,Wednesday,Weekday
43612,AVD-MSB EMU,AVADI,CHENNAI BEACH,Thursday,Weekday
43613,MSB-AVD EMU,CHENNAI BEACH,AVADI,Friday,Weekday
43614,AVD-MSB EMU,AVADI,CHENNAI BEACH,Thursday,Weekday
43615,MSB-AVD EMU,CHENNAI BEACH,AVADI,Tuesday,Weekday
43616,AVD-MSB EMU,AVADI,CHENNAI BEACH,Wednesday,Weekday
43618,AVD-MSB EMU,AVADI,CHENNAI BEACH,Tuesday,Weekday
43620,AVD-MSB EMU,AVADI,CHENNAI BEACH,Wednesday,Weekday
43622,AVD-MSB EMU,AVADI,CHENNAI BEACH,Sunday,Weekend
43650,AVD-MSB EMU,AVADI,CHENNAI BEACH,Friday,Weekday
43651,VLCY-AVD EMU,VELACHEERY,AVADI,Friday,Weekday
43652,AVD-VLCY LOC,AVADI,VELACHEERY,Saturday,Weekend
43653,VLCY-AVD EMU,VELACHEERY,AVADI,Friday,Weekday
43654,AVD-VLCY LOC,AVADI,VELACHEERY,Saturday,Weekend
43655,VLCY-AVD LOC,VELACHEERY,AVADI,Sunday,Weekend
43656,AVD-VLCY LOC,AVADI,VELACHEERY,Friday,Weekday
43657,VLCY-AVD LOC,VELACHEERY,AVADI,Friday,Weekday
43658,AVD-VLCY LOC,AVADI,VELACHEERY,Friday,Weekday
43659,VLCY-AVD LOC,VELACHEERY,AVADI,Friday,Weekday
43660,AVD-VLCY LOC,AVADI,VELACHEERY,Monday,Weekday
43661,VLCY-AVD LOC,VELACHEERY,AVADI,Wednesday,Weekday
43662,AVD-VLCY LOC,AVADI,VELACHEERY,Monday,Weekday
43663,VLCY-AVD LOC,VELACHEERY,AVADI,Tuesday,Weekday
43664,AVD-VLCY LOC,AVADI,VELACHEERY,Saturday,Weekend
43666,AVD-VLCY LOC,AVADI,VELACHEERY,Friday,Weekday
43668,AVD-VLCY LOC,AVADI,VELACHEERY,Wednesday,Weekday
43670,AVD-VLCY LOC,AVADI,VELACHEERY,Thursday,Weekday
43672,AVD-VLCY LOC,AVADI,VELACHEERY,Sunday,Weekend
43674,AVD-VLCY LOC,AVADI,VELACHEERY,Monday,Weekday
43701,MSB-TRL EMU,CHENNAI BEACH,TIRUVALLUR,Sunday,Weekend
43702,TRL-MSB EMU,TIRUVALLUR,CHENNAI BEACH,Wednesday,Weekday
43703,MSB-TRL EMU,CHENNAI BEACH,TIRUVALLUR,Tuesday,Weekday
43704,TRL-MSB EMU,TIRUVALLUR,CHENNAI BEACH,Monday,Weekday
43705,MSB-TRL EMU,CHENNAI BEACH,TIRUVALLUR,Wednesday,Weekday
43706,TRL-MSB EMU,TIRUVALLUR,CHENNAI BEACH,Thursday,Weekday
43707,MSB-TRL EMU,CHENNAI BEACH,TIRUVALLUR,Saturday,Weekend
43708,TRL-MSB EMU,TIRUVALLUR,CHENNAI BEACH,Wednesday,Weekday
43709,MSB-TRL EMU,CHENNAI BEACH,TIRUVALLUR,Sunday,Weekend
43710,TRL-MSB EMU,TIRUVALLUR,CHENNAI BEACH,Friday,Weekday
43711,MSB-TRL EMU,CHENNAI BEACH,TIRUVALLUR,Monday,Weekday
43713,MSB-TRL EMU,CHENNAI BEACH,TIRUVALLUR,Monday,Weekday
43715,MSB-TRL LOCA,CHENNAI BEACH,TIRUVALLUR,Tuesday,Weekday
43751,MSB-PTMS EMU,CHENNAI BEACH,PATTABIRAM E DEPOT,Friday,Weekday
43752,PTMS-MSB EMU,PATTABIRAM E DEPOT,CHENNAI BEACH,Sunday,Weekend
43753,MSB-PTMS EMU,CHENNAI BEACH,PATTABIRAM E DEPOT,Monday,Weekday
43754,PTMS-MSB EMU,PATTABIRAM E DEPOT,CHENNAI BEACH,Friday,Weekday
43755,MSB-PTMS EMU,CHENNAI BEACH,PATTABIRAM E DEPOT,Wednesday,Weekday
43757,MSB-PTMS EMU,CHENNAI BEACH,PATTABIRAM E DEPOT,Friday,Weekday
43761,VLCY-TRL LOC,VELACHEERY,TIRUVALLUR,Tuesday,Weekday
43762,TRL-VLCY LOC,TIRUVALLUR,VELACHEERY,Wednesday,Weekday
43763,VLCY-TRL LOC,VELACHEERY,TIRUVALLUR,Friday,Weekday
43764,TRL-VLCY LOC,TIRUVALLUR,VELACHEERY,Sunday,Weekend
43765,VLCY-TRL LOC,VELACHEERY,TIRUVALLUR,Friday,Weekday
43766,TRL-VLCY LOC,TIRUVALLUR,VELACHEERY,Wednesday,Weekday
43767,VLCY-TRL LOC,VELACHEERY,TIRUVALLUR,Sunday,Weekend
43768,TRL-VLCY LOC,TIRUVALLUR,VELACHEERY,Monday,Weekday
43769,VLCY-TRL LOC,VELACHEERY,TIRUVALLUR,Friday,Weekday
43770,TRL-VLCY LOC,TIRUVALLUR,VELACHEERY,Tuesday,Weekday
43771,VLCY-TRL LOC,VELACHEERY,TIRUVALLUR,Tuesday,Weekday
43773,VLCY-TRL LOC,VELACHEERY,TIRUVALLUR,Saturday,Weekend
43791,VLCY-PTMS LO,VELACHEERY,PATTABIRAM E DEPOT,Sunday,Weekend
43792,PTMS-VLCY LO,PATTABIRAM E DEPOT,VELACHEERY,Saturday,Weekend
43793,VLCY-PTMS LO,VELACHEERY,PATTABIRAM E DEPOT,Sunday,Weekend
43794,PTMS-VLCY LO,PATTABIRAM E DEPOT,VELACHEERY,Thursday,Weekday
43795,VLCY-PTMS LO,VELACHEERY,PATTABIRAM E DEPOT,Monday,Weekday
43797,VLCY-PTMS LO,VELACHEERY,PATTABIRAM E DEPOT,Sunday,Weekend
43801,MSB-AJJ EMU,CHENNAI BEACH,ARAKKONAM JN,Tuesday,Weekday
43802,AJJ-MSB EMU,ARAKKONAM JN,CHENNAI BEACH,Saturday,Weekend
43803,MSB-AJJ EMU,CHENNAI BEACH,ARAKKONAM JN,Wednesday,Weekday
43804,AJJ-MSB EMU,ARAKKONAM JN,CHENNAI BEACH,Monday,Weekday
43805,MSB-AJJ EMU,CHENNAI BEACH,ARAKKONAM JN,Saturday,Weekend
43806,AJJ-MSB  EMU,ARAKKONAM JN,CHENNAI BEACH,Tuesday,Weekday
43820,TRT-MSB EMU,TIRUTTANI,CHENNAI BEACH,Sunday,Weekend
43821,MSB-TRT EMU,CHENNAI BEACH,TIRUTTANI,Saturday,Weekend
43823,MSB-TRT FAST,CHENNAI BEACH,TIRUTTANI,Tuesday,Weekday
43831,AVD-TRL EMU,AVADI,TIRUVALLUR,Tuesday,Weekday
43832,TRL-AVD EMU,TIRUVALLUR,AVADI,Tuesday,Weekday
43841,AVD-AJJ EMU,AVADI,ARAKKONAM JN,Wednesday,Weekday
43842,AJJ-AVD EMU,ARAKKONAM JN,AVADI,Wednesday,Weekday
43844,AJJ-AVD EMU,ARAKKONAM JN,AVADI,Saturday,Weekend
43847,AVD-TRT EMU,AVADI,TIRUTTANI,Friday,Weekday
43851,PON-TRL EMU,PONNERI,TIRUVALLUR,Monday,Weekday
43852,TRL-PON EMU,TIRUVALLUR,PONNERI,Sunday,Weekend
43861,ENR-TRL EMU,ENNORE,TIRUVALLUR,Sunday,Weekend
43872,PAB-MMC EMU,PATTABIRAM EAST CABIN,MOOR MARKET,Sunday,Weekend
43882,TI-MMC EMU L,TIRUNINRAVUR,MOOR MARKET,Monday,Weekday
43891,AVD-PTMS EMU,AVADI,PATTABIRAM E DEPOT,Monday,Weekday
43892,PTMS-AVD EMU,PATTABIRAM E DEPOT,AVADI,Friday,Weekday
43901,MMC-KBT EMU,MOOR MARKET,KADAMBATTUR,Tuesday,Weekday
43902,KBT-MMC EMU,KADAMBATTUR,MOOR MARKET,Wednesday,Weekday
43903,MMC-KBT EMU,MOOR MARKET,KADAMBATTUR,Thursday,Weekday
43904,KBT-MMC EMU,KADAMBATTUR,MOOR MARKET,Wednesday,Weekday
43912,KBT-MSB,KADAMBATTUR,CHENNAI BEACH,Monday,Weekday
43921,TRL-KBT EMU,TIRUVALLUR,KADAMBATTUR,Tuesday,Weekday
43932,AJJ-VLCY EMU,ARAKKONAM JN,VELACHEERY,Sunday,Weekend
43934,AJJ-VLCY LOC,ARAKKONAM JN,VELACHEERY,Thursday,Weekday
43936,AJJ-VLCY LOC,ARAKKONAM JN,VELACHEERY,Sunday,Weekend
43938,AJJ-VLCY LOC,ARAKKONAM JN,VELACHEERY,Tuesday,Weekday
43941,VLCY-TRT EMU,VELACHEERY,TIRUTTANI,Wednesday,Weekday
43942,TRT-VLCY LOC,TIRUTTANI,VELACHEERY,Wednesday,Weekday
43943,VLCY-TRT LOC,VELACHEERY,TIRUTTANI,Friday,Weekday
43952,KBT-VLCY LOC,KADAMBATTUR,VELACHEERY,Tuesday,Weekday
47100,HYB-LPI,HYDERABAD DECCAN,LINGAMPALLI,Sunday,Weekend
47101,HYB-LPI,HYDERABAD DECCAN,LINGAMPALLI,Wednesday,Weekday
47102,HYB-LPI,HYDERABAD DECCAN,LINGAMPALLI,Sunday,Weekend
47103,HYB-LPI,HYDERABAD DECCAN,LINGAMPALLI,Sunday,Weekend
47104,HYB-LPI,HYDERABAD DECCAN,LINGAMPALLI,Wednesday,Weekday
47105,HYB-LPI,HYDERABAD DECCAN,LINGAMPALLI,Saturday,Weekend
47106,HYB-LPI,HYDERABAD DECCAN,LINGAMPALLI,Tuesday,Weekday
47107,HYB-LPI,HYDERABAD DECCAN,LINGAMPALLI,Thursday,Weekday
47108,HYB-LPI,HYDERABAD DECCAN,LINGAMPALLI,Tuesday,Weekday
47109,HYB-LPI,HYDERABAD DECCAN,LINGAMPALLI,Thursday,Weekday
47110,HYB-LPI,HYDERABAD DECCAN,LINGAMPALLI,Friday,Weekday
47111,HYB-LPI,HYDERABAD DECCAN,LINGAMPALLI,Wednesday,Weekday
47112,HYB-LPI,HYDERABAD DECCAN,LINGAMPALLI,Thursday,Weekday
47113,HYB-LPI,HYDERABAD DECCAN,LINGAMPALLI,Tuesday,Weekday
47114,HYB-LPI,HYDERABAD DECCAN,LINGAMPALLI,Tuesday,Weekday
47115,HYB-LPI,HYDERABAD DECCAN,LINGAMPALLI,Friday,Weekday
47116,HYB-LPI,HYDERABAD DECCAN,LINGAMPALLI,Monday,Weekday
47117,HYB-LPI,HYDERABAD DECCAN,LINGAMPALLI,Wednesday,Weekday
47118,HYB-LPI,HYDERABAD DECCAN,LINGAMPALLI,Monday,Weekday
47119,HYB-LPI,HYDERABAD DECCAN,LINGAMPALLI,Tuesday,Weekday
47120,HYB-LPI,HYDERABAD DECCAN,LINGAMPALLI,Saturday,Weekend
47121,HYB-LPI,HYDERABAD DECCAN,LINGAMPALLI,Thursday,Weekday
47122,HYB-LPI,HYDERABAD DECCAN,LINGAMPALLI,Tuesday,Weekday
47123,HYB-LPI,HYDERABAD DECCAN,LINGAMPALLI,Wednesday,Weekday
47124,HYB-LPI,HYDERABAD DECCAN,LINGAMPALLI,Monday,Weekday
47125,HYB-LPI,HYDERABAD DECCAN,LINGAMPALLI,Monday,Weekday
47126,LPI-HYB,LINGAMPALLI,HYDERABAD DECCAN,Saturday,Weekend
47127,LPI-HYB,LINGAMPALLI,HYDERABAD DECCAN,Saturday,Weekend
47128,LPI-HYB,LINGAMPALLI,HYDERABAD DECCAN,Monday,Weekday
47129,LPI-HYB,LINGAMPALLI,HYDERABAD DECCAN,Tuesday,Weekday
47130,LPI-HYB,LINGAMPALLI,HYDERABAD DECCAN,Friday,Weekday
47131,LPI-HYB,LINGAMPALLI,HYDERABAD DECCAN,Saturday,Weekend
47132,LPI-HYB,LINGAMPALLI,HYDERABAD DECCAN,Sunday,Weekend
47133,HYB-LPI,LINGAMPALLI,HYDERABAD DECCAN,Sunday,Weekend
47134,LPI-HYB,LINGAMPALLI,HYDERABAD DECCAN,Wednesday,Weekday
47135,LPI-HYB,LINGAMPALLI,HYDERABAD DECCAN,Friday,Weekday
47136,LPI-HYB,LINGAMPALLI,HYDERABAD DECCAN,Monday,Weekday
47137,LPI-HYB,LINGAMPALLI,HYDERABAD DECCAN,Saturday,Weekend
47138,LPI-HYB,LINGAMPALLI,HYDERABAD DECCAN,Wednesday,Weekday
47139,LPI-HYB,LINGAMPALLI,HYDERABAD DECCAN,Sunday,Weekend
47140,LPI-HYB,LINGAMPALLI,HYDERABAD DECCAN,Tuesday,Weekday
47141,LPI-HYB,LINGAMPALLI,HYDERABAD DECCAN,Wednesday,Weekday
47142,HYB-LPI,LINGAMPALLI,HYDERABAD DECCAN,Saturday,Weekend
47143,LPI-HYB,LINGAMPALLI,HYDERABAD DECCAN,Sunday,Weekend
47144,LPI-HYB,LINGAMPALLI,HYDERABAD DECCAN,Friday,Weekday
47145,LPI-HYB,LINGAMPALLI,HYDERABAD DECCAN,Friday,Weekday
47146,LPI-HYB,LINGAMPALLI,HYDERABAD DECCAN,Thursday,Weekday
47147,LPI-HYB,LINGAMPALLI,HYDERABAD DECCAN,Tuesday,Weekday
47148,HYB-LPI,LINGAMPALLI,HYDERABAD DECCAN,Thursday,Weekday
47149,FM-LPI,FALAKNUMA,LINGAMPALLI,Thursday,Weekday
47150,FM-LPI,FALAKNUMA,LINGAMPALLI,Sunday,Weekend
47151,FM-LPI,FALAKNUMA,LINGAMPALLI,Saturday,Weekend
47152,FM-LPI,FALAKNUMA,LINGAMPALLI,Friday,Weekday
47153,FM-LPI,FALAKNUMA,LINGAMPALLI,Wednesday,Weekday
47154,FM-LPI,FALAKNUMA,LINGAMPALLI,Friday,Weekday
47155,FM-LPI,FALAKNUMA,LINGAMPALLI,Monday,Weekday
47156,FM-LPI,FALAKNUMA,LINGAMPALLI,Thursday,Weekday
47157,FM-LPI,FALAKNUMA,LINGAMPALLI,Thursday,Weekday
47158,FM-LPI,FALAKNUMA,LINGAMPALLI,Wednesday,Weekday
47159,LPI-SC,LINGAMPALLI,FALAKNUMA,Friday,Weekday
47160,FM-LPI,FALAKNUMA,LINGAMPALLI,Tuesday,Weekday
47161,FM-LPI,FALAKNUMA,LINGAMPALLI,Sunday,Weekend
47162,FM-LPI,FALAKNUMA,LINGAMPALLI,Thursday,Weekday
47163,FM-LPI,FALAKNUMA,LINGAMPALLI,Thursday,Weekday
47164,FM-LPI,FALAKNUMA,LINGAMPALLI,Sunday,Weekend
47165,FM-LPI,FALAKNUMA,LINGAMPALLI,Friday,Weekday
47166,FM-LPI,FALAKNUMA,LINGAMPALLI,Friday,Weekday
47167,FM-LPI,FALAKNUMA,LINGAMPALLI,Wednesday,Weekday
47168,FM-SC,FALAKNUMA,SECUNDERABAD JN.,Saturday,Weekend
47169,FM-LPI,FALAKNUMA,LINGAMPALLI,Monday,Weekday
47170,FM-LPI,FALAKNUMA,LINGAMPALLI,Tuesday,Weekday
47171,LPI-FM,LINGAMPALLI,FALAKNUMA,Monday,Weekday
47172,SC-FM,SECUNDERABAD JN.,FALAKNUMA,Tuesday,Weekday
47173,LPI-FM,LINGAMPALLI,FALAKNUMA,Friday,Weekday
47174,LPI-FM,LINGAMPALLI,FALAKNUMA,Friday,Weekday
47175,LPI-FM,LINGAMPALLI,FALAKNUMA,Thursday,Weekday
47176,LPI-SC,LINGAMPALLI,FALAKNUMA,Monday,Weekday
47177,LPI-FM,LINGAMPALLI,FALAKNUMA,Wednesday,Weekday
47178,LPI-FM,LINGAMPALLI,FALAKNUMA,Saturday,Weekend
47179,LPI-FM,LINGAMPALLI,FALAKNUMA,Sunday,Weekend
47180,LPI-FM,LINGAMPALLI,FALAKNUMA,Friday,Weekday
47181,LPI-FM,LINGAMPALLI,FALAKNUMA,Wednesday,Weekday
47182,LPI-FM,LINGAMPALLI,FALAKNUMA,Tuesday,Weekday
47183,LPI-FM,LINGAMPALLI,FALAKNUMA,Sunday,Weekend
47184,LPI-FM,LINGAMPALLI,FALAKNUMA,Friday,Weekday
47185,LPI-FM,LINGAMPALLI,FALAKNUMA,Friday,Weekday
47186,LPI-FM,LINGAMPALLI,FALAKNUMA,Sunday,Weekend
47187,LPI-FM,LINGAMPALLI,FALAKNUMA,Saturday,Weekend
47188,LPI-FM,LINGAMPALLI,FALAKNUMA,Friday,Weekday
47189,LPI-FM,LINGAMPALLI,FALAKNUMA,Friday,Weekday
47190,LPI-FM,LINGAMPALLI,FALAKNUMA,Wednesday,Weekday
47191,LPI-FM,LINGAMPALLI,FALAKNUMA,Saturday,Weekend
47192,LPI-FM,LINGAMPALLI,FALAKNUMA,Sunday,Weekend
47193,LPI-SC,LINGAMPALLI,FALAKNUMA,Thursday,Weekday
47194,LPI-FM,LINGAMPALLI,FALAKNUMA,Thursday,Weekday
47195,LPI-SC,LINGAMPALLI,SECUNDERABAD JN.,Friday,Weekday
47196,SC-HYB,SECUNDERABAD JN.,HYDERABAD DECCAN,Saturday,Weekend
47197,FM-HYB,FALAKNUMA,HYDERABAD DECCAN,Tuesday,Weekday
47198,FM-SC,FALAKNUMA,LINGAMPALLI,Wednesday,Weekday
47199,FM-HYB,FALAKNUMA,HYDERABAD DECCAN,Tuesday,Weekday
47200,FM-HYB,FALAKNUMA,HYDERABAD DECCAN,Sunday,Weekend
47201,FM-HYB,FALAKNUMA,HYDERABAD DECCAN,Tuesday,Weekday
47202,FM-HYB,FALAKNUMA,HYDERABAD DECCAN,Saturday,Weekend
47203,FM-SC,FALAKNUMA,LINGAMPALLI,Sunday,Weekend
47204,FM-SC,FALAKNUMA,SECUNDERABAD JN.,Saturday,Weekend
47205,SC-FM,SECUNDERABAD JN.,FALAKNUMA,Sunday,Weekend
47206,HYB-SC,HYDERABAD DECCAN,FALAKNUMA,Thursday,Weekday
47207,SC-FM,FALAKNUMA,LINGAMPALLI,Tuesday,Weekday
47208,HYB-FM,HYDERABAD DECCAN,FALAKNUMA,Sunday,Weekend
47209,HYB-FM,HYDERABAD DECCAN,FALAKNUMA,Wednesday,Weekday
47210,SC-FM,LINGAMPALLI,FALAKNUMA,Monday,Weekday
47211,MMTS,FALAKNUMA,LINGAMPALLI,Monday,Weekday
47212,MMTS-NEW-GEN,LINGAMPALLI,FALAKNUMA,Sunday,Weekend
47213,LPI-FM,LINGAMPALLI,FALAKNUMA,Monday,Weekday
47214,FM-LPI,FALAKNUMA,LINGAMPALLI,Tuesday,Weekday
47215,LPI-FM,LINGAMPALLI,FALAKNUMA,Sunday,Weekend
47216,FM-LPI,FALAKNUMA,LINGAMPALLI,Tuesday,Weekday
47217,LPI-FM,LINGAMPALLI,FALAKNUMA,Wednesday,Weekday
47218,FM-LPI,FALAKNUMA,LINGAMPALLI,Saturday,Weekend
47219,LPI-FM,LINGAMPALLI,FALAKNUMA,Saturday,Weekend
47220,FM-LPI,FALAKNUMA,LINGAMPALLI,Sunday,Weekend
50101,RATNAGIRI- M,RATNAGIRI,MADGOAN JN.,Saturday,Weekend
50102,MADGAON - RA,MADGOAN JN.,RATNAGIRI,Monday,Weekday
50103,RATNAGIRI PA,DADAR,RATNAGIRI,Thursday,Weekday
50104,RN DADAR PAS,RATNAGIRI,DADAR,Friday,Weekday
50105,DIVA SWV PAS,DIVA JN,SAWANTWADI ROAD,Friday,Weekday
50106,SWV DIVA PAS,SAWANTWADI ROAD,DIVA JN,Saturday,Weekend
50107,SWV-MAO PASS,SAWANTWADI ROAD,MADGOAN JN.,Tuesday,Weekday
50108,MAO-SWV PASS,MADGOAN JN.,SAWANTWADI ROAD,Saturday,Weekend
50119,DIVA-PNVL PA,DIVA JN,PANVEL,Wednesday,Weekday
50120,PNVL-DIVA PA,PANVEL,DIVA JN,Saturday,Weekend
51027,FAST PASSENG,CST-MUMBAI,PANDHARPUR,Saturday,Weekend
51028,FAST PASSENG,PANDHARPUR,CST-MUMBAI,Wednesday,Weekday
51029,BB BJP FAST,CST-MUMBAI,BIJAPUR JN,Thursday,Weekday
51030,BJP BB FAST,BIJAPUR JN,CST-MUMBAI,Thursday,Weekday
51033,SAINAGAR SHI,DAUND JN.,SAI NAGAR SHIRDI,Saturday,Weekend
51034,SAINAGAR SHI,SAI NAGAR SHIRDI,DAUND JN.,Wednesday,Weekday
51111,CSN DHI MIX,CHALISGAON JN.,DHULE,Saturday,Weekend
51112,DHI CSN MIX,DHULE,CHALISGAON JN.,Monday,Weekday
51113,CSN DHI MIX,CHALISGAON JN.,DHULE,Tuesday,Weekday
51114,DHI CSN MIX,DHULE,CHALISGAON JN.,Saturday,Weekend
51115,CSN DHI MIX,CHALISGAON JN.,DHULE,Thursday,Weekday
51116,DHI-CSN PASS,DHULE,CHALISGAON JN.,Sunday,Weekend
51135,BD AMI PASSE,BADNERA JN.,AMRAVATI,Tuesday,Weekday
51136,AMI BD PASS,AMRAVATI,BADNERA JN.,Saturday,Weekend
51137,BD AMI PASSE,BADNERA JN.,AMRAVATI,Tuesday,Weekday
51138,AMI BD PASS,AMRAVATI,BADNERA JN.,Wednesday,Weekday
51139,BD AMI PASSE,BADNERA JN.,AMRAVATI,Thursday,Weekday
51140,AMI BD PASS,AMRAVATI,BADNERA JN.,Tuesday,Weekday
51141,BD AMI PASSE,BADNERA JN.,AMRAVATI,Tuesday,Weekday
51142,AMI BD PASS,AMRAVATI,BADNERA JN.,Sunday,Weekend
51145,BD AMI MIXD,BADNERA JN.,AMRAVATI,Friday,Weekday
51146,AMI BD PASS,AMRAVATI,BADNERA JN.,Saturday,Weekend
51147,BD AMI PASSE,BADNERA JN.,AMRAVATI,Wednesday,Weekday
51148,AMI BD PASS,AMRAVATI,BADNERA JN.,Wednesday,Weekday
51149,BD AMI PASSE,BADNERA JN.,AMRAVATI,Wednesday,Weekday
51150,AMI BD PASS,AMRAVATI,BADNERA JN.,Wednesday,Weekday
51151,NAVI-NRKR PA,NEW AMRAVATI,NARKHER,Monday,Weekday
51152,NRKR-NAVI PA,NARKHER,NEW AMRAVATI,Friday,Weekday
51153,MUMBAI BSL P,CST-MUMBAI,BHUSAVAL JN.,Sunday,Weekend
51154,BSL MUMBAI P,BHUSAVAL JN.,CST-MUMBAI,Wednesday,Weekday
51157,BSL ET PASS,BHUSAVAL JN.,ITARSI,Monday,Weekday
51158,ET BSL PASS,ITARSI,BHUSAVAL JN.,Thursday,Weekday
51181,DVL-BSL PASS,DEVLALI,BHUSAVAL JN.,Monday,Weekday
51182,BSL-DVL PASS,BHUSAVAL JN.,DEVLALI,Saturday,Weekend
51183,BSL-NRKR PAS,BHUSAVAL JN.,NARKHER,Wednesday,Weekday
51184,NRKR--BSL PA,NARKHER,BHUSAVAL JN.,Sunday,Weekend
51187,BSL KTE PASS,BHUSAVAL JN.,KATNI,Tuesday,Weekday
51188,KTE BSL PASS,KATNI,BHUSAVAL JN.,Tuesday,Weekday
51189,ET ALD PASS,ITARSI,CHHEOKI,Thursday,Weekday
51190,ALD ET PASS,CHHEOKI,ITARSI,Wednesday,Weekday
51195,WR-BPQ PASS,WARDHA JN.,BALHARSHAH,Wednesday,Weekday
51196,BPQ-WR PASSE,BALHARSHAH,WARDHA JN.,Thursday,Weekday
51197,BSL-WR PASSE,BHUSAVAL JN.,WARDHA JN.,Sunday,Weekend
51198,WR-BSL PASSE,WARDHA JN.,BHUSAVAL JN.,Sunday,Weekend
51239,AMLA BZU PAS,AMLA JN.,BETUL,Thursday,Weekday
51240,BZU AMLA PAS,BETUL,AMLA JN.,Friday,Weekday
51253,AMLA CWA PAS,AMLA JN.,CHHINWARA JN,Wednesday,Weekday
51254,CWA AMLA PAS,CHHINWARA JN,AMLA JN.,Friday,Weekday
51255,BXY-CWA PASS,BORDHAI,CHHINWARA JN,Thursday,Weekday
51256,CWA-BXY PASS,CHHINWARA JN,BORDHAI,Monday,Weekday
51259,WR-NGP PASSE,WARDHA JN.,NAGPUR JN.(CR),Tuesday,Weekday
51260,NGP -WR PASS,NAGPUR JN.(CR),WARDHA JN.,Tuesday,Weekday
51261,AMI-WR PASSE,AMRAVATI,WARDHA JN.,Friday,Weekday
51262,WR- AMI PASS,WARDHA JN.,AMRAVATI,Friday,Weekday
51285,BSL NGP PASS,BHUSAVAL JN.,NAGPUR JN.(CR),Wednesday,Weekday
51286,NGP BSL PASS,NAGPUR JN.(CR),BHUSAVAL JN.,Friday,Weekday
51293,NGP AMLA PAS,NAGPUR JN.(CR),AMLA JN.,Thursday,Weekday
51294,AMLA NGP PAS,AMLA JN.,NAGPUR JN.(CR),Thursday,Weekday
51317,KJT-PUNE PAS,KARJAT,PUNE JN.,Sunday,Weekend
51318,PUNE-KJT PAS,PUNE JN.,KARJAT,Tuesday,Weekday
51347,PUNE-BRMT PA,PUNE JN.,BARAMATI,Tuesday,Weekday
51348,BRMT-DD PASS,BARAMATI,DAUND JN.,Saturday,Weekend
51350,DD-PUNE PASS,DAUND JN.,PUNE JN.,Sunday,Weekend
51401,PUNE MMR PAS,PUNE JN.,MANMAD JN.,Sunday,Weekend
51402,MMR PUNE PAS,MANMAD JN.,PUNE JN.,Thursday,Weekday
51405,MRJ-CLR PASS,MIRAJ JN.,CASTLE ROCK,Saturday,Weekend
51406,CLR-MRJ PASS,CASTLE ROCK,MIRAJ JN.,Thursday,Weekday
51407,MRJ KOP PASS,MIRAJ JN.,CHHATRAPATI SHAHU MAHARAJ TERMINUS,Sunday,Weekend
51408,KOP MRJ PASS,CHHATRAPATI SHAHU MAHARAJ TERMINUS,MIRAJ JN.,Tuesday,Weekday
51409,PUNE KOP PAS,PUNE JN.,CHHATRAPATI SHAHU MAHARAJ TERMINUS,Wednesday,Weekday
51410,KOP-PUNE PAS,CHHATRAPATI SHAHU MAHARAJ TERMINUS,PUNE JN.,Wednesday,Weekday
51411,BAY-DWR PASS,BELLARY JN.,DHARWAD,Saturday,Weekend
51412,UBL-BAY PASS,HUBLI JN.,BELLARY JN.,Monday,Weekday
51419,MRJ-UBL PASS,MIRAJ JN.,HUBLI JN.,Thursday,Weekday
51420,UBL-MRJ PASS,HUBLI JN.,MIRAJ JN.,Thursday,Weekday
51421,PUNE-NZB PAS,PUNE JN.,NIZAMABAD,Thursday,Weekday
51422,NZB-PUNE PAS,NIZAMABAD,PUNE JN.,Friday,Weekday
51423,IGP MMR SHUT,IGATPURI,MANMAD JN.,Saturday,Weekend
51424,MMR IGP SHUT,MANMAD JN.,IGATPURI,Sunday,Weekend
51425,PRLI - MRJ P,PARLI VAIJNATH,MIRAJ JN.,Friday,Weekday
51426,MRJ - PRLI P,MIRAJ JN.,PARLI VAIJNATH,Sunday,Weekend
51427,MRJ KOP PASS,MIRAJ JN.,CHHATRAPATI SHAHU MAHARAJ TERMINUS,Thursday,Weekday
51428,KOP MRJ PASS,CHHATRAPATI SHAHU MAHARAJ TERMINUS,MIRAJ JN.,Friday,Weekday
51429,SLI MRJ PASS,SANGLI,CHHATRAPATI SHAHU MAHARAJ TERMINUS,Saturday,Weekend
51430,KOP SLI PASS,CHHATRAPATI SHAHU MAHARAJ TERMINUS,SANGLI,Saturday,Weekend
51431,MRJ LD PASSE,MIRAJ JN.,LONDA JN.,Saturday,Weekend
51432,LD MRJ PASNG,LONDA JN.,MIRAJ JN.,Tuesday,Weekday
51433,NZB-PVR PASS,NIZAMABAD,PANDHARPUR,Wednesday,Weekday
51434,PVR-NZB PASS,PANDHARPUR,NIZAMABAD,Saturday,Weekend
51435,PUNE STR PAS,PUNE JN.,SATARA,Sunday,Weekend
51436,STR-PUNE PAS,SATARA,PUNE JN.,Thursday,Weekday
51437,KWV-MRJ PASS,KURDUVADI JN.,MIRAJ JN.,Sunday,Weekend
51438,MRJ-KWV PASS,MIRAJ JN.,KURDUVADI JN.,Monday,Weekday
51441,STR KOP PASS,SATARA,CHHATRAPATI SHAHU MAHARAJ TERMINUS,Saturday,Weekend
51442,KOP-STR PASS,CHHATRAPATI SHAHU MAHARAJ TERMINUS,SATARA,Thursday,Weekday
51451,PUNE BRMT PA,PUNE JN.,BARAMATI,Saturday,Weekend
51452,DD PUNE PASS,BARAMATI,PUNE JN.,Saturday,Weekend
51458,DWR-UBL PASS,DHARWAD,HUBLI JN.,Saturday,Weekend
51461,MRJ-BGM PASS,MIRAJ JN.,BELGAUM,Friday,Weekday
51462,BGM-MRJ PASS,BELGAUM,MIRAJ JN.,Monday,Weekday
51463,MRJ-BGM PASS,MIRAJ JN.,BELGAUM,Friday,Weekday
51464,BGM-MRJ PASS,BELGAUM,MIRAJ JN.,Monday,Weekday
51601,BINA-KMZ  PA,BINA,KATNI MURWARA,Tuesday,Weekday
51602,KMZ-BINA PAS,KATNI MURWARA,BINA,Thursday,Weekday
51603,BINA-KTE PAS,BINA,KATNI,Sunday,Weekend
51604,KTE-BINA PAS,KATNI,BINA,Friday,Weekday
51605,KMZ-CHRM PAS,KATNI MURWARA,CHIRMIRI,Saturday,Weekend
51606,CHRM-KMZ PAS,CHIRMIRI,KATNI MURWARA,Friday,Weekday
51607,BINA-GUNA PA,BINA,GUNA,Tuesday,Weekday
51608,GUNA-BINA PA,GUNA,BINA,Wednesday,Weekday
51609,BINA-GUNA PA,BINA,GUNA,Friday,Weekday
51610,GUNA-BINA PA,GUNA,BINA,Saturday,Weekend
51611,KOTA-BINA PA,KOTA,BINA,Monday,Weekday
51612,BINA-KOTA PA,BINA,KOTA,Saturday,Weekend
51671,ET-KTE FAST,ITARSI,SATNA,Tuesday,Weekday
51672,KTE-ET FAST,SATNA,ITARSI,Tuesday,Weekday
51673,ET -STA  FAS,ITARSI,SATNA,Wednesday,Weekday
51674,STA-ET PASSE,SATNA,ITARSI,Saturday,Weekend
51675,KTE-CPU PASS,KATNI,CHOPAN,Sunday,Weekend
51676,CPU KTE FAST,CHOPAN,KATNI,Monday,Weekday
51678,SKTN-CPU PAS,SHAKTINAGAR,CHOPAN,Thursday,Weekday
51679,KTE-CPU PASS,KATNI,CHOPAN,Wednesday,Weekday
51680,CPU-KTE PASS,CHOPAN,KATNI,Sunday,Weekend
51685,KNW-BIR SHUT,KHANDWA JN. (CR),BIR,Wednesday,Weekday
51686,BIR-KNW SHUT,BIR,KHANDWA JN. (CR),Monday,Weekday
51687,KNW-BIR SHUT,KHANDWA JN. (CR),BIR,Sunday,Weekend
51688,BIR-KNW SHUT,BIR,KHANDWA JN. (CR),Monday,Weekday
51701,JBP REWA PAS,JABALPUR,REWA,Tuesday,Weekday
51702,REWA JBP PAS,REWA,JABALPUR,Monday,Weekday
51703,JBP-NIR PASS,JABALPUR,NAINPUR JN.,Friday,Weekday
51704,NIR-JBP PASS,NAINPUR JN.,MADANMAHAL,Friday,Weekday
51705,JBP-NIR PASS,MADANMAHAL,NAINPUR JN.,Saturday,Weekend
51706,NIR-JBP PASS,NAINPUR JN.,MADANMAHAL,Friday,Weekday
51708,NIR-JBP PASS,NAINPUR JN.,JABALPUR,Saturday,Weekend
51753,REWA-CHRM PA,REWA,CHIRMIRI,Saturday,Weekend
51754,CHRM-REWA PA,CHIRMIRI,REWA,Sunday,Weekend
51755,CHRM-APR PAS,CHIRMIRI,ANUPPUR JN.,Tuesday,Weekday
51756,APR-CHRM PAS,ANUPPUR JN.,CHIRMIRI,Friday,Weekday
51763,STA-MKP PASS,SATNA,MANIKPUR JN.,Wednesday,Weekday
51764,MKP-STA PASS,MANIKPUR JN.,SATNA,Saturday,Weekend
51765,STA-MKP PASS,SATNA,MANIKPUR JN.,Wednesday,Weekday
51766,MKP-STA PASS,MANIKPUR JN.,SATNA,Friday,Weekday
51803,JHS-CNB-PASS,JHANSI JN,KANPUR CENTRAL JN.,Tuesday,Weekday
51804,CNB-JHS-PASS,KANPUR CENTRAL JN.,JHANSI JN,Sunday,Weekend
51805,JHS-MKP-PASS,JHANSI JN,MANIKPUR JN.,Monday,Weekday
51806,BNDA-JHS-PAS,MANIKPUR JN.,JHANSI JN,Monday,Weekday
51807,JHS-BNDA PAS,JHANSI JN,BANDA JN,Wednesday,Weekday
51811,BIN-JHS  PAS,BINA,JHANSI JN,Saturday,Weekend
51812,JHS-BIN PASS,JHANSI JN,BINA,Saturday,Weekend
51813,JHS-LKO PASS,JHANSI JN,LUCKNOW JN.,Wednesday,Weekday
51814,LKO-JHS PASS,LUCKNOW JN.,JHANSI JN,Sunday,Weekend
51815,JHS-AGC PASS,JHANSI JN,AGRA CANTT,Thursday,Weekday
51816,AGC-JHS PASS,AGRA CANTT,JHANSI JN,Friday,Weekday
51817,KURJ JHANSI,KHAJAURAHO,JHANSI JN,Friday,Weekday
51818,JHANSI KURJ,JHANSI JN,KHAJAURAHO,Tuesday,Weekday
51821,JHS-KURJ PAS,MAHOBA,KHAJAURAHO,Wednesday,Weekday
51822,KURJ-JHS PAS,KHAJAURAHO,MAHOBA,Friday,Weekday
51827,ET-JHS PASS,ITARSI,JHANSI JN,Wednesday,Weekday
51828,JHS-ET PASS,JHANSI JN,ITARSI,Wednesday,Weekday
51829,NGP-ET PASS,NAGPUR JN.(CR),ITARSI,Thursday,Weekday
51830,ET-NGP PASS,ITARSI,NAGPUR JN.(CR),Wednesday,Weekday
51831,JHS-AGC,JHANSI JN,AGRA CANTT,Wednesday,Weekday
51832,AGC-JHS PASS,AGRA CANTT,JHANSI JN,Sunday,Weekend
51861,AIT-KNH MIX,AIT JN,KONCH,Monday,Weekday
51862,KNH-AIT PASS,KONCH,AIT JN,Saturday,Weekend
51863,AIT-KNH PASS,AIT JN,KONCH,Wednesday,Weekday
51864,KNH-AIT PASS,KONCH,AIT JN,Tuesday,Weekday
51865,AIT-KNH PASS,AIT JN,KONCH,Tuesday,Weekday
51866,KNH-AIT PASS,KONCH,AIT JN,Tuesday,Weekday
51867,AIT-KNH PASS,AIT JN,KONCH,Monday,Weekday
51868,KNH-AIT PASS,KONCH,AIT JN,Wednesday,Weekday
51869,AIT-KNH PASS,AIT JN,KONCH,Saturday,Weekend
51870,KNH-AIT PASS,KONCH,AIT JN,Monday,Weekday
51881,GWL-AGC PASS,GWALIOR JN,AGRA CANTT,Sunday,Weekend
51882,AGC-GWL PASS,AGRA CANTT,GWALIOR JN,Thursday,Weekday
51883,GWL-BIN PASS,BINA,GWALIOR JN,Friday,Weekday
51884,BIN-GWL PASS,GWALIOR JN,BINA,Tuesday,Weekday
51885,BINA-DMO PAS,BINA,DAMOH,Monday,Weekday
51886,DMO-BINA PAS,DAMOH,BINA,Monday,Weekday
51901,AGC-DLI PASS,AGRA CANTT,DELHI JN.,Sunday,Weekend
51902,DLI-AGC PASS,DELHI JN.,AGRA CANTT,Tuesday,Weekday
51905,SMQL-DLI PAS,DELHI JN.,SHAMLI,Sunday,Weekend
51906,DLI-SMQL PAS,SHAMLI,DELHI JN.,Monday,Weekday
51907,SMQL-SRE PAS,SHAMLI,SAHARANPUR JN.,Friday,Weekday
51908,SRE-SMQL PAS,SAHARANPUR JN.,SHAMLI,Friday,Weekday
51909,DLI--SMQL-SR,DELHI JN.,SAHARANPUR JN.,Wednesday,Weekday
51910,SRE-SMQL-DLI,SAHARANPUR JN.,DELHI JN.,Monday,Weekday
51911,DLI-SMQL-SRE,DELHI JN.,SAHARANPUR JN.,Tuesday,Weekday
51912,SRE-SMQL-DLI,SAHARANPUR JN.,DELHI JN.,Friday,Weekday
51913,DLI-SMQL-SRE,DELHI JN.,SAHARANPUR JN.,Monday,Weekday
51914,SRE-SMQL-DLI,SAHARANPUR JN.,DELHI JN.,Thursday,Weekday
51915,DLI-FN PASSE,DELHI JN.,FARUKHNAGAR,Friday,Weekday
51916,FN-DLI PASSE,FARUKHNAGAR,DELHI JN.,Thursday,Weekday
51971,MTJ-AWR PASS,MATHURA JN.,ALWAR JN.,Thursday,Weekday
51972,MTJ-AWR PASS,ALWAR JN.,MATHURA JN.,Tuesday,Weekday
51973,MTJ-JP PASSE,MATHURA JN.,JAIPUR JN.,Wednesday,Weekday
51974,JP-MTJ PASSE,JAIPUR JN.,MATHURA JN.,Wednesday,Weekday
52073,MJ-MVJ PASS,MARWAR JN.,MAVLI JN.,Thursday,Weekday
52074,MVJ-MJ PASS,MAVLI JN.,MARWAR JN.,Saturday,Weekend
52075,MJ MVJ PASS,MARWAR JN.,MAVLI JN.,Wednesday,Weekday
52076,MVJ MJ PASS,MAVLI JN.,MARWAR JN.,Tuesday,Weekday
52171,GWO-SOE PASS,GWALIOR (NG),SHEOPUR KALAN,Thursday,Weekday
52172,SOE-GWO PASS,SHEOPUR KALAN,GWALIOR (NG),Friday,Weekday
52173,GWO-SBL PASS,GWALIOR (NG),SABALGARH,Tuesday,Weekday
52174,SBL-GWO-PASS,SABALGARH,GWALIOR (NG),Friday,Weekday
52175,GWO-SBL-PASS,GWALIOR (NG),SABALGARH,Sunday,Weekend
52176,SBL-GWO-PASS,SABALGARH,GWALIOR (NG),Monday,Weekday
52177,SBL-SOE PASS,SABALGARH,SHEOPUR KALAN,Friday,Weekday
52178,SOE-SBL PASS,SHEOPUR KALAN,SABALGARH,Monday,Weekday
52179,DHO-SRMT,DHOLPUR (NG),SIRMUTTRA,Sunday,Weekend
52180,SRMT-DHO-PAS,SIRMUTTRA,DHOLPUR (NG),Sunday,Weekend
52181,DHO-TPO-PASS,DHOLPUR (NG),TANTPUR,Sunday,Weekend
52182,TPO-BARI-PAS,TANTPUR,BARI,Monday,Weekday
52183,BARI-SRMT-PA,BARI,SIRMUTTRA,Wednesday,Weekday
52184,SRMT-DHO-PAS,SIRMUTTRA,DHOLPUR (NG),Tuesday,Weekday
52205,PBE-MLN PASS,PILIBHIT JN.,MAILANI JN.,Saturday,Weekend
52206,PBE-BRY PASS,MAILANI JN.,PILIBHIT JN.,Tuesday,Weekday
52207,PBE-MLN  PAS,PILIBHIT JN.,MAILANI JN.,Friday,Weekday
52208,PBE-KSJ PASS,MAILANI JN.,PILIBHIT JN.,Saturday,Weekend
52221,PBE-MLN PASS,PILIBHIT JN.,MAILANI JN.,Thursday,Weekday
52222,MLN-PBE  PAS,MAILANI JN.,PILIBHIT JN.,Friday,Weekday
52223,PBE-MLN PASS,PILIBHIT JN.,MAILANI JN.,Sunday,Weekend
52224,LMP-PBE PASS,MAILANI JN.,PILIBHIT JN.,Wednesday,Weekday
52225,PBE-MLN PASS,PILIBHIT JN.,MAILANI JN.,Sunday,Weekend
52226,MLN-PBE PASS,MAILANI JN.,PILIBHIT JN.,Thursday,Weekday
52229,SZP-PBE  PAS,SHAHJAHANPUR JN,PILIBHIT JN.,Tuesday,Weekday
52230,TPU-SZP  PAS,PILIBHIT JN.,SHAHJAHANPUR JN,Monday,Weekday
52231,PBE-SZP  PAS,PILIBHIT JN.,SHAHJAHANPUR JN,Tuesday,Weekday
52232,SZP-PBE PASS,SHAHJAHANPUR JN,PILIBHIT JN.,Monday,Weekday
52233,PBE-SZP  PAS,PILIBHIT JN.,SHAHJAHANPUR JN,Friday,Weekday
52234,SZP- PBE  PA,SHAHJAHANPUR JN,PILIBHIT JN.,Tuesday,Weekday
52235,PBE-SZP  PAS,PILIBHIT JN.,SHAHJAHANPUR JN,Tuesday,Weekday
52236,SZP-PBE  PAS,SHAHJAHANPUR JN,PILIBHIT JN.,Sunday,Weekend
52239,MLN-STP PASS,TIKUNIA,MAILANI JN.,Wednesday,Weekday
52240,STP-MLN-  PA,MAILANI JN.,TIKUNIA,Wednesday,Weekday
52241,BRK-MLN PASS,BAHRAICH,MAILANI JN.,Saturday,Weekend
52242,STP-BRK- PAS,MAILANI JN.,BAHRAICH,Monday,Weekday
52251,BRK-MLN PASS,BAHRAICH,MAILANI JN.,Saturday,Weekend
52252,MLN-BRK PASS,MAILANI JN.,BAHRAICH,Saturday,Weekend
52253,BRK-MLN PASS,BAHRAICH,MAILANI JN.,Sunday,Weekend
52254,MLN-BRK PASS,MAILANI JN.,BAHRAICH,Thursday,Weekday
52255,BRK-MLN PASS,BAHRAICH,MAILANI JN.,Wednesday,Weekday
52256,MLN-BRK PASS,MAILANI JN.,BAHRAICH,Monday,Weekday
52257,BRK-MLN PASS,BAHRAICH,MAILANI JN.,Saturday,Weekend
52258,MLN-BRK PASS,MAILANI JN.,BAHRAICH,Friday,Weekday
52259,GNAN-MLN PAS,BAHRAICH,MAILANI JN.,Tuesday,Weekday
52260,MLN-GD  PASS,MAILANI JN.,BAHRAICH,Thursday,Weekday
52263,GNAN-NPR PAS,BAHRAICH,NEPALGANJ ROAD,Saturday,Weekend
52264,NPR-BRK PASS,NEPALGANJ ROAD,BAHRAICH,Friday,Weekday
52265,BRK-NPR  PAS,BAHRAICH,NEPALGANJ ROAD,Friday,Weekday
52266,NPR-BRK PASS,NEPALGANJ ROAD,BAHRAICH,Tuesday,Weekday
52267,BRK-NPR PASS,BAHRAICH,NEPALGANJ ROAD,Thursday,Weekday
52268,LMP-MLN PASS,NEPALGANJ ROAD,BAHRAICH,Thursday,Weekday
52297,PBE-SZP PASS,PILIBHIT JN.,SHAHJAHANPUR JN,Friday,Weekday
52298,SZP-PBE- PAS,SHAHJAHANPUR JN,PILIBHIT JN.,Saturday,Weekend
52451,KLK-SML SHIV,KALKA,SHIMLA,Sunday,Weekend
52452,KLK-SML SHIV,SHIMLA,KALKA,Monday,Weekday
52453,KLK-SML MAIL,KALKA,SHIMLA,Saturday,Weekend
52454,SML-KLK MAIL,SHIMLA,KALKA,Saturday,Weekend
52455,KLK-SML,KALKA,SHIMLA,Tuesday,Weekday
52456,SML-KLK,SHIMLA,KALKA,Monday,Weekday
52457,KLK-SML PASS,KALKA,SHIMLA,Tuesday,Weekday
52458,SML-KLK PASS,SHIMLA,KALKA,Friday,Weekday
52461,PTK-JMKR PAS,PATHANKOT JN.,JAWALAMUKHI ROAD,Friday,Weekday
52462,PTK-JMKR,JAWALAMUKHI ROAD,PATHANKOT JN.,Saturday,Weekend
52463,PTK-BJPL,PATHANKOT JN.,BAIJNATH PAPROLA,Tuesday,Weekday
52464,BJPL-PTK PAS,BAIJNATH PAPROLA,PATHANKOT JN.,Saturday,Weekend
52465,PTK-BJPL PAS,PATHANKOT JN.,BAIJNATH PAPROLA,Sunday,Weekend
52466,BJPL-PTK PAS,BAIJNATH PAPROLA,PATHANKOT JN.,Wednesday,Weekday
52467,PTK-BJPL PAS,PATHANKOT JN.,BAIJNATH PAPROLA,Thursday,Weekday
52468,BJPL-PTK,BAIJNATH PAPROLA,PATHANKOT JN.,Thursday,Weekday
52469,PTK-BJPL,PATHANKOT JN.,BAIJNATH PAPROLA,Wednesday,Weekday
52470,BJPL-PTK PAS,BAIJNATH PAPROLA,PATHANKOT JN.,Friday,Weekday
52471,PTK-JDNX PAS,PATHANKOT JN.,JOGINDER NAGAR,Sunday,Weekend
52472,JDNX-PTK PAS,JOGINDER NAGAR,PATHANKOT JN.,Sunday,Weekend
52473,PTK-JDNX PAS,PATHANKOT JN.,JOGINDER NAGAR,Sunday,Weekend
52474,JDNX-PTK PAS,JOGINDER NAGAR,PATHANKOT JN.,Sunday,Weekend
52540,DJ - KGN - N,DARJEELING,NEW JALPAIGURI JN,Sunday,Weekend
52541,NJP-KGN-DJ P,NEW JALPAIGURI JN,DARJEELING,Monday,Weekday
52570,DJ-KGN RED P,DARJEELING,KURSEONG,Tuesday,Weekday
52571,KGN-DJ RED P,KURSEONG,DARJEELING,Wednesday,Weekday
52587,KGN - DJ PAS,KURSEONG,DARJEELING,Saturday,Weekend
52588,DJ - KGN PAS,DARJEELING,KURSEONG,Monday,Weekday
52591,DJ - GHUM -,DARJEELING,DARJEELING,Saturday,Weekend
52592,DJ - GHUM -,DARJEELING,DARJEELING,Monday,Weekday
52593,DJ - GHUM -,DARJEELING,DARJEELING,Monday,Weekday
52594,DJ - GHUM -,DARJEELING,DARJEELING,Thursday,Weekday
52595,DJ-GHUM-DJ J,DARJEELING,DARJEELING,Thursday,Weekday
52596,DJ-GHUM-DJ J,DARJEELING,DARJEELING,Saturday,Weekend
52597,DJ - GHUM -,DARJEELING,DARJEELING,Saturday,Weekend
52598,DJ-GHUM-DJ J,DARJEELING,DARJEELING,Monday,Weekday
52599,DJ - GHUM -,DARJEELING,DARJEELING,Friday,Weekday
52911,RUJ-ADIJ FAS,RANUJ,AHMEDABAD JN.,Tuesday,Weekday
52912,ADIJ-RUJ FAS,AHMEDABAD JN.,RANUJ,Sunday,Weekend
52913,RUJ - ADIJ F,RANUJ,AHMEDABAD JN.,Friday,Weekday
52914,ADIJ-RUJ FAS,AHMEDABAD JN.,RANUJ,Monday,Weekday
52929,VRLF - DASF,VERAVAL MG,DHASA JN (MG),Thursday,Weekday
52930,DASF - VRLF,DHASA JN (MG),VERAVAL MG,Sunday,Weekend
52931,JLR - DASF,JETALSAR JN (MG),DHASA JN (MG),Thursday,Weekday
52932,DASF - JLR,DHASA JN (MG),JETALSAR JN (MG),Wednesday,Weekday
52933,VRLF-DASF MG,VERAVAL MG,DHASA JN (MG),Thursday,Weekday
52934,BTDF - GG  M,BOTAD JN (MG),GANDHIGRAM,Tuesday,Weekday
52935,GG - BTDF  M,GANDHIGRAM,BOTAD JN (MG),Sunday,Weekend
52938,BTDF - ADI M,BOTAD JN (MG),AHMEDABAD JN.,Sunday,Weekend
52939,ADI - BTDF,AHMEDABAD JN.,BOTAD JN (MG),Wednesday,Weekday
52940,BTDF - GG MG,BOTAD JN (MG),GANDHIGRAM,Friday,Weekday
52941,GG - BTDF  M,GANDHIGRAM,BOTAD JN (MG),Saturday,Weekend
52942,BTDF - GG MG,BOTAD JN (MG),GANDHIGRAM,Saturday,Weekend
52943,GG - BTDF  M,GANDHIGRAM,BOTAD JN (MG),Tuesday,Weekday
52944,BTDF - GG  M,BOTAD JN (MG),GANDHIGRAM,Sunday,Weekend
52945,GG - BTDF  M,GANDHIGRAM,BOTAD JN (MG),Wednesday,Weekday
52946,DASF - VRLF,DHASA JN (MG),VERAVAL MG,Saturday,Weekend
52947,JLRF - DASF,JETALSAR JN (MG),DHASA JN (MG),Monday,Weekday
52948,DASF - JLRF,DHASA JN (MG),JETALSAR JN (MG),Sunday,Weekend
52949,VRLF - DVA M,VERAVAL MG,DELVADA,Wednesday,Weekday
52950,DVA - VRLF M,DELVADA,VERAVAL MG,Friday,Weekday
52951,DVA-JND  MG,DELVADA,JUNAGADH JN,Sunday,Weekend
52952,JND-DVA MG P,JUNAGADH JN,DELVADA,Wednesday,Weekday
52953,KODR - VRLF,KODINAR,VERAVAL MG,Monday,Weekday
52954,VRLF - KODR,VERAVAL MG,KODINAR,Thursday,Weekday
52955,KJV - JND MG,KHIJADIYA JN,JUNAGADH JN,Friday,Weekday
52956,JND - KJV MG,JUNAGADH JN,KHIJADIYA JN,Friday,Weekday
52963,DADN SWD MG,MHOW,SANAWAD,Sunday,Weekend
52964,SWD DADN MG,SANAWAD,MHOW,Sunday,Weekend
52973,DADN SWD MG,MHOW,SANAWAD,Sunday,Weekend
52974,SWD-DADN MG,SANAWAD,MHOW,Saturday,Weekend
52975,DADN SWD MG,MHOW,SANAWAD,Friday,Weekday
52976,SWD-DADN MG,SANAWAD,MHOW,Thursday,Weekday
52987,DADN SWD MG,MHOW,SANAWAD,Saturday,Weekend
52988,SWD -DADN MG,SANAWAD,MHOW,Tuesday,Weekday
53001,HWH - AZ PAS,HOWRAH JN.,AZIMGANJ JN.,Tuesday,Weekday
53002,AZ-HWH PASSE,AZIMGANJ JN.,HOWRAH JN.,Saturday,Weekend
53005,KWAE-AZ PASS,KATWA JN.,AZIMGANJ JN.,Wednesday,Weekday
53006,AZ-KWAE PASS,AZIMGANJ JN.,KATWA JN.,Monday,Weekday
53007,KWAE - RPH P,KATWA JN.,RAMPUR HAT,Tuesday,Weekday
53008,RPH - KWAE P,RAMPUR HAT,KATWA JN.,Wednesday,Weekday
53009,KWAE - AZ PA,KATWA JN.,AZIMGANJ JN.,Wednesday,Weekday
53010,AZ-KWAE  PAS,AZIMGANJ JN.,KATWA JN.,Wednesday,Weekday
53011,KWAE - AZ  P,KATWA JN.,AZIMGANJ JN.,Friday,Weekday
53012,AZ- KWAE  PA,AZIMGANJ JN.,KATWA JN.,Monday,Weekday
53013,KWAE-AZ PASS,KATWA JN.,AZIMGANJ JN.,Sunday,Weekend
53014,AZ - KWAE  P,AZIMGANJ JN.,KATWA JN.,Friday,Weekday
53015,KWAE - AZ  P,KATWA JN.,AZIMGANJ JN.,Tuesday,Weekday
53016,AZ - KWAE PA,AZIMGANJ JN.,KATWA JN.,Thursday,Weekday
53017,KWAE - AZ  P,KATWA JN.,AZIMGANJ JN.,Sunday,Weekend
53018,AZ - KWAE  P,AZIMGANJ JN.,KATWA JN.,Wednesday,Weekday
53019,KWAE-AZ PASS,KATWA JN.,AZIMGANJ JN.,Friday,Weekday
53020,AZ - KWAE PA,AZIMGANJ JN.,KATWA JN.,Thursday,Weekday
53021,AZ-SBG PASSE,AZIMGANJ JN.,SAHIBGANJ,Tuesday,Weekday
53022,SBG-AZ PASSE,SAHIBGANJ,AZIMGANJ JN.,Sunday,Weekend
53023,AZ-RPH PASSE,AZIMGANJ JN.,RAMPUR HAT,Saturday,Weekend
53024,RPH - AZ  PA,RAMPUR HAT,AZIMGANJ JN.,Wednesday,Weekday
53025,AZ - RPH  PA,AZIMGANJ JN.,RAMPUR HAT,Saturday,Weekend
53026,RPH - AZ PAS,RAMPUR HAT,AZIMGANJ JN.,Sunday,Weekend
53027,AZ - MLDT PA,AZIMGANJ JN.,MALDA TOWN,Wednesday,Weekday
53028,MLDT -AZ PAS,MALDA TOWN,AZIMGANJ JN.,Friday,Weekday
53029,AZ-BGP PASSE,AZIMGANJ JN.,BHAGALPUR,Wednesday,Weekday
53030,BGP-AZ PASSE,BHAGALPUR,AZIMGANJ JN.,Sunday,Weekend
53031,AZ -RPH  PAS,AZIMGANJ JN.,RAMPUR HAT,Tuesday,Weekday
53034,RPH - AZ  PA,RAMPUR HAT,AZIMGANJ JN.,Sunday,Weekend
53035,AZ-BHW PASSE,AZIMGANJ JN.,BARHARWA JN.,Thursday,Weekday
53036,BHW-AZ PASSE,BARHARWA JN.,AZIMGANJ JN.,Saturday,Weekend
53037,SBG-BGP PASS,SAHIBGANJ,BHAGALPUR,Monday,Weekday
53038,BGP-SBG PASS,BHAGALPUR,SAHIBGANJ,Sunday,Weekend
53041,HWH- JYG PAS,HOWRAH JN.,JAYNAGAR,Sunday,Weekend
53042,JYG-HWH PASS,JAYNAGAR,HOWRAH JN.,Tuesday,Weekday
53043,HWH-RGD PASS,HOWRAH JN.,RAJGIR,Tuesday,Weekday
53044,RGD-HWH PASS,RAJGIR,HOWRAH JN.,Tuesday,Weekday
53045,MAYURAKSHI F,HOWRAH JN.,RAMPUR HAT,Saturday,Weekend
53046,MAYURAKSHI F,RAMPUR HAT,HOWRAH JN.,Wednesday,Weekday
53047,VISWABHARARI,HOWRAH JN.,RAMPUR HAT,Monday,Weekday
53048,VISWABHARATI,RAMPUR HAT,HOWRAH JN.,Thursday,Weekday
53049,HWH-MKA PASS,HOWRAH JN.,MOKAMA JN.,Saturday,Weekend
53050,MKA - HWH PA,MOKAMA JN.,HOWRAH JN.,Friday,Weekday
53061,BWN-RANCHI P,BARDDHAMAN JN.,HATIA,Thursday,Weekday
53062,RNC-BWN PASS,HATIA,BARDDHAMAN JN.,Wednesday,Weekday
53063,BWN - BHW PA,BARDDHAMAN JN.,BARHARWA JN.,Wednesday,Weekday
53064,BHW - BWN PA,BARHARWA JN.,BARDDHAMAN JN.,Wednesday,Weekday
53068,RPH-BWN PASS,RAMPUR HAT,BARDDHAMAN JN.,Saturday,Weekend
53069,BWN-RPH PASS,BARDDHAMAN JN.,RAMPUR HAT,Saturday,Weekend
53073,RPH-SBG PASS,RAMPUR HAT,SAHIBGANJ,Wednesday,Weekday
53074,SBG-RPH PASS,SAHIBGANJ,RAMPUR HAT,Wednesday,Weekday
53075,RPH-BHW PASS,RAMPUR HAT,BARHARWA JN.,Wednesday,Weekday
53076,BHW-RPH PASS,BARHARWA JN.,RAMPUR HAT,Saturday,Weekend
53081,RPH-DUMKAI P,RAMPUR HAT,DUMKA,Monday,Weekday
53131,SDAH- MFP PA,SEALDAH,MUZAFFARPUR JN.,Tuesday,Weekday
53132,MFP-SDAH PAS,MUZAFFARPUR JN.,SEALDAH,Friday,Weekday
53137,RPH BHW PASS,RAMPUR HAT,BARHARWA JN.,Monday,Weekday
53138,BHW-RPH PASS,BARHARWA JN.,RAMPUR HAT,Sunday,Weekend
53139,KOAA JSME PG,KOLKATA,JASIDIH JN.,Sunday,Weekend
53140,JASIDIH KOLK,JASIDIH JN.,KOLKATA,Thursday,Weekday
53171,SDAH-LGL PAS,SEALDAH,LALGOLA,Tuesday,Weekday
53172,LGL SDAH PGR,LALGOLA,SEALDAH,Sunday,Weekend
53175,SDAH-LGL PGR,SEALDAH,LALGOLA,Friday,Weekday
53176,LGL-SDAH PAS,LALGOLA,SEALDAH,Saturday,Weekend
53177,SDAH-LGL PGR,SEALDAH,LALGOLA,Friday,Weekday
53178,LGL-SDAH PGR,LALGOLA,SEALDAH,Monday,Weekday
53179,CP - LGL PAS,KOLKATA,LALGOLA,Sunday,Weekend
53180,LGL-KOAA PAS,LALGOLA,KOLKATA,Sunday,Weekend
53181,LGL PGR,SEALDAH,LALGOLA,Tuesday,Weekday
53186,LGL-SDAH PGR,LALGOLA,SEALDAH,Thursday,Weekday
53207,IPR- FUT PAS,ISLAMPUR,FATUHA,Tuesday,Weekday
53208,FUT-IPR PASS,FATUHA,ISLAMPUR,Monday,Weekday
53209,RGD-FUT PASS,RAJGIR,FATUHA,Saturday,Weekend
53210,FUT-RGD PASS,FATUHA,RAJGIR,Friday,Weekday
53211,PNBE - SSM P,PATNA JN.,SASARAM,Monday,Weekday
53212,SSM - PNBE P,SASARAM,PATNA JN.,Monday,Weekday
53213,PNBE-GAYA PA,PATNA JN.,GAYA JN.,Wednesday,Weekday
53214,GAYA-PNBE PA,GAYA JN.,PATNA JN.,Tuesday,Weekday
53221,RGD-BKP PASS,RAJGIR,BAKHTIYARPUR JN.,Sunday,Weekend
53222,BKP-RGD PASS,BAKHTIYARPUR JN.,RAJGIR,Wednesday,Weekday
53223,RGD-BKP PASS,RAJGIR,BAKHTIYARPUR JN.,Wednesday,Weekday
53224,BKP-RGD PASS,BAKHTIYARPUR JN.,RAJGIR,Sunday,Weekend
53225,BKP-GAYA PAS,BAKHTIYARPUR JN.,GAYA JN.,Friday,Weekday
53226,BKP-GAYA PAS,GAYA JN.,BAKHTIYARPUR JN.,Wednesday,Weekday
53229,RGD-DNR PASS,RAJGIR,DANAPUR,Wednesday,Weekday
53230,DNR-RGD PASS,DANAPUR,RAJGIR,Wednesday,Weekday
53231,TIA-DNR PASS,TILAIYA,DANAPUR,Thursday,Weekday
53232,DNR-TIA PASS,DANAPUR,TILAIYA,Sunday,Weekend
53323,SNDT-DHN PAS,SINDRI TOWN,DHANBAD JN.,Friday,Weekday
53324,DHN-SNDT PAS,DHANBAD JN.,SINDRI TOWN,Wednesday,Weekday
53327,SNDT-GMO PAS,SINDRI TOWN,NSC BOSE J GOMO,Friday,Weekday
53328,GMO-SNDT PAS,NSC BOSE J GOMO,SINDRI TOWN,Thursday,Weekday
53333,SNDT-DHN PAS,SINDRI TOWN,DHANBAD JN.,Friday,Weekday
53334,DHN-SNDT PAS,DHANBAD JN.,SINDRI TOWN,Monday,Weekday
53343,GMO-CPU PASS,NSC BOSE J GOMO,CHOPAN,Saturday,Weekend
53344,CPU-GMO PASS,CHOPAN,NSC BOSE J GOMO,Friday,Weekday
53345,CPU-ALD PASS,CHOPAN,ALLAHABAD JN.,Monday,Weekday
53346,ALD-CPU PASS,ALLAHABAD JN.,CHOPAN,Monday,Weekday
53347,GMO-BRWD PAS,NSC BOSE J GOMO,BARWADIH JN,Thursday,Weekday
53348,BRWD-GMO PAS,BARWADIH JN,NSC BOSE J GOMO,Saturday,Weekend
53349,BRWD-DOS PAS,BARWADIH JN,DEHRI-ON-SON,Tuesday,Weekday
53350,DOS-BRWD PAS,DEHRI-ON-SON,BARWADIH JN,Saturday,Weekend
53351,BRWD-CAR PAS,BARWADIH JN,CHUNAR JN.,Wednesday,Weekday
53352,CAR-BRWD PAS,CHUNAR JN.,BARWADIH JN,Saturday,Weekend
53357,BRKA-DOS PAS,BARKAKANA,DEHRI-ON-SON,Thursday,Weekday
53358,DOS-BRKA PAS,DEHRI-ON-SON,BARKAKANA,Friday,Weekday
53363,GAYA-DOS PAS,GAYA JN.,DEHRI-ON-SON,Sunday,Weekend
53364,DOS-GAYA PAS,DEHRI-ON-SON,GAYA JN.,Tuesday,Weekday
53365,KWAR-KQR PAS,KAWAR,KODERMA,Tuesday,Weekday
53366,KQR-KWAR PAS,KODERMA,KAWAR,Monday,Weekday
53369,KWAR-KQR PAS,KAWAR,KODERMA,Monday,Weekday
53370,KQR-KWAR PAS,KODERMA,KAWAR,Wednesday,Weekday
53371,KQR-HZBN-BRK,KODERMA,BARKAKANA,Wednesday,Weekday
53372,BRKA-HZBN-KQ,BARKAKANA,KODERMA,Sunday,Weekend
53373,KQR-HZBN-BRK,KODERMA,BARKAKANA,Tuesday,Weekday
53374,BRKA-HZBN-KQ,BARKAKANA,KODERMA,Saturday,Weekend
53401,SBG-MLDT PAS,SAHIBGANJ,MALDA TOWN,Friday,Weekday
53402,MLDT-SBG PAS,MALDA TOWN,SAHIBGANJ,Monday,Weekday
53403,RPH-GAYA PAS,RAMPUR HAT,GAYA JN.,Friday,Weekday
53404,GAYA-JMP PAS,GAYA JN.,JAMALPUR JN.,Thursday,Weekday
53405,RPH-SBG PASS,RAMPUR HAT,SAHIBGANJ,Sunday,Weekend
53406,SBG-RPH PASS,SAHIBGANJ,RAMPUR HAT,Thursday,Weekday
53408,JMP-RPH PASS,JAMALPUR JN.,RAMPUR HAT,Saturday,Weekend
53411,BHW-SBG PASS,BARHARWA JN.,SAHIBGANJ,Monday,Weekday
53412,SBG-BHW PASS,SAHIBGANJ,BARHARWA JN.,Thursday,Weekday
53415,SBG-JMP PASS,SAHIBGANJ,JAMALPUR JN.,Sunday,Weekend
53416,JMP-SBG PASS,JAMALPUR JN.,SAHIBGANJ,Thursday,Weekday
53417,BWN-MLDT PAS,BARDDHAMAN JN.,MALDA TOWN,Wednesday,Weekday
53418,MLDT-BWN PAS,MALDA TOWN,BARDDHAMAN JN.,Friday,Weekday
53423,JMP-KEU PASS,JAMALPUR JN.,KIUL JN.,Friday,Weekday
53424,KIUL-JMP PGR,KIUL JN.,JAMALPUR JN.,Thursday,Weekday
53431,SBG-JMP PGR,SAHIBGANJ,JAMALPUR JN.,Thursday,Weekday
53432,JMP-SBG PASS,JAMALPUR JN.,SAHIBGANJ,Tuesday,Weekday
53433,AZ-BHW PASS,AZIMGANJ JN.,BARHARWA JN.,Tuesday,Weekday
53434,BHW-AZ PASS,BARHARWA JN.,AZIMGANJ JN.,Monday,Weekday
53435,KWAE-AZ PASS,KATWA JN.,AZIMGANJ JN.,Sunday,Weekend
53436,AZ-KWAE PASS,AZIMGANJ JN.,KATWA JN.,Tuesday,Weekday
53441,HSDA - BGP P,HANSDIHA,BHAGALPUR,Friday,Weekday
53442,BGP - HSDAPG,BHAGALPUR,HANSDIHA,Friday,Weekday
53443,MDLE - BGP P,HANSDIHA,BHAGALPUR,Saturday,Weekend
53444,BGP - MDLE P,BHAGALPUR,HANSDIHA,Thursday,Weekday
53445,HSDA - BGP P,HANSDIHA,BHAGALPUR,Sunday,Weekend
53446,BGP - HSDA P,BHAGALPUR,HANSDIHA,Thursday,Weekday
53447,BAKA - BGP P,BANKA,BHAGALPUR,Tuesday,Weekday
53448,BGP - BAKA P,BHAGALPUR,BANKA,Wednesday,Weekday
53449,BAKA - BGP P,BANKA,BHAGALPUR,Thursday,Weekday
53450,BGP - BAKA P,BHAGALPUR,BANKA,Sunday,Weekend
53451,DUMK-HSDA PA,DUMKA,HANSDIHA,Monday,Weekday
53452,HSDA-DUMK PA,HANSDIHA,DUMKA,Wednesday,Weekday
53479,JMP-KIUL PAS,JAMALPUR JN.,KIUL JN.,Sunday,Weekend
53480,KIUL-JMP PAS,KIUL JN.,JAMALPUR JN.,Thursday,Weekday
53481,TPL-RJL PGR,TINPAHAR JN.,RAJMAHAL,Wednesday,Weekday
53482,RJL-TPH PGR,RAJMAHAL,TINPAHAR JN.,Friday,Weekday
53483,TPL-RJL PGR,TINPAHAR JN.,RAJMAHAL,Saturday,Weekend
53484,RJL-TPH PGR,RAJMAHAL,TINPAHAR JN.,Sunday,Weekend
53485,TPL-RJL PGR,TINPAHAR JN.,RAJMAHAL,Friday,Weekday
53486,RJL-TPH PGR,RAJMAHAL,TINPAHAR JN.,Friday,Weekday
53487,TPL-RJL PGR,TINPAHAR JN.,RAJMAHAL,Monday,Weekday
53488,RJL-TPH PGR,RAJMAHAL,TINPAHAR JN.,Sunday,Weekend
53489,TPL-RJL PGR,TINPAHAR JN.,RAJMAHAL,Thursday,Weekday
53490,RJL-TPH PGR,RAJMAHAL,TINPAHAR JN.,Thursday,Weekday
53491,TPL-RJL PGR,TINPAHAR JN.,RAJMAHAL,Friday,Weekday
53492,RJL-TPH PGR,RAJMAHAL,TINPAHAR JN.,Tuesday,Weekday
53493,TPH - RJL,TINPAHAR JN.,RAJMAHAL,Sunday,Weekend
53494,RJL-TPH PASS,RAJMAHAL,TINPAHAR JN.,Wednesday,Weekday
53495,TPH-RJL PASS,TINPAHAR JN.,RAJMAHAL,Sunday,Weekend
53496,RJL-TPH,RAJMAHAL,TINPAHAR JN.,Monday,Weekday
53497,BGP-JMP PASS,BHAGALPUR,JAMALPUR JN.,Saturday,Weekend
53498,JMP-BGP PASS,JAMALPUR JN.,BHAGALPUR,Sunday,Weekend
53511,MDP-GRD PASS,MADHUPUR JN.,GIRDIH,Thursday,Weekday
53512,GRD-MDP PASS,GIRDIH,MADHUPUR JN.,Monday,Weekday
53513,MDP-GRD PASS,MADHUPUR JN.,GIRDIH,Monday,Weekday
53514,GRD-MDP PASS,GIRDIH,MADHUPUR JN.,Thursday,Weekday
53515,MDP-GRD PASS,MADHUPUR JN.,GIRDIH,Wednesday,Weekday
53516,GRD-MDP PASS,GIRDIH,MADHUPUR JN.,Thursday,Weekday
53517,MDP-GRD PASS,MADHUPUR JN.,GIRDIH,Monday,Weekday
53518,GRD-MDP PASS,GIRDIH,MADHUPUR JN.,Thursday,Weekday
53519,MDP - GRD PA,MADHUPUR JN.,GIRDIH,Monday,Weekday
53520,GRD - MDP PA,GIRDIH,MADHUPUR JN.,Tuesday,Weekday
53523,ASN-BRKA PAS,ASANSOL MAIN,BARKAKANA,Monday,Weekday
53524,DHN-ASN PASS,BARKAKANA,ASANSOL MAIN,Sunday,Weekend
53525,BRKA-BSB PAS,BARKAKANA,VARANASI JN.,Wednesday,Weekday
53526,BSB-BRKA PAS,VARANASI JN.,BARKAKANA,Friday,Weekday
53551,JSME-DUMKA P,DUMKA,JASIDIH JN.,Friday,Weekday
53552,DUMKA- JSME,JASIDIH JN.,DUMKA,Tuesday,Weekday
53553,JSME DUMKA P,DUMKA,JASIDIH JN.,Tuesday,Weekday
53554,DUMKA  JSME,JASIDIH JN.,DUMKA,Thursday,Weekday
53555,JSME DMKA PA,DUMKA,JASIDIH JN.,Friday,Weekday
53556,DMKA JSME PA,JASIDIH JN.,DUMKA,Tuesday,Weekday
53611,BRWD-DOS PAS,BARWADIH JN,DEHRI-ON-SON,Tuesday,Weekday
53612,DOS-BRWD,DEHRI-ON-SON,BARWADIH JN,Monday,Weekday
53615,JMP-GAYA PAS,JAMALPUR JN.,GAYA JN.,Friday,Weekday
53616,GAYA-JAMALPU,GAYA JN.,JAMALPUR JN.,Wednesday,Weekday
53623,JAJ - GAYA P,JHAJHA,GAYA JN.,Wednesday,Weekday
53624,GAYA-JAJ  PA,GAYA JN.,JHAJHA,Friday,Weekday
53625,KIUL-GAYA,KIUL JN.,GAYA JN.,Friday,Weekday
53626,GAYA - KIUL,GAYA JN.,KIUL JN.,Tuesday,Weekday
53627,GAYA - KIUL,KIUL JN.,GAYA JN.,Tuesday,Weekday
53628,GAYA-KIUL  P,GAYA JN.,KIUL JN.,Saturday,Weekend
53629,KIUL-GAYA PA,KIUL JN.,GAYA JN.,Wednesday,Weekday
53630,GAYA -KIUL,GAYA JN.,KIUL JN.,Monday,Weekday
53631,KIUL-GAYA,KIUL JN.,GAYA JN.,Sunday,Weekend
53632,GAYA-KIUL PA,GAYA JN.,KIUL JN.,Wednesday,Weekday
53641,DLN -MGS-PAS,DILDARNAGAR JN,MUGHAL SARAI JN.,Saturday,Weekend
53642,MGS-DLN  PAS,MUGHAL SARAI JN.,DILDARNAGAR JN,Friday,Weekday
53643,DLN-TRG PASS,DILDARNAGAR JN,TARIGHAT,Saturday,Weekend
53644,TRG-DLN PASS,TARIGHAT,DILDARNAGAR JN,Thursday,Weekday
53645,DLN-TRG PASS,DILDARNAGAR JN,TARIGHAT,Tuesday,Weekday
53646,TRG-DLN PASS,TARIGHAT,DILDARNAGAR JN,Monday,Weekday
53647,DLN-TRG PASS,DILDARNAGAR JN,TARIGHAT,Friday,Weekday
53648,TRG-DLN PASS,TARIGHAT,DILDARNAGAR JN,Monday,Weekday
54001,TILAK BRIDGE,TILAK BRIDGE,ROHTAK JN.,Sunday,Weekend
54002,ROHTAK TILAK,ROHTAK JN.,TILAK BRIDGE,Sunday,Weekend
54005,DELHI BHIWAN,DELHI JN.,BHIWANI JN.,Thursday,Weekday
54006,JIND ROK PAS,JIND JN,ROHTAK JN.,Saturday,Weekend
54007,JIND PNP ROK,ROHTAK JN.,JIND JN,Tuesday,Weekday
54008,JIND ROK PAS,JIND JN,ROHTAK JN.,Friday,Weekday
54009,JIND PNP ROK,ROHTAK JN.,JIND JN,Friday,Weekday
54010,NRW-JIND PAS,NARWANA JN.,JIND JN,Sunday,Weekend
54011,TKJ SDLP PAS,TILAK BRIDGE,SADULPUR JN,Saturday,Weekend
54012,SDLP TKJ PAS,SADULPUR JN,TILAK BRIDGE,Saturday,Weekend
54013,ROK BNW PASS,ROHTAK JN.,BHIWANI JN.,Friday,Weekday
54014,BNW ROK PASS,BHIWANI JN.,ROHTAK JN.,Friday,Weekday
54015,ROK-BNW PASS,ROHTAK JN.,BHIWANI JN.,Saturday,Weekend
54016,BNW ROK PASS,BHIWANI JN.,ROHTAK JN.,Saturday,Weekend
54018,BNW-ROK PASS,BHIWANI JN.,ROHTAK JN.,Tuesday,Weekday
54019,RE-ROK PASS,REWARI JN.,ROHTAK JN.,Wednesday,Weekday
54023,ROHTAK JIND,ROHTAK JN.,JIND JN,Sunday,Weekend
54024,JIND DELHI P,JIND JN,DELHI JN.,Tuesday,Weekday
54025,ROK-PNP PASS,ROHTAK JN.,PANIPAT JN.,Saturday,Weekend
54026,PNP-ROK PASS,PANIPAT JN.,ROHTAK JN.,Thursday,Weekday
54031,DELHI JIND P,DELHI JN.,JIND JN,Friday,Weekday
54032,NRW- DELHI P,JIND JN,DELHI JN.,Monday,Weekday
54033,DELHI JIND P,DELHI JN.,NARWANA JN.,Sunday,Weekend
54034,JIND DELHI P,JIND JN,DELHI JN.,Thursday,Weekday
54035,DELHI JIND J,DELHI JN.,JAKHAL JN.,Saturday,Weekend
54036,JAKHAL JIND,JAKHAL JN.,DELHI JN.,Tuesday,Weekday
54037,KKDE-JIND PA,KURUKSHETRA JN.,JIND JN,Sunday,Weekend
54038,JIND-KKDE PA,JIND JN,KURUKSHETRA JN.,Thursday,Weekday
54039,KKDE-JIND PA,KURUKSHETRA JN.,JIND JN,Saturday,Weekend
54040,JIND-KKDE PA,JIND JN,KURUKSHETRA JN.,Thursday,Weekday
54041,KKDE-JIND PA,KURUKSHETRA JN.,JIND JN,Friday,Weekday
54042,JIND-KKDE PA,JIND JN,KURUKSHETRA JN.,Tuesday,Weekday
54043,JIND -HSR PA,JIND JN,HISAR JN,Thursday,Weekday
54044,HSR-JIND PAS,HISAR JN,JIND JN,Tuesday,Weekday
54045,JHI - FZR PA,JIND JN,FIROZPUR CANTT JN.,Sunday,Weekend
54046,FZR - JHI PA,FIROZPUR CANTT JN.,JIND JN,Monday,Weekday
54047,KKDE-JIND PA,KURUKSHETRA JN.,JIND JN,Tuesday,Weekday
54048,JIND,JIND JN,KURUKSHETRA JN.,Saturday,Weekend
54049,ROK PNP JIND,ROHTAK JN.,JIND JN,Sunday,Weekend
54050,JIND PAINPAT,JIND JN,ROHTAK JN.,Friday,Weekday
54051,LDH-FZR PASS,LUDHIANA JN.,FIROZPUR CANTT JN.,Wednesday,Weekday
54052,FZR-LDH PASS,FIROZPUR CANTT JN.,LUDHIANA JN.,Wednesday,Weekday
54053,JHL LDH PASS,JAKHAL JN.,LUDHIANA JN.,Tuesday,Weekday
54054,LUDHINA JHL,LUDHIANA JN.,JAKHAL JN.,Friday,Weekday
54055,MORADABAD DE,MORADABAD JN.,DELHI JN.,Saturday,Weekend
54056,MORADABAD DE,DELHI JN.,MORADABAD JN.,Monday,Weekday
54057,DELHI SMQL P,DELHI JN.,SHAMLI,Saturday,Weekend
54058,SMQL DLI PAS,SHAMLI,DELHI JN.,Wednesday,Weekday
54059,DLI SMQL PAS,DELHI JN.,SHAMLI,Thursday,Weekday
54060,SMQL DLI PAS,SHAMLI,DELHI JN.,Tuesday,Weekday
54075,SHAJANPUR DE,SITAPUR CITY JN.,DELHI JN.,Thursday,Weekday
54076,DELHI SHAJAN,DELHI JN.,SITAPUR CITY JN.,Tuesday,Weekday
54077,BE-MB,BAREILLY JN.,MORADABAD JN.,Friday,Weekday
54078,MB-BE PASSEN,MORADABAD JN.,BAREILLY JN.,Monday,Weekday
54085,DLI-RE PASSA,DELHI JN.,REWARI JN.,Tuesday,Weekday
54086,RE-DLI PASSE,REWARI JN.,DELHI JN.,Saturday,Weekend
54091,NBD-KTW,NAJIBABAD JN.,KOTDWARA,Tuesday,Weekday
54092,KTW-NBD PASS,KOTDWARA,NAJIBABAD JN.,Friday,Weekday
54101,UCR-CNB-PASS,PRAYAG JN.,KANPUR CENTRAL JN.,Sunday,Weekend
54102,ALD-UCR-CNB-,KANPUR CENTRAL JN.,PRAYAG JN.,Thursday,Weekday
54103,CAR-ALD PASS,CHUNAR JN.,ALLAHABAD JN.,Monday,Weekday
54104,ALD-CAR PASS,ALLAHABAD JN.,CHUNAR JN.,Sunday,Weekend
54107,JNU-ALD-PASS,ALLAHABAD JN.,JAUNPUR JN.,Tuesday,Weekday
54108,ALD-JNU-PASS,JAUNPUR JN.,ALLAHABAD JN.,Wednesday,Weekday
54109,MGS - FD PAS,MUGHAL SARAI JN.,FAIZABAD JN.,Tuesday,Weekday
54110,MGS - FD PAS,FAIZABAD JN.,MUGHAL SARAI JN.,Tuesday,Weekday
54152,CNB-FTP-PASS,KANPUR CENTRAL JN.,FATEHPUR,Monday,Weekday
54153,RBL-UCR-CNB,RAE BARELI JN.,KANPUR CENTRAL JN.,Sunday,Weekend
54154,CNB-UCR-RBL,KANPUR CENTRAL JN.,RAE BARELI JN.,Thursday,Weekday
54155,CNB FBD PASS,KANPUR CENTRAL JN.,FARRUKHABAD JN,Saturday,Weekend
54156,FBD-CNB PASS,FARRUKHABAD JN,KANPUR CENTRAL JN.,Friday,Weekday
54158,FKD-CNB PASS,FARRUKHABAD JN,KANPUR ANWARGANJ,Tuesday,Weekday
54159,JHS-ALD PASS,JHANSI JN,ALLAHABAD JN.,Monday,Weekday
54161,KURJ-CNB-PAS,KHAJAURAHO,KANPUR CENTRAL JN.,Tuesday,Weekday
54162,CNB-KURJ-PAS,KANPUR CENTRAL JN.,KHAJAURAHO,Sunday,Weekend
54201,LKO-RBD PASS,LUCKNOW JN.,RAHIMABAD,Monday,Weekday
54211,RBL-CNB PASS,RAE BARELI JN.,KANPUR CENTRAL JN.,Tuesday,Weekday
54212,KANPUR RAI B,KANPUR CENTRAL JN.,RAE BARELI JN.,Saturday,Weekend
54221,RBL-DMW-LLJ-,RAE BARELI JN.,RAGHURAJ SINGH,Monday,Weekday
54222,LLJ-DMW-RBL,RAGHURAJ SINGH,RAE BARELI JN.,Thursday,Weekday
54223,RBL-DMW-LLJ-,RAE BARELI JN.,RAGHURAJ SINGH,Thursday,Weekday
54224,RBL-DMW-LLJ-,RAGHURAJ SINGH,RAE BARELI JN.,Friday,Weekday
54225,UCR-RBL PASS,UNCHAHAR JN.,RAE BARELI JN.,Wednesday,Weekday
54226,RBL-UCR PASS,RAE BARELI JN.,UNCHAHAR JN.,Monday,Weekday
54227,UCR-RBL PASS,UNCHAHAR JN.,RAE BARELI JN.,Friday,Weekday
54228,RBL-UCR PASS,RAE BARELI JN.,UNCHAHAR JN.,Tuesday,Weekday
54231,FD-LKO PASSE,FAIZABAD JN.,LUCKNOW JN.,Saturday,Weekend
54232,LKO-FD PASSE,LUCKNOW JN.,FAIZABAD JN.,Tuesday,Weekday
54233,FD - LKO PAS,FAIZABAD JN.,LUCKNOW JN.,Sunday,Weekend
54234,LKO-FD PASS,LUCKNOW JN.,FAIZABAD JN.,Tuesday,Weekday
54237,MUR-FD PASS,MANKAPUR JN.,FAIZABAD JN.,Saturday,Weekend
54238,FD-MUR PASS,FAIZABAD JN.,MANKAPUR JN.,Saturday,Weekend
54239,MUR-AY PASS,MANKAPUR JN.,AYODHYA,Sunday,Weekend
54240,AY-MUR PASS,AYODHYA,MANKAPUR JN.,Sunday,Weekend
54243,MUR-AY PASS,MANKAPUR JN.,AYODHYA,Saturday,Weekend
54244,AY-MUR PASS,AYODHYA,MANKAPUR JN.,Friday,Weekday
54251,LKO-SRE PASS,LUCKNOW JN.,SAHARANPUR JN.,Thursday,Weekday
54252,SRE - LKO PA,SAHARANPUR JN.,LUCKNOW JN.,Saturday,Weekend
54253,PYG-LKO PASS,PRAYAG JN.,LUCKNOW JN.,Wednesday,Weekday
54254,LKO-PYG PASS,LUCKNOW JN.,PRAYAG JN.,Saturday,Weekend
54255,BSB-LKO PASS,VARANASI JN.,LUCKNOW JN.,Monday,Weekday
54256,LKO-BSB PASS,LUCKNOW JN.,VARANASI JN.,Wednesday,Weekday
54261,MGS-BSB-JNU,MUGHAL SARAI JN.,JAUNPUR JN.,Thursday,Weekday
54262,JNU - BSB PA,JAUNPUR JN.,VARANASI JN.,Saturday,Weekend
54263,BSB-SLN PASS,VARANASI JN.,SULTANPUR JN.,Friday,Weekday
54264,SLN-BSB PASS,SULTANPUR JN.,VARANASI JN.,Saturday,Weekend
54265,BSB-SLN PASS,VARANASI JN.,SULTANPUR JN.,Saturday,Weekend
54266,SLN-BSB PASS,SULTANPUR JN.,VARANASI JN.,Monday,Weekday
54267,MGS-BSB PASS,MUGHAL SARAI JN.,VARANASI JN.,Saturday,Weekend
54268,BSB-MGS PASS,VARANASI JN.,MUGHAL SARAI JN.,Wednesday,Weekday
54270,BSB-MGSPASSE,VARANASI JN.,MUGHAL SARAI JN.,Thursday,Weekday
54271,ARA-SSM-MGS,ARA,MUGHAL SARAI JN.,Thursday,Weekday
54272,MGS-ARA  PAS,MUGHAL SARAI JN.,ARA,Wednesday,Weekday
54273,ARA-SSM PASS,ARA,SASARAM,Thursday,Weekday
54274,SSM-ARA PASS,SASARAM,ARA,Thursday,Weekday
54281,SLN-LKO PASS,SULTANPUR JN.,LUCKNOW JN.,Sunday,Weekend
54282,LKO-SLN PASS,LUCKNOW JN.,SULTANPUR JN.,Friday,Weekday
54283,SLN-LKO PASS,SULTANPUR JN.,LUCKNOW JN.,Tuesday,Weekday
54284,LKO-SLN,LUCKNOW JN.,SULTANPUR JN.,Wednesday,Weekday
54291,BSB-PBH PASS,VARANASI JN.,PARTAPGARH JN.,Thursday,Weekday
54292,PBH-BSB PASS,PARTAPGARH JN.,VARANASI JN.,Wednesday,Weekday
54293,PBH-LKO PASS,PARTAPGARH JN.,LUCKNOW JN.,Friday,Weekday
54294,LKO-PBH PASS,LUCKNOW JN.,PARTAPGARH JN.,Wednesday,Weekday
54303,DLI-KLK PASS,DELHI JN.,KALKA,Wednesday,Weekday
54304,KLK DLI PASS,KALKA,DELHI JN.,Wednesday,Weekday
54307,MB-DLI PASSE,MORADABAD JN.,DELHI JN.,Thursday,Weekday
54308,DELHI MORADA,DELHI JN.,MORADABAD JN.,Thursday,Weekday
54309,DLI-RE PASSE,DELHI JN.,REWARI JN.,Monday,Weekday
54310,RE-DLI PASSE,REWARI JN.,DELHI JN.,Sunday,Weekend
54311,BAREILLY MOR,BAREILLY JN.,MORADABAD JN.,Friday,Weekday
54312,MORADABAD CH,MORADABAD JN.,BAREILLY JN.,Tuesday,Weekday
54313,CHANDAUSI MO,CHANDAUSI JN.,MORADABAD JN.,Wednesday,Weekday
54314,MORADABAD CH,MORADABAD JN.,CHANDAUSI JN.,Sunday,Weekend
54321,PASSENGER,BALAMAU JN.,SITAPUR CANTT,Friday,Weekday
54322,PASSENGER,SITAPUR CANTT,BALAMAU JN.,Wednesday,Weekday
54323,PASSENGER,BURHWAL JN.,SITAPUR CANTT,Thursday,Weekday
54324,PASSENGER,SITAPUR CANTT,BURHWAL JN.,Sunday,Weekend
54325,CNB SPC BLM,SITAPUR CITY JN.,KANPUR CENTRAL JN.,Monday,Weekday
54326,SPC BLM CNB,KANPUR CENTRAL JN.,SITAPUR CITY JN.,Sunday,Weekend
54327,SPC SPN PASS,SITAPUR CITY JN.,SHAHJAHANPUR JN,Friday,Weekday
54328,SPN SCC PASS,SHAHJAHANPUR JN,SITAPUR CITY JN.,Thursday,Weekday
54329,BALAMAU SHAH,BALAMAU JN.,SHAHJAHANPUR JN,Saturday,Weekend
54330,SPN-BLM PASS,SHAHJAHANPUR JN,BALAMAU JN.,Saturday,Weekend
54331,LUCKNOW BALA,LUCKNOW JN.,BALAMAU JN.,Thursday,Weekday
54332,PASSENGER,BALAMAU JN.,LUCKNOW JN.,Monday,Weekday
54333,BSB-LKO PASS,VARANASI JN.,LUCKNOW JN.,Saturday,Weekend
54334,LKO-BSB PASS,LUCKNOW JN.,VARANASI JN.,Friday,Weekday
54335,BALAMAU-KANP,BALAMAU JN.,KANPUR CENTRAL JN.,Thursday,Weekday
54336,CNB - BLM PA,KANPUR CENTRAL JN.,BALAMAU JN.,Sunday,Weekend
54341,SRE - DDN PA,SAHARANPUR JN.,DEHRA DUN,Monday,Weekday
54342,DDN - SRE PA,DEHRA DUN,SAHARANPUR JN.,Monday,Weekday
54351,ALIGARH BARE,ALIGARH JN.,BAREILLY JN.,Wednesday,Weekday
54352,BE - ALJN PA,BAREILLY JN.,ALIGARH JN.,Friday,Weekday
54353,ALJN-BE PASS,ALIGARH JN.,BAREILLY JN.,Sunday,Weekend
54354,BARELLY ALIG,BAREILLY JN.,ALIGARH JN.,Wednesday,Weekday
54355,ROZA BARELLY,ROZA JN,BAREILLY JN.,Monday,Weekday
54356,BE - RAC PAS,BAREILLY JN.,ROZA JN,Thursday,Weekday
54371,PRG-BE PASS.,PRAYAG JN.,FAIZABAD JN.,Monday,Weekday
54372,FD-PRG PASSE,FAIZABAD JN.,PRAYAG JN.,Monday,Weekday
54373,PRG-FD PASSE,PRAYAG JN.,FAIZABAD JN.,Monday,Weekday
54374,FD-PRG PASSE,FAIZABAD JN.,PRAYAG JN.,Thursday,Weekday
54375,PRG- JNU PAS,PRAYAG JN.,JAUNPUR JN.,Thursday,Weekday
54376,JNU-PRG PASS,JAUNPUR JN.,PRAYAG JN.,Monday,Weekday
54377,PRAYAG- BARE,PRAYAG JN.,BAREILLY JN.,Saturday,Weekend
54378,BE-PRG PASSE,BAREILLY JN.,PRAYAG JN.,Tuesday,Weekday
54381,GAJRAULA NAJ,GAJRAULA JN.,NAJIBABAD JN.,Saturday,Weekend
54382,NBD-GJL PASS,NAJIBABAD JN.,GAJRAULA JN.,Saturday,Weekend
54383,GJL-NBD PASS,GAJRAULA JN.,NAJIBABAD JN.,Friday,Weekday
54384,NAJIBABAD GA,NAJIBABAD JN.,GAJRAULA JN.,Thursday,Weekday
54385,NBD KTW PASS,NAJIBABAD JN.,KOTDWARA,Sunday,Weekend
54386,KTW NBD PASS,KOTDWARA,NAJIBABAD JN.,Thursday,Weekday
54387,NBD KTW PASS,NAJIBABAD JN.,KOTDWARA,Wednesday,Weekday
54388,KOTDEWAR NBD,KOTDWARA,NAJIBABAD JN.,Sunday,Weekend
54389,NBD KTW PASS,NAJIBABAD JN.,KOTDWARA,Monday,Weekday
54390,KOTDEWAR NBD,KOTDWARA,NAJIBABAD JN.,Wednesday,Weekday
54391,ALJN-MB PASS,ALIGARH JN.,MORADABAD JN.,Friday,Weekday
54392,MB-ALJN PASS,MORADABAD JN.,ALIGARH JN.,Saturday,Weekend
54393,MB-GJL PASSE,MORADABAD JN.,GAJRAULA JN.,Sunday,Weekend
54394,GJL-MB PASSE,GAJRAULA JN.,MORADABAD JN.,Monday,Weekday
54395,MB-NBD PASSE,MORADABAD JN.,NAJIBABAD JN.,Sunday,Weekend
54396,NBD-MB PASSE,NAJIBABAD JN.,MORADABAD JN.,Saturday,Weekend
54397,SHTS-MB PASS,SAMBAHAL HATIM SARAI,MORADABAD JN.,Sunday,Weekend
54398,MB-SHTS PASS,MORADABAD JN.,SAMBAHAL HATIM SARAI,Monday,Weekday
54401,KHURJA MEERU,KHURJA JN,MEERUT CITY JN.,Saturday,Weekend
54402,MTC-KRJ PASS,MEERUT CITY JN.,KHURJA JN,Friday,Weekday
54403,KHURJA MEERU,KHURJA JN,MEERUT CITY JN.,Monday,Weekday
54404,MEERUT CITY,MEERUT CITY JN.,KHURJA JN,Saturday,Weekend
54405,KHURJA MEERU,KHURJA JN,MEERUT CITY JN.,Friday,Weekday
54406,MTC -KRJ PAS,MEERUT CITY JN.,KHURJA JN,Wednesday,Weekday
54411,RE-MTC PASSE,REWARI JN.,MEERUT CANT,Tuesday,Weekday
54412,MTC-RE PASSE,MEERUT CANT,REWARI JN.,Saturday,Weekend
54413,DLI-RE PASSE,DELHI JN.,REWARI JN.,Saturday,Weekend
54414,RE-DLI PASSE,REWARI JN.,DELHI JN.,Thursday,Weekday
54416,RE-DLI PASSE,REWARI JN.,DELHI JN.,Sunday,Weekend
54417,DLI-RE PASSE,DELHI JN.,REWARI JN.,Monday,Weekday
54420,RE-DLI PASSE,REWARI JN.,DELHI JN.,Friday,Weekday
54421,DLI-RE PASSE,DELHI JN.,REWARI JN.,Friday,Weekday
54423,DLI-BNW  PAS,DELHI JN.,BHIWANI JN.,Thursday,Weekday
54424,BIWANI ROHTA,BHIWANI JN.,DELHI JN.,Saturday,Weekend
54461,BKI-BARELLY,BANDIKUI JN.,BAREILLY JN.,Monday,Weekday
54462,BE/BKI PASS,BAREILLY JN.,BANDIKUI JN.,Monday,Weekday
54463,CH-RKSH PASS,CHANDAUSI JN.,RISHIKESH,Monday,Weekday
54464,RKSH-CH PASS,RISHIKESH,CHANDAUSI JN.,Monday,Weekday
54465,FBD-TDL PASS,FARRUKHABAD JN,TUNDLA JN,Friday,Weekday
54466,TDL-FKD PASS,TUNDLA JN,FARRUKHABAD JN,Tuesday,Weekday
54467,TDL-ETH PASS,TUNDLA JN,ETAH,Sunday,Weekend
54468,ETH-TDL,ETAH,TUNDLA JN,Wednesday,Weekday
54469,TDL-ETH PASS,TUNDLA JN,ETAH,Friday,Weekday
54470,ETH-TDL PASS,ETAH,TUNDLA JN,Thursday,Weekday
54471,DLI - RKSH P,DELHI JN.,RISHIKESH,Friday,Weekday
54472,RKSH-DLI PAS,RISHIKESH,DELHI JN.,Monday,Weekday
54473,DLI SRE PASS,DELHI JN.,SAHARANPUR JN.,Saturday,Weekend
54474,SAHARANPUR N,SAHARANPUR JN.,DELHI JN.,Tuesday,Weekday
54475,DLI - HW PAS,DELHI JN.,HARIDWAR JN,Wednesday,Weekday
54476,DLI - HW PAS,HARIDWAR JN,DELHI JN.,Friday,Weekday
54481,HW - RKSH PA,HARIDWAR JN,RISHIKESH,Tuesday,Weekday
54482,RKSH - HW PA,RISHIKESH,HARIDWAR JN,Friday,Weekday
54483,HW-RKSH PASS,HARIDWAR JN,RISHIKESH,Saturday,Weekend
54484,RKSH-HW PASS,RISHIKESH,HARIDWAR JN,Sunday,Weekend
54485,HW-RKSH PASS,HARIDWAR JN,RISHIKESH,Thursday,Weekday
54486,RKSH-HW PASS,RISHIKESH,HARIDWAR JN,Friday,Weekday
54531,UMB KLK PASS,AMBALA CANTT JN,KALKA,Monday,Weekday
54532,KLK UMB PASS,KALKA,AMBALA CANTT JN,Wednesday,Weekday
54539,DELHI AMBALA,HAZRAT NIZAMUDDIN JN,AMBALA CANTT JN,Monday,Weekday
54540,AMBALA DELHI,AMBALA CANTT JN,HAZRAT NIZAMUDDIN JN,Thursday,Weekday
54541,MEERUT AMBAL,MEERUT CITY JN.,AMBALA CANTT JN,Tuesday,Weekday
54542,AMBALA MEERU,AMBALA CANTT JN,MEERUT CITY JN.,Sunday,Weekend
54551,UMB - BTI PA,AMBALA CANTT JN,BATHINDA JN,Thursday,Weekday
54552,BTI - UMB PA,BATHINDA JN,AMBALA CANTT JN,Sunday,Weekend
54553,UMB - DUI PA,AMBALA CANTT JN,DHURI JN.,Saturday,Weekend
54555,DUI - BTI PA,DHURI JN.,BATHINDA JN,Thursday,Weekday
54556,BTI - UMB PA,BATHINDA JN,AMBALA CANTT JN,Sunday,Weekend
54557,UMB - PTA PA,AMBALA CANTT JN,PATIALA,Thursday,Weekday
54558,PTA - UMB PA,PATIALA,AMBALA CANTT JN,Wednesday,Weekday
54559,BTI-FKA,BATHINDA JN,FAZILKA JN.,Sunday,Weekend
54560,FKA-BTI PASS,FAZILKA JN.,BATHINDA JN,Friday,Weekday
54561,BTI - FZR  P,BATHINDA JN,FIROZPUR CANTT JN.,Friday,Weekday
54562,FZR BTI  PAS,FIROZPUR CANTT JN.,BATHINDA JN,Sunday,Weekend
54563,BTI - FZR PA,BATHINDA JN,FIROZPUR CANTT JN.,Tuesday,Weekday
54564,FZR -  BTI,FIROZPUR CANTT JN.,BATHINDA JN,Wednesday,Weekday
54571,LDH - FZR PA,LUDHIANA JN.,FIROZPUR CANTT JN.,Tuesday,Weekday
54572,FZR - LDH PA,FIROZPUR CANTT JN.,LUDHIANA JN.,Sunday,Weekend
54575,LDH - LNK PA,LUDHIANA JN.,LOHIAN KHAS JN.,Saturday,Weekend
54576,LNK - LDH PA,LOHIAN KHAS JN.,LUDHIANA JN.,Wednesday,Weekday
54581,NLDM - UNA P,NANGAL DAM,AMB ANDAURA,Saturday,Weekend
54582,UNA - NLDM P,AMB ANDAURA,NANGAL DAM,Friday,Weekday
54601,HSR-ASR PASS,HISAR JN,AMRITSAR JN.,Saturday,Weekend
54602,ASR-HSR PASS,AMRITSAR JN.,SADULPUR JN,Friday,Weekday
54603,HSR-LDH PASS,HISAR JN,LUDHIANA JN.,Monday,Weekday
54604,LDH-HSR PASS,LUDHIANA JN.,HISAR JN,Thursday,Weekday
54605,SDLP-LDH PAS,SADULPUR JN,LUDHIANA JN.,Wednesday,Weekday
54606,LDH-HSR PASS,LUDHIANA JN.,HISAR JN,Friday,Weekday
54611,ASR-PTK PASS,AMRITSAR JN.,PATHANKOT JN.,Tuesday,Weekday
54612,PTK-ASR  PAS,PATHANKOT JN.,AMRITSAR JN.,Friday,Weekday
54613,ASR-PTKPASS,AMRITSAR JN.,PATHANKOT JN.,Friday,Weekday
54614,PTK-ASR PASS,PATHANKOT JN.,AMRITSAR JN.,Sunday,Weekend
54615,ASR - PTK PA,AMRITSAR JN.,PATHANKOT JN.,Tuesday,Weekday
54616,PTK-ASR PASS,PATHANKOT JN.,AMRITSAR JN.,Tuesday,Weekday
54621,JUC - PTK PA,JALANDHAR CITY JN.,PATHANKOT JN.,Tuesday,Weekday
54622,PTK - JUC PA,PATHANKOT JN.,JALANDHAR CITY JN.,Saturday,Weekend
54625,JJJ - JUC PA,JAIJON DOABA,JALANDHAR CITY JN.,Friday,Weekday
54626,JUC - JJJ PA,JALANDHAR CITY JN.,JAIJON DOABA,Saturday,Weekend
54631,DUI JHL HSR,BHIWANI JN.,DHURI JN.,Wednesday,Weekday
54632,DHURI -SSA P,DHURI JN.,SIRSA,Tuesday,Weekday
54633,SIRSA- LUDHI,SIRSA,LUDHIANA JN.,Tuesday,Weekday
54634,LDH HSR PASS,LUDHIANA JN.,BHIWANI JN.,Friday,Weekday
54635,HISAR LUDHIN,HISAR JN,LUDHIANA JN.,Wednesday,Weekday
54636,LUDHINA HISA,LUDHIANA JN.,HISAR JN,Thursday,Weekday
54637,JUC-HSX PASS,HOSHIARPUR,JALANDHAR CITY JN.,Sunday,Weekend
54638,HSX-JUC DMU,JALANDHAR CITY JN.,HOSHIARPUR,Monday,Weekday
54641,DLI-FZR PASS,DELHI JN.,FIROZPUR CANTT JN.,Friday,Weekday
54642,FZR - DLI PA,FIROZPUR CANTT JN.,DELHI JN.,Tuesday,Weekday
54643,JUC-FZR DMU,JALANDHAR CITY JN.,FIROZPUR CANTT JN.,Wednesday,Weekday
54644,FZR-JUC PASS,FIROZPUR CANTT JN.,JALANDHAR CITY JN.,Saturday,Weekend
54645,LDH-FZR PASS,LUDHIANA JN.,FIROZPUR CANTT JN.,Tuesday,Weekday
54646,FZR-LDH PASS,FIROZPUR CANTT JN.,LUDHIANA JN.,Friday,Weekday
54651,JAT-UHP DMU,JAMMU TAWI,UDHAMPUR,Wednesday,Weekday
54654,UHP-JAT DMU,UDHAMPUR,JAMMU TAWI,Friday,Weekday
54701,BTI LGH PASN,BATHINDA JN,LALGARH JN.,Monday,Weekday
54702,LGH-ABS PASS,LALGARH JN.,ABOHAR,Thursday,Weekday
54703,ABS JU PASSE,ABOHAR,JODHPUR JN.,Wednesday,Weekday
54704,JU BTI PASEN,JODHPUR JN.,BATHINDA JN,Wednesday,Weekday
54751,RE-SGNR  PAS,REWARI JN.,SHRI GANGANAGAR,Monday,Weekday
54752,SGNR-RE PASS,SHRI GANGANAGAR,REWARI JN.,Thursday,Weekday
54753,BTI-SGNR PAS,BATHINDA JN,SHRI GANGANAGAR,Wednesday,Weekday
54754,SGNR-BTI PAS,SHRI GANGANAGAR,BATHINDA JN,Thursday,Weekday
54755,BTI-SGNR PAS,BATHINDA JN,SHRI GANGANAGAR,Tuesday,Weekday
54756,SGNR-BTI PAS,SHRI GANGANAGAR,BATHINDA JN,Sunday,Weekend
54757,UMB-SGNR PAS,AMBALA CANTT JN,SHRI GANGANAGAR,Monday,Weekday
54758,SGNR-UMB PAS,SHRI GANGANAGAR,AMBALA CANTT JN,Monday,Weekday
54759,SGNR-SOG PAS,SHRI GANGANAGAR,SURATGARH JN.,Wednesday,Weekday
54760,SOG-SGNR PAS,SURATGARH JN.,SHRI GANGANAGAR,Wednesday,Weekday
54761,SGNR-SOG PAS,SHRI GANGANAGAR,SURATGARH JN.,Sunday,Weekend
54762,SOG-SGNR PAS,SURATGARH JN.,SHRI GANGANAGAR,Friday,Weekday
54763,SDLP SGNR PA,SADULPUR JN,SHRI GANGANAGAR,Sunday,Weekend
54764,SGNR SDLP PA,SHRI GANGANAGAR,SADULPUR JN,Tuesday,Weekday
54765,DUI-BTI PASS,DHURI JN.,BATHINDA JN,Saturday,Weekend
54766,BTI-DUI PASS,BATHINDA JN,DHURI JN.,Saturday,Weekend
54781,BTI-RE PAASE,BATHINDA JN,REWARI JN.,Tuesday,Weekday
54782,RE-BTI PASS,REWARI JN.,BATHINDA JN,Wednesday,Weekday
54783,FKA-RE PASSE,FAZILKA JN.,REWARI JN.,Wednesday,Weekday
54784,RE-FKA PASSE,REWARI JN.,FAZILKA JN.,Saturday,Weekend
54785,FZR-FKA PASS,FIROZPUR CANTT JN.,FAZILKA JN.,Saturday,Weekend
54786,FKA-FZR PASS,FAZILKA JN.,FIROZPUR CANTT JN.,Saturday,Weekend
54787,BNW-RE PASSE,BHIWANI JN.,REWARI JN.,Friday,Weekday
54788,RE-BNW PASSE,REWARI JN.,BHIWANI JN.,Thursday,Weekday
54789,RE BKN PASSE,REWARI JN.,BIKANER JN.,Wednesday,Weekday
54790,BKN RE PASSE,BIKANER JN.,REWARI JN.,Saturday,Weekend
54791,MTJ-BNW PASS,MATHURA JN.,BHIWANI JN.,Saturday,Weekend
54792,BNW-MTJ PASS,BHIWANI JN.,MATHURA JN.,Thursday,Weekday
54793,SWM-MTJ PASS,SAWAI MADHOPUR JN,MATHURA JN.,Saturday,Weekend
54794,MTJ-SWM PASS,MATHURA JN.,SAWAI MADHOPUR JN,Tuesday,Weekday
54803,JU - ADI PAS,JODHPUR JN.,AHMEDABAD,Wednesday,Weekday
54804,ADI - JU PAS,AHMEDABAD,JODHPUR JN.,Tuesday,Weekday
54805,JAIPUR PASSE,AHMEDABAD,JAIPUR JN.,Wednesday,Weekday
54806,JP ADI PASSN,JAIPUR JN.,AHMEDABAD,Monday,Weekday
54809,RE-JU PASS,REWARI JN.,JODHPUR JN.,Sunday,Weekend
54810,JU-RE PASSEN,JODHPUR JN.,REWARI JN.,Monday,Weekday
54813,JU-BME PASS,JODHPUR JN.,BARMER,Thursday,Weekday
54819,JSM-JU    PA,JAISALMER,JODHPUR JN.,Wednesday,Weekday
54820,JU-JSM  PASS,JODHPUR JN.,JAISALMER,Saturday,Weekend
54822,MKN PBC PASS,MAKRANA JN.,PARVATSAR CITY,Sunday,Weekend
54825,JU-BARA  PAS,JODHPUR JN.,BILARA,Saturday,Weekend
54826,BARA-JU  PAS,BILARA,JODHPUR JN.,Wednesday,Weekday
54833,JP HSR PASS,JAIPUR JN.,HISAR JN,Saturday,Weekend
54834,HSR JP PASS,HISAR JN,JAIPUR JN.,Monday,Weekday
54835,HSR-RE PAS.,HISAR JN,REWARI JN.,Thursday,Weekday
54836,RE-HSR PASS.,REWARI JN.,HISAR JN,Wednesday,Weekday
54881,BME - MBF PA,BARMER,MUNABAO,Friday,Weekday
54882,MBF - BME PA,MUNABAO,BARMER,Sunday,Weekend
55001,GKP-AY PASSE,GORAKHPUR JN.,AYODHYA,Monday,Weekday
55002,AY-GKP  PASS,AYODHYA,GORAKHPUR JN.,Saturday,Weekend
55007,PPTA-GKP PAS,PATLIPUTRA,GORAKHPUR JN.,Monday,Weekday
55008,GKP-PPTA PAS,GORAKHPUR JN.,PATLIPUTRA,Sunday,Weekend
55009,BTT-CPR- PAS,CHHAPRA JN.,BHATNI JN.,Tuesday,Weekday
55010,CPR-BTT PASS,BHATNI JN.,CHHAPRA JN.,Monday,Weekday
55011,SV-GKP PASSE,SIWAN JN.,GORAKHPUR JN.,Tuesday,Weekday
55012,GKP-SV PASSE,GORAKHPUR JN.,SIWAN JN.,Wednesday,Weekday
55013,CPR-BSB PASS,CHHAPRA JN.,VARANASI CITY,Friday,Weekday
55014,MUV-CPR PASS,VARANASI CITY,CHHAPRA JN.,Friday,Weekday
55017,PR-MAU PASSA,CHHAPRA JN.,MAU JN.,Saturday,Weekend
55018,MAU-CPR PASS,MAU JN.,CHHAPRA JN.,Tuesday,Weekday
55019,CPR-GKP PASS,CHHAPRA JN.,GORAKHPUR JN.,Monday,Weekday
55020,GKP-CPR PASS,GORAKHPUR JN.,CHHAPRA JN.,Monday,Weekday
55021,SPJ-SV PASSE,SAMASTIPUR JN.,SIWAN JN.,Saturday,Weekend
55022,SV-SPJ PASSE,SIWAN JN.,SAMASTIPUR JN.,Sunday,Weekend
55025,GKP-GD  PASS,GORAKHPUR JN.,GONDA JN.,Monday,Weekday
55026,GD-GKP PASSE,GONDA JN.,GORAKHPUR JN.,Tuesday,Weekday
55027,GKP-GD PASSE,GORAKHPUR JN.,GONDA JN.,Saturday,Weekend
55028,GD-GKP  PASS,GONDA JN.,GORAKHPUR JN.,Sunday,Weekend
55029,NKE-GKP PASS,NARKATIAGANJ JN.,GORAKHPUR JN.,Wednesday,Weekday
55030,GKP-NKE PASS,GORAKHPUR JN.,NARKATIAGANJ JN.,Friday,Weekday
55031,JEA-LJN  PAS,NAKAHA JUNGLE,LUCKNOW JN.,Friday,Weekday
55032,DAL-JEA PASS,DALIGANJ JN,NAKAHA JUNGLE,Tuesday,Weekday
55033,GD-SSC  PASS,GONDA JN.,SITAPUR CANTT,Wednesday,Weekday
55034,SPC-GD  PASS,SITAPUR CITY JN.,GONDA JN.,Tuesday,Weekday
55035,GD-SCC PASSE,GONDA JN.,SITAPUR CANTT,Sunday,Weekend
55036,SCC-GD PASSE,SITAPUR CANTT,GONDA JN.,Sunday,Weekend
55037,BUW-SPC  PAS,BURHWAL JN.,SITAPUR CITY JN.,Wednesday,Weekday
55038,SCC-BUW  PAS,SITAPUR CANTT,BURHWAL JN.,Sunday,Weekend
55041,NKE-GKP PASS,NARKATIAGANJ JN.,GORAKHPUR JN.,Saturday,Weekend
55042,GKP-BTH PASS,GORAKHPUR JN.,BETTIAH,Wednesday,Weekday
55043,GKP-NTV PASS,GORAKHPUR JN.,NAUTANWA,Wednesday,Weekday
55044,NTV-GKP PASS,NAUTANWA,GORAKHPUR JN.,Thursday,Weekday
55045,SCC-SPN PASS,SITAPUR CANTT,SHAHJAHANPUR JN,Wednesday,Weekday
55046,SPN-SCC PASS,SHAHJAHANPUR JN,SITAPUR CANTT,Monday,Weekday
55049,JEA-DAL PASS,NAKAHA JUNGLE,DALIGANJ JN,Thursday,Weekday
55050,LJN-JEA  PAS,LUCKNOW JN.,NAKAHA JUNGLE,Wednesday,Weekday
55051,GKP- NTV PAS,GORAKHPUR JN.,NAUTANWA,Friday,Weekday
55052,NTV-GKP  PAS,NAUTANWA,GORAKHPUR JN.,Sunday,Weekend
55055,CPJ-GKP PASS,KAPTANGANJ JN.,GORAKHPUR JN.,Tuesday,Weekday
55056,GKP-CPJ PASS,GORAKHPUR JN.,KAPTANGANJ JN.,Sunday,Weekend
55071,NKE-GKP PASS,NARKATIAGANJ JN.,GORAKHPUR JN.,Thursday,Weekday
55072,GKP-NKE PASS,GORAKHPUR JN.,NARKATIAGANJ JN.,Thursday,Weekday
55073,NKE-GKP PASS,NARKATIAGANJ JN.,GORAKHPUR JN.,Tuesday,Weekday
55074,GKP-NKE PASS,GORAKHPUR JN.,NARKATIAGANJ JN.,Tuesday,Weekday
55075,SV-GKP PASSA,SIWAN JN.,GORAKHPUR JN.,Sunday,Weekend
55076,GKP-SV PASSA,GORAKHPUR JN.,SIWAN JN.,Monday,Weekday
55077,GKP-BNY PASS,GORAKHPUR JN.,BARHNI,Monday,Weekday
55078,BNY-GKP PASS,BARHNI,GORAKHPUR JN.,Thursday,Weekday
55079,BTH-GKP PASS,BETTIAH,GORAKHPUR JN.,Sunday,Weekend
55080,GKP-NKE PASS,GORAKHPUR JN.,NARKATIAGANJ JN.,Tuesday,Weekday
55081,NKE-GKP PASS,NARKATIAGANJ JN.,GORAKHPUR JN.,Wednesday,Weekday
55082,GKP-NKE PASS,GORAKHPUR JN.,NARKATIAGANJ JN.,Thursday,Weekday
55101,BTT-BHJ  PAS,BHATNI JN.,BARHAJ BAZAR,Wednesday,Weekday
55102,BHJ-BTT PASS,BARHAJ BAZAR,BHATNI JN.,Thursday,Weekday
55103,BTT-BHJ  PAS,BHATNI JN.,BARHAJ BAZAR,Saturday,Weekend
55104,BHJ-BTT PASS,BARHAJ BAZAR,BHATNI JN.,Monday,Weekday
55105,SRU-BHJ PASS,SALEMPUR JN.,BARHAJ BAZAR,Monday,Weekday
55106,BHJ-SRU PASS,BARHAJ BAZAR,SALEMPUR JN.,Saturday,Weekend
55107,SV-THE PASSE,SIWAN JN.,THAWE JN.,Tuesday,Weekday
55108,THE-SV PASSE,THAWE JN.,SIWAN JN.,Saturday,Weekend
55109,SV-THE PASSE,SIWAN JN.,THAWE JN.,Thursday,Weekday
55110,THE-SV PASSE,THAWE JN.,SIWAN JN.,Sunday,Weekend
55111,SV-THE PASSE,SIWAN JN.,THAWE JN.,Friday,Weekday
55112,THE-SV PASSE,THAWE JN.,SIWAN JN.,Sunday,Weekend
55113,SV-THE PASSE,SIWAN JN.,THAWE JN.,Friday,Weekday
55114,THE-SV PASSE,THAWE JN.,SIWAN JN.,Friday,Weekday
55115,CPR-SV PASSE,CHHAPRA JN.,BHATNI JN.,Wednesday,Weekday
55116,SV-CPR PASSE,BHATNI JN.,CHHAPRA JN.,Saturday,Weekend
55119,GKP-BSB PASS,GORAKHPUR JN.,VARANASI CITY,Thursday,Weekday
55120,BSB-GKP PASS,VARANASI CITY,GORAKHPUR JN.,Sunday,Weekend
55122,MUV-BTT PASS,MANDUADIH,BHATNI JN.,Saturday,Weekend
55123,BTT-BCY PASS,BHATNI JN.,VARANASI CITY,Friday,Weekday
55125,MUV - ALY  P,MANDUADIH,ALLAHABAD CITY,Sunday,Weekend
55126,ALY-BSB PASS,ALLAHABAD CITY,MANDUADIH,Tuesday,Weekday
55127,BSB- ALY  PA,MANDUADIH,ALLAHABAD CITY,Saturday,Weekend
55128,ALY - MUV PA,ALLAHABAD CITY,MANDUADIH,Thursday,Weekday
55129,BSB-ALY PASS,MANDUADIH,ALLAHABAD CITY,Friday,Weekday
55130,ALY- MUV PAS,ALLAHABAD CITY,MANDUADIH,Thursday,Weekday
55131,CPR-BSB PASS,CHHAPRA JN.,VARANASI CITY,Friday,Weekday
55132,BCY-CPR PASS,VARANASI CITY,CHHAPRA JN.,Tuesday,Weekday
55133,BUI - BCY  P,BALLIA,VARANASI CITY,Wednesday,Weekday
55134,MUV - BUI  P,VARANASI CITY,BALLIA,Friday,Weekday
55135,AMH-MUV PASS,AZAMGARH,VARANASI CITY,Saturday,Weekend
55136,MUV-AMH PASS,VARANASI CITY,AZAMGARH,Saturday,Weekend
55137,BUI - SHG  P,BALLIA,SHAHGANJ JN.,Thursday,Weekday
55138,SHG - BUI  P,SHAHGANJ JN.,BALLIA,Monday,Weekday
55139,BUI- SHG PAS,BALLIA,SHAHGANJ JN.,Monday,Weekday
55140,SHG - BUI  P,SHAHGANJ JN.,BALLIA,Tuesday,Weekday
55141,GKP-NTV PASS,GORAKHPUR JN.,NAUTANWA,Friday,Weekday
55142,NTV-GKP PASS,NAUTANWA,GORAKHPUR JN.,Tuesday,Weekday
55143,ARJ-JNU PASS,AUNRIHAR JN.,JAUNPUR JN.,Sunday,Weekend
55144,JNU-ARJ PASS,JAUNPUR JN.,AUNRIHAR JN.,Friday,Weekday
55145,SRU-BHJ  PAS,SALEMPUR JN.,BARHAJ BAZAR,Wednesday,Weekday
55146,BHJ-SRU PASS,BARHAJ BAZAR,SALEMPUR JN.,Tuesday,Weekday
55149,GKP-BCY PASS,GORAKHPUR JN.,VARANASI CITY,Friday,Weekday
55150,BCY-GKP PASS,VARANASI CITY,GORAKHPUR JN.,Tuesday,Weekday
55159,ARJ- JNU PAS,AUNRIHAR JN.,JAUNPUR JN.,Monday,Weekday
55160,JNU-ARJ PASS,JAUNPUR JN.,AUNRIHAR JN.,Friday,Weekday
55163,SHG-MAU-ARJ,SHAHGANJ JN.,AUNRIHAR JN.,Sunday,Weekend
55164,ARJ-MAU-SHG,AUNRIHAR JN.,SHAHGANJ JN.,Sunday,Weekend
55165,CPR-DDA PASS,CHHAPRA JN.,DURAUNDHA JN,Wednesday,Weekday
55166,DDA-CPR PASS,DURAUNDHA JN,CHHAPRA JN.,Wednesday,Weekday
55167,DDA-SV PASSE,DURAUNDHA JN,SIWAN JN.,Thursday,Weekday
55168,SV-DDA PASSE,SIWAN JN.,DURAUNDHA JN,Saturday,Weekend
55169,DDA-SV PASSE,DURAUNDHA JN,SIWAN JN.,Tuesday,Weekday
55170,SV-DDA PASSE,SIWAN JN.,DURAUNDHA JN,Sunday,Weekend
55171,DDA-MGZ PASS,DURAUNDHA JN,MAHARAJGANJ,Thursday,Weekday
55172,MGZ-DDA PASS,MAHARAJGANJ,DURAUNDHA JN,Thursday,Weekday
55173,DDA-MGZ PASS,DURAUNDHA JN,MAHARAJGANJ,Thursday,Weekday
55174,MGZ-DDA PASS,MAHARAJGANJ,DURAUNDHA JN,Wednesday,Weekday
55175,DDA-MGZ PASS,DURAUNDHA JN,MAHARAJGANJ,Sunday,Weekend
55176,MGZ-DDA PASS,MAHARAJGANJ,DURAUNDHA JN,Saturday,Weekend
55177,DDA-MGZ PASS,DURAUNDHA JN,MAHARAJGANJ,Sunday,Weekend
55178,MGZ-DDA PASS,MAHARAJGANJ,DURAUNDHA JN,Tuesday,Weekday
55179,DDA-MGZ PASS,DURAUNDHA JN,MAHARAJGANJ,Wednesday,Weekday
55180,MGZ-DDA PASS,MAHARAJGANJ,DURAUNDHA JN,Thursday,Weekday
55181,THE-CI-PASSE,THAWE JN.,CHHAPRA KACHEHRI,Tuesday,Weekday
55182,THE-CI  PASS,CHHAPRA KACHEHRI,THAWE JN.,Saturday,Weekend
55183,CI-MHC PASSE,THAWE JN.,CHHAPRA KACHEHRI,Saturday,Weekend
55184,CI-THE PASSE,CHHAPRA KACHEHRI,THAWE JN.,Sunday,Weekend
55207,MFP-NKE PASS,MUZAFFARPUR JN.,NARKATIAGANJ JN.,Tuesday,Weekday
55208,NKE-MFP PASS,NARKATIAGANJ JN.,MUZAFFARPUR JN.,Friday,Weekday
55209,MFP-NKE PASS,MUZAFFARPUR JN.,NARKATIAGANJ JN.,Wednesday,Weekday
55211,MFP-RXL PASS,MUZAFFARPUR JN.,RAXAUL JN.,Saturday,Weekend
55212,RXL-MFP PASS,RAXAUL JN.,MUZAFFARPUR JN.,Monday,Weekday
55213,MFP-NKE PASS,MUZAFFARPUR JN.,NARKATIAGANJ JN.,Thursday,Weekday
55214,NKE-MFP  PAS,NARKATIAGANJ JN.,MUZAFFARPUR JN.,Sunday,Weekend
55215,MFP-PPTA PAS,MUZAFFARPUR JN.,PATLIPUTRA,Friday,Weekday
55216,PPTA-MFP PAS,PATLIPUTRA,MUZAFFARPUR JN.,Wednesday,Weekday
55217,MFP-PPTA PAS,MUZAFFARPUR JN.,PATLIPUTRA,Thursday,Weekday
55218,PPTA-MFP PAS,PATLIPUTRA,MUZAFFARPUR JN.,Saturday,Weekend
55220,NKE-MFP  PAS,NARKATIAGANJ JN.,MUZAFFARPUR JN.,Saturday,Weekend
55221,KIR-BJU PASS,KATIHAR JN.,BARAUNI JN.,Wednesday,Weekday
55222,BJU-KIR PASS,BARAUNI JN.,KATIHAR JN.,Saturday,Weekend
55223,KIR-DBG PASS,KATIHAR JN.,DARBHANGA JN.,Wednesday,Weekday
55224,DBG-KIR PASS,DARBHANGA JN.,KATIHAR JN.,Thursday,Weekday
55225,MFP-RXL PAS,MUZAFFARPUR JN.,RAXAUL JN.,Friday,Weekday
55226,RXL-MFP PAS,RAXAUL JN.,MUZAFFARPUR JN.,Sunday,Weekend
55227,SPJ-MFP PASS,SAMASTIPUR JN.,MUZAFFARPUR JN.,Tuesday,Weekday
55228,MFP-SPJ PASS,MUZAFFARPUR JN.,SAMASTIPUR JN.,Saturday,Weekend
55229,BJU-PPTA PAS,BARAUNI JN.,PATLIPUTRA,Tuesday,Weekday
55230,PPTA-BJU PAS,PATLIPUTRA,BARAUNI JN.,Monday,Weekday
55231,PPTA-PNBE PA,PATLIPUTRA,PATNA JN.,Monday,Weekday
55232,PNBE-PPTA PA,PATNA JN.,PATLIPUTRA,Sunday,Weekend
55237,BJU-SPJ PASS,BARAUNI JN.,SAMASTIPUR JN.,Wednesday,Weekday
55238,SPJ-BJU PASS,SAMASTIPUR JN.,BARAUNI JN.,Wednesday,Weekday
55239,SPJ-MFP PASS,SAMASTIPUR JN.,MUZAFFARPUR JN.,Tuesday,Weekday
55240,MFP-SPJ PASS,MUZAFFARPUR JN.,SAMASTIPUR JN.,Wednesday,Weekday
55301,MB-KGM  PASS,MORADABAD JN.,KATHGODAM,Tuesday,Weekday
55302,KGM-MB PASSE,KATHGODAM,MORADABAD JN.,Saturday,Weekend
55303,MB-KGM PASSE,MORADABAD JN.,KATHGODAM,Saturday,Weekend
55304,KGM-MB PASSE,KATHGODAM,MORADABAD JN.,Sunday,Weekend
55305,MB-RMR PASSE,MORADABAD JN.,RAMNAGAR,Thursday,Weekday
55306,RMR-MB  PASS,RAMNAGAR,MORADABAD JN.,Saturday,Weekend
55307,MB-RMR  PASS,MORADABAD JN.,RAMNAGAR,Friday,Weekday
55308,RMR-MB  PASS,RAMNAGAR,MORADABAD JN.,Thursday,Weekday
55309,MB-RMR  PASS,MORADABAD JN.,RAMNAGAR,Sunday,Weekend
55310,RMR-MB  PASS,RAMNAGAR,MORADABAD JN.,Monday,Weekday
55311,MB-KPV  PASS,MORADABAD JN.,KASHIPUR JN,Tuesday,Weekday
55312,KPV-MB PASSE,KASHIPUR JN,MORADABAD JN.,Tuesday,Weekday
55313,KPV-RMR PASS,KASHIPUR JN,RAMNAGAR,Monday,Weekday
55314,RMR-KPV  PAS,RAMNAGAR,KASHIPUR JN,Wednesday,Weekday
55315,LKU-KPV  PAS,LALKUA JN.,KASHIPUR JN,Monday,Weekday
55316,KPV-LKU PASS,KASHIPUR JN,LALKUA JN.,Tuesday,Weekday
55317,LKU-KPV  PAS,LALKUA JN.,KASHIPUR JN,Tuesday,Weekday
55318,KPV-LKU PASS,KASHIPUR JN,LALKUA JN.,Thursday,Weekday
55319,LKU-KPV PASS,LALKUA JN.,KASHIPUR JN,Friday,Weekday
55320,KPV-LKU PASS,KASHIPUR JN,LALKUA JN.,Wednesday,Weekday
55321,MB-RMR  PASS,MORADABAD JN.,RAMNAGAR,Sunday,Weekend
55322,RMR-MB  PASS,RAMNAGAR,MORADABAD JN.,Saturday,Weekend
55323,MB-RMR  PASS,MORADABAD JN.,RAMNAGAR,Tuesday,Weekday
55324,RMR-MB  PASS,RAMNAGAR,MORADABAD JN.,Friday,Weekday
55325,LJN-KSJ  PAS,LUCKNOW JN.,KASGANJ JN.,Saturday,Weekend
55326,KSJ-LJN  PAS,KASGANJ JN.,LUCKNOW JN.,Wednesday,Weekday
55327,CNB-FBD PASS,KANPUR CENTRAL JN.,FARRUKHABAD JN,Wednesday,Weekday
55328,FBD-CNB PASS,FARRUKHABAD JN,KANPUR CENTRAL JN.,Thursday,Weekday
55329,SKB-KSJ PASS,SHIKOHABAD JN.,KASGANJ JN.,Friday,Weekday
55330,KSJ-SKB PASS,KASGANJ JN.,SHIKOHABAD JN.,Saturday,Weekend
55331,FBD-KSJ PASS,FARRUKHABAD JN,KASGANJ JN.,Monday,Weekday
55332,KSJ-FBD PASS,KASGANJ JN.,FARRUKHABAD JN,Friday,Weekday
55333,KSJ-AF PASSE,KASGANJ JN.,AGRA FORT,Friday,Weekday
55334,MTJ-KSJ PASS,AGRA FORT,KASGANJ JN.,Monday,Weekday
55335,BC-LKU PASSE,BAREILLY CITY,LALKUA JN.,Friday,Weekday
55336,LKU-BC PASSE,LALKUA JN.,BAREILLY CITY,Friday,Weekday
55337,KSJ-AH FAST,KASGANJ JN.,ACHHNERA JN.,Monday,Weekday
55338,AH-KSJ  PASS,ACHHNERA JN.,KASGANJ JN.,Saturday,Weekend
55339,KSJ-MTJ  PAS,KASGANJ JN.,MATHURA JN.,Sunday,Weekend
55340,MTJ-KSJ  PAS,MATHURA JN.,KASGANJ JN.,Monday,Weekday
55341,KSJ-BTE PASS,KASGANJ JN.,BHARATPUR JN,Friday,Weekday
55342,BTE-KSJ  PAS,BHARATPUR JN,KASGANJ JN.,Monday,Weekday
55343,KSJ-BC PASSE,KASGANJ JN.,BAREILLY CITY,Thursday,Weekday
55344,BC-KSJ PASSE,BAREILLY CITY,KASGANJ JN.,Monday,Weekday
55345,KSJ-BC PASSE,KASGANJ JN.,BAREILLY CITY,Sunday,Weekend
55346,BC-KSJ PASSE,BAREILLY CITY,KASGANJ JN.,Saturday,Weekend
55347,BC-LKU PASSE,BAREILLY CITY,LALKUA JN.,Wednesday,Weekday
55348,LKU-BC PASSE,LALKUA JN.,BAREILLY CITY,Tuesday,Weekday
55349,BC-LKU PASSE,BAREILLY CITY,LALKUA JN.,Friday,Weekday
55350,LKU-BC PASSE,LALKUA JN.,BAREILLY CITY,Monday,Weekday
55351,BC-LKU PASSE,BAREILLY CITY,LALKUA JN.,Tuesday,Weekday
55352,LKU-BC PASSE,LALKUA JN.,BAREILLY CITY,Thursday,Weekday
55353,KSJ-MTJ  PAS,KASGANJ JN.,MATHURA JN.,Saturday,Weekend
55354,MTJ-KSJ PASS,MATHURA JN.,KASGANJ JN.,Tuesday,Weekday
55355,KSJ-BC-PASS,KASGANJ JN.,BAREILLY CITY,Friday,Weekday
55356,BC- KSJ-PASS,BAREILLY CITY,KASGANJ JN.,Friday,Weekday
55357,KSJ-BC-PASS,KASGANJ JN.,BAREILLY CITY,Saturday,Weekend
55358,BC-KSJ-PASS,BAREILLY CITY,KASGANJ JN.,Tuesday,Weekday
55359,KSJ-BC-PASS,KASGANJ JN.,BAREILLY CITY,Monday,Weekday
55360,BC-KSJ-PASS,BAREILLY CITY,KASGANJ JN.,Tuesday,Weekday
55361,BC-PBE PASSE,BAREILLY CITY,PILIBHIT JN.,Thursday,Weekday
55362,PBE-BC PASSE,PILIBHIT JN.,BAREILLY CITY,Sunday,Weekend
55363,IZN-PBE PASS,BAREILLY CITY,PILIBHIT JN.,Saturday,Weekend
55364,PBE-BC PASSE,PILIBHIT JN.,BAREILLY CITY,Thursday,Weekday
55365,BC-PBE PASSE,BAREILLY CITY,PILIBHIT JN.,Friday,Weekday
55366,PBE-BC PASSE,PILIBHIT JN.,BAREILLY CITY,Friday,Weekday
55367,BC-PBE PASSE,BAREILLY CITY,PILIBHIT JN.,Saturday,Weekend
55368,PBE-BC PASSE,PILIBHIT JN.,BAREILLY CITY,Friday,Weekday
55369,BC-PBE PASSE,BAREILLY CITY,PILIBHIT JN.,Tuesday,Weekday
55370,PBE-BC PASSE,PILIBHIT JN.,BAREILLY CITY,Thursday,Weekday
55371,PBE-MJZ PASS,PILIBHIT JN.,MAJHOLA PAKARIYA,Monday,Weekday
55372,MJZ-PBE,MAJHOLA PAKARIYA,PILIBHIT JN.,Saturday,Weekend
55373,PBE-MJZ PASS,PILIBHIT JN.,MAJHOLA PAKARIYA,Thursday,Weekday
55374,MJZ-PBE PASS,MAJHOLA PAKARIYA,PILIBHIT JN.,Saturday,Weekend
55375,PBE-MJZ PASS,PILIBHIT JN.,MAJHOLA PAKARIYA,Tuesday,Weekday
55376,MJZ-PBE PASS,MAJHOLA PAKARIYA,PILIBHIT JN.,Monday,Weekday
55421,MLDT - BLGT,MALDA TOWN,BALURGHAT,Thursday,Weekday
55422,BLGT - MLDT,BALURGHAT,MALDA TOWN,Thursday,Weekday
55465,APDJ - BXT P,ALIPUR DUAR JN.,BAMANHAT,Thursday,Weekday
55466,BXT - APDJ P,BAMANHAT,ALIPUR DUAR JN.,Tuesday,Weekday
55467,SGUJ - BXT P,SILIGURI JN.,BAMANHAT,Wednesday,Weekday
55468,BXT - SGUJ P,BAMANHAT,SILIGURI JN.,Sunday,Weekend
55513,SPJ-JYG PASS,SAMASTIPUR JN.,JAYNAGAR,Tuesday,Weekday
55514,JYG-SPJ PASS,JAYNAGAR,SAMASTIPUR JN.,Saturday,Weekend
55517,DBG-JYG PASS,DARBHANGA JN.,JAYNAGAR,Sunday,Weekend
55518,JYG-DBG PASS,JAYNAGAR,DARBHANGA JN.,Tuesday,Weekday
55519,SPJ - JYG PA,SAMASTIPUR JN.,JAYNAGAR,Friday,Weekday
55520,JYG-SPJ PASS,JAYNAGAR,SAMASTIPUR JN.,Wednesday,Weekday
55525,BJU-SPJ PASS,BARAUNI JN.,SAMASTIPUR JN.,Friday,Weekday
55526,SPJ-BJU PASS,SAMASTIPUR JN.,BARAUNI JN.,Sunday,Weekend
55527,KAMLA GANGA,JAYNAGAR,PATNA JN.,Friday,Weekday
55528,KAMLA GANGA,PATNA JN.,JAYNAGAR,Friday,Weekday
55533,SHC- SPJ PAS,SAHARSA JN.,SAMASTIPUR JN.,Monday,Weekday
55534,SPJ- SHC PAS,SAMASTIPUR JN.,SAHARSA JN.,Monday,Weekday
55537,KIR-SPJ PASS,KATIHAR JN.,SAMASTIPUR JN.,Friday,Weekday
55538,SPJ-KIR PASS,SAMASTIPUR JN.,KATIHAR JN.,Sunday,Weekend
55539,KIR-HJP PASS,KATIHAR JN.,HAJIPUR JN.,Monday,Weekday
55540,HJP-KIR PASS,HAJIPUR JN.,KATIHAR JN.,Sunday,Weekend
55541,HJP-BHBR PAS,HAJIPUR JN.,BATHUA BAZAR HALT,Thursday,Weekday
55542,BHBR-HJP PAS,BATHUA BAZAR HALT,HAJIPUR JN.,Wednesday,Weekday
55549,BJU-HJP PASS,BARAUNI JN.,HAJIPUR JN.,Thursday,Weekday
55550,HJP-BJU PASS,HAJIPUR JN.,BARAUNI JN.,Tuesday,Weekday
55553,SHC - SPJ PA,SAHARSA JN.,SAMASTIPUR JN.,Friday,Weekday
55554,SPJ - SHC PA,SAMASTIPUR JN.,SAHARSA JN.,Monday,Weekday
55555,SHC-SPJ PASS,SAHARSA JN.,SAMASTIPUR JN.,Saturday,Weekend
55556,SPJ-SHC PASS,SAMASTIPUR JN.,SAHARSA JN.,Sunday,Weekend
55559,SHC-SPJ PASS,SAHARSA JN.,SAMASTIPUR JN.,Friday,Weekday
55560,SPJ-SHC PASS,SAMASTIPUR JN.,SAHARSA JN.,Wednesday,Weekday
55563,PURNEA-SAHAR,PURNEA JN.,SAHARSA JN.,Monday,Weekday
55564,SAHARSHA-PUR,SAHARSA JN.,PURNEA JN.,Friday,Weekday
55565,SHC -SPJ PAS,SAHARSA JN.,SAMASTIPUR JN.,Saturday,Weekend
55566,SPJ-SHC PASS,SAMASTIPUR JN.,SAHARSA JN.,Thursday,Weekday
55567,SHC-SPJ PASS,SAHARSA JN.,SAMASTIPUR JN.,Wednesday,Weekday
55568,SPJ-SHC PASS,SAMASTIPUR JN.,SAHARSA JN.,Friday,Weekday
55569,DMH-SHC PASS,DAURAM MADHEPURA,SAHARSA JN.,Friday,Weekday
55570,SHC-DMH PASS,SAHARSA JN.,DAURAM MADHEPURA,Friday,Weekday
55571,PURNEA-SAHAR,PURNEA JN.,SAHARSA JN.,Thursday,Weekday
55572,SAHARSHA-PUR,SAHARSA JN.,PURNEA JN.,Monday,Weekday
55575,DBG - BIRL P,DARBHANGA JN.,BIRAUL,Sunday,Weekend
55576,BIRL - DBG P,BIRAUL,DARBHANGA JN.,Friday,Weekday
55577,SAKRI - BIRA,DARBHANGA JN.,BIRAUL,Thursday,Weekday
55578,BIRL - SKI P,BIRAUL,DARBHANGA JN.,Friday,Weekday
55583,PURNEA-SAHAR,PURNEA JN.,SAHARSA JN.,Sunday,Weekend
55584,SAHARSHA-PUR,SAHARSA JN.,PURNEA JN.,Friday,Weekday
55601,KYQ - LMG PA,GUWAHATI,LUMDING JN.,Sunday,Weekend
55602,LMG - KYQ PA,LUMDING JN.,GUWAHATI,Tuesday,Weekday
55603,KOLONGPAR PA,GUWAHATI,MAIRABARI,Thursday,Weekday
55604,KOLONGPAR PA,MAIRABARI,GUWAHATI,Friday,Weekday
55615,GHY - SCL FA,GUWAHATI,SILCHAR,Friday,Weekday
55616,SCL - GHY FA,SILCHAR,GUWAHATI,Sunday,Weekend
55661,MSSN - SCL P,MAISHASHAN,SILCHAR,Tuesday,Weekday
55662,SCL - MSSN P,SILCHAR,MAISHASHAN,Saturday,Weekend
55663,AGTL - SCL P,AGARTALA,SILCHAR,Friday,Weekday
55664,SCL - AGTL P,SILCHAR,AGARTALA,Sunday,Weekend
55665,SCL - JRBM P,SILCHAR,VANGAICHUNGPAO,Tuesday,Weekday
55666,JRBM - SCL P,JIRIBAM,SILCHAR,Wednesday,Weekday
55667,SCL - BHRB P,SILCHAR,BHAIRABI,Friday,Weekday
55668,BHRB - SCL P,BHAIRABI,SILCHAR,Tuesday,Weekday
55675,AGTL - DMR,AGARTALA,DHARMANAGAR,Monday,Weekday
55676,DMR - AGTL P,DHARMANAGAR,AGARTALA,Tuesday,Weekday
55677,SCL - DMR PA,SILCHAR,DHARMANAGAR,Tuesday,Weekday
55678,DMR - SCL PA,DHARMANAGAR,SILCHAR,Wednesday,Weekday
55679,AGTL - DMR,AGARTALA,DHARMANAGAR,Monday,Weekday
55680,DMR - AGTL P,DHARMANAGAR,AGARTALA,Monday,Weekday
55681,UDPU-AGTL PA,UDAIPUR,AGARTALA,Tuesday,Weekday
55682,AGTL-UDPU PA,AGARTALA,UDAIPUR,Tuesday,Weekday
55683,UDAIPUR-AGAR,UDAIPUR,AGARTALA,Sunday,Weekend
55684,AGARTALA-UDA,AGARTALA,UDAIPUR,Friday,Weekday
55685,MSSN - SCL P,MAISHASHAN,SILCHAR,Tuesday,Weekday
55686,SCL - MSSN P,SILCHAR,MAISHASHAN,Wednesday,Weekday
55687,DLCR - SCL P,DULLABCHERRA,SILCHAR,Wednesday,Weekday
55688,SCL - DLCR P,SILCHAR,DULLABCHERRA,Tuesday,Weekday
55689,DLCR - BPB P,DULLABCHERRA,BADARPUR JN.,Wednesday,Weekday
55690,BPB - DLCR P,BADARPUR JN.,DULLABCHERRA,Monday,Weekday
55701,MLDT-KIR PAS,MALDA TOWN,KATIHAR JN.,Saturday,Weekend
55702,KIR-MLDT PAS,KATIHAR JN.,MALDA TOWN,Monday,Weekday
55703,MLFC - KIR P,MALDA COURT,KATIHAR JN.,Tuesday,Weekday
55704,KIR - MLFC P,KATIHAR JN.,MALDA COURT,Saturday,Weekend
55707,RDP-KIR PASS,RADHIKAPUR,KATIHAR JN.,Wednesday,Weekday
55708,KIR-RDP PASS,KATIHAR JN.,RADHIKAPUR,Saturday,Weekend
55709,SQB-OMLF PAS,SINGHABAD,OLD MALDA,Sunday,Weekend
55710,OMLF-SQB PAS,OLD MALDA,SINGHABAD,Thursday,Weekday
55711,MLDT - NJP P,MALDA TOWN,NEW JALPAIGURI JN,Wednesday,Weekday
55712,NJP - MLDT P,NEW JALPAIGURI JN,MALDA TOWN,Tuesday,Weekday
55713,NJP - RNY PA,NEW JALPAIGURI JN,RANGIYA JN.,Friday,Weekday
55714,RNY - NJP PA,RANGIYA JN.,NEW JALPAIGURI JN,Friday,Weekday
55719,DKGN - BHNG,DEKARGAON,BHALUKPONG,Tuesday,Weekday
55720,BHNG - DKGN,BHALUKPONG,DEKARGAON,Wednesday,Weekday
55721,RNY - DKGN P,RANGIYA JN.,DEKARGAON,Friday,Weekday
55722,DKGN - RNY P,DEKARGAON,RANGIYA JN.,Friday,Weekday
55725,NJP-APDJ PAS,NEW JALPAIGURI JN,ALIPUR DUAR JN.,Wednesday,Weekday
55726,APDJ-NJP PAS,ALIPUR DUAR JN.,NEW JALPAIGURI JN,Thursday,Weekday
55727,KIR - RDP PA,KATIHAR JN.,RADHIKAPUR,Friday,Weekday
55728,RDP - KIR PA,RADHIKAPUR,KATIHAR JN.,Monday,Weekday
55729,KIR - RDP PA,KATIHAR JN.,RADHIKAPUR,Friday,Weekday
55730,RDP - KIR PA,RADHIKAPUR,KATIHAR JN.,Thursday,Weekday
55733,KIR - JBN PA,KATIHAR JN.,JOGBANI,Thursday,Weekday
55734,JBN - KIR PA,JOGBANI,KATIHAR JN.,Tuesday,Weekday
55735,KIR - JBN PA,KATIHAR JN.,JOGBANI,Wednesday,Weekday
55736,JBN - KIR PA,JOGBANI,KATIHAR JN.,Saturday,Weekend
55740,JBN - KIR PA,JOGBANI,KATIHAR JN.,Wednesday,Weekday
55741,KIR - JBN PA,KATIHAR JN.,JOGBANI,Saturday,Weekend
55742,JBN - KIR PA,JOGBANI,KATIHAR JN.,Monday,Weekday
55743,KIR - JBN PA,KATIHAR JN.,JOGBANI,Thursday,Weekday
55744,JBN - KIR PA,JOGBANI,KATIHAR JN.,Wednesday,Weekday
55749,NJP - HDB PA,NEW JALPAIGURI JN,HALDIBARI,Monday,Weekday
55750,HDB - NJP PA,HALDIBARI,NEW JALPAIGURI JN,Saturday,Weekend
55751,NJP - HDB PA,NEW JALPAIGURI JN,HALDIBARI,Sunday,Weekend
55752,HDB - NJP PA,HALDIBARI,NEW JALPAIGURI JN,Wednesday,Weekday
55753,SIFHUNG PASS,ALIPUR DUAR JN.,GUWAHATI,Friday,Weekday
55754,SIFHUNG PASS,GUWAHATI,ALIPUR DUAR JN.,Sunday,Weekend
55755,KIR - JBN PA,KATIHAR JN.,JOGBANI,Tuesday,Weekday
55756,JBN - KIR PA,JOGBANI,KATIHAR JN.,Sunday,Weekend
55763,KIR - JBN PA,KATIHAR JN.,JOGBANI,Saturday,Weekend
55764,JBN - KIR PA,JOGBANI,KATIHAR JN.,Friday,Weekday
55769,MLFC - KIR P,MALDA COURT,KATIHAR JN.,Friday,Weekday
55770,KIR - MLFC P,KATIHAR JN.,MALDA COURT,Wednesday,Weekday
55771,MLFC - BNDP,MALDA COURT,BUNIYADPUR,Monday,Weekday
55772,BNDP - MLFC,BUNIYADPUR,MALDA COURT,Thursday,Weekday
55801,MANAS RHINO,NEW BONGAIGAON JN.,GUWAHATI,Wednesday,Weekday
55802,MANAS RHINO,GUWAHATI,NEW BONGAIGAON JN.,Thursday,Weekday
55803,NBQ - GHY PA,NEW BONGAIGAON JN.,GUWAHATI,Monday,Weekday
55804,GHY - NBQ PA,GUWAHATI,NEW BONGAIGAON JN.,Sunday,Weekend
55809,NBQ - GHY PA,NEW BONGAIGAON JN.,GUWAHATI,Monday,Weekday
55810,GHY - NBQ PA,GUWAHATI,NEW BONGAIGAON JN.,Saturday,Weekend
55811,DBB - KYQ FA,DHUBRI,KAMAKHYA JN,Saturday,Weekend
55812,KYQ - DBB FA,KAMAKHYA JN,DHUBRI,Sunday,Weekend
55813,DKGN - MZS P,DEKARGAON,MURKEONG SELEK,Thursday,Weekday
55814,MZS - DKGN P,MURKEONG SELEK,DEKARGAON,Saturday,Weekend
55817,NBQ - GHY PA,NEW BONGAIGAON JN.,GUWAHATI,Tuesday,Weekday
55818,GHY - NBQ PA,GUWAHATI,NEW BONGAIGAON JN.,Wednesday,Weekday
55819,MNDP - GHY P,MENDIPATHAR,GUWAHATI,Thursday,Weekday
55820,GHY - MNDP P,GUWAHATI,MENDIPATHAR,Wednesday,Weekday
55823,RPAN - DKGN,RANGAPARA NORTH,DEKARGAON,Sunday,Weekend
55824,DKGN - RPAN,DEKARGAON,RANGAPARA NORTH,Wednesday,Weekday
55861,RNY-DKGN PAS,RANGIYA JN.,DEKARGAON,Thursday,Weekday
55862,DKGN-RNY PAS,DEKARGAON,RANGIYA JN.,Monday,Weekday
55893,RNY - RPAN P,RANGIYA JN.,RANGAPARA NORTH,Friday,Weekday
55894,RPAN - RNY P,RANGAPARA NORTH,RANGIYA JN.,Tuesday,Weekday
55895,RNY - MZS PA,RANGIYA JN.,MURKEONG SELEK,Sunday,Weekend
55896,MZS - RNY PA,MURKEONG SELEK,RANGIYA JN.,Friday,Weekday
55901,LMG - TSK PA,LUMDING JN.,TINSUKIA JN.,Sunday,Weekend
55902,TSK - LMG PA,TINSUKIA JN.,LUMDING JN.,Monday,Weekday
55903,DMV-FKG-MXN,DIMAPUR,MARIANI JN.,Sunday,Weekend
55904,MXN-FKG-DMV,MARIANI JN.,DIMAPUR,Thursday,Weekday
55909,SLGR - DBRT,SIMALUGURI JN.,DIBRUGARH TOWN,Saturday,Weekend
55910,DBRT - SLGR,DIBRUGARH TOWN,SIMALUGURI JN.,Saturday,Weekend
55913,JTTN - TSK P,JORHAT TOWN,TINSUKIA JN.,Sunday,Weekend
55914,TSK - JTTN P,TINSUKIA JN.,JORHAT TOWN,Wednesday,Weekday
56001,MAS-AJJ PASS,CHENNAI CENTRAL,ARAKKONAM JN,Tuesday,Weekday
56002,AJJ-MAS PASS,ARAKKONAM JN,CHENNAI CENTRAL,Thursday,Weekday
56003,AJJ-CGL PASS,ARAKKONAM JN,CHENGALPATTU,Monday,Weekday
56004,CGL-AJJ PASS,CHENGALPATTU,ARAKKONAM JN,Wednesday,Weekday
56005,AJJ-CGL PASS,ARAKKONAM JN,CHENGALPATTU,Friday,Weekday
56006,CGL-AJJ PASS,CHENGALPATTU,ARAKKONAM JN,Wednesday,Weekday
56007,AJJ-KPD PASS,ARAKKONAM JN,KATPADI JN,Saturday,Weekend
56008,KPD-AJJ PASS,KATPADI JN,ARAKKONAM JN,Tuesday,Weekday
56009,AJJ-KPD PASS,ARAKKONAM JN,VELLORE CANTT,Wednesday,Weekday
56010,KPD-AJJ PASS,VELLORE CANTT,ARAKKONAM JN,Tuesday,Weekday
56011,AJJ-HX PASSR,ARAKKONAM JN,CUDDAPAH,Saturday,Weekend
56012,HX-AJJ PASSR,CUDDAPAH,ARAKKONAM JN,Tuesday,Weekday
56013,AJJ-VLR PASS,ARAKKONAM JN,VELLORE CANTT,Thursday,Weekday
56014,VLR-AJJ PASS,VELLORE CANTT,ARAKKONAM JN,Monday,Weekday
56033,MV-MQ PASSR,MAYILADUTURAI JN.,MANNARGUDI,Wednesday,Weekday
56034,MQ- MV PASSR,MANNARGUDI,MAYILADUTURAI JN.,Friday,Weekday
56035,TCN-TEN PASS,TIRUCHENDUR,TIRUNELVELI JN,Thursday,Weekday
56036,TEN-TCN PASS,TIRUNELVELI JN,TIRUCHENDUR,Sunday,Weekend
56037,MS-PDY PASS,CHENNAI EGMORE,PONDICHERRY,Sunday,Weekend
56038,PDY-MS PASS,PONDICHERRY,CHENNAI EGMORE,Thursday,Weekday
56041,TPTY-PDY PAS,TIRUPATI,PONDICHERRY,Friday,Weekday
56042,PDY-TPTY,PONDICHERRY,TIRUPATI,Saturday,Weekend
56043,GUV-TCR PASS,GURUVAYUR,TRICHUR,Wednesday,Weekday
56044,TCR-GUV PASS,TRICHUR,GURUVAYUR,Wednesday,Weekday
56100,ED-MTDM PASS,ERODE JN.,METTUR DAM,Sunday,Weekend
56101,MTDM ED PASS,METTUR DAM,ERODE JN.,Wednesday,Weekday
56102,SA-MTDM PASS,SALEM JN.,METTUR DAM,Saturday,Weekend
56103,MTDM-SA PASS,METTUR DAM,SALEM JN.,Thursday,Weekday
56105,SA-KRR PASSR,SALEM JN.,KARUR JN.,Wednesday,Weekday
56106,KRR-SA PASSR,KARUR JN.,SALEM JN.,Thursday,Weekday
56107,SA-KRR PASSR,SALEM JN.,KARUR JN.,Saturday,Weekend
56108,KRR-SA PASSR,KARUR JN.,SALEM JN.,Thursday,Weekday
56109,TPJ-ED PASS,TIRUCHIRAPPALLI JN.,ERODE JN.,Sunday,Weekend
56110,ED-TPJ PASS,ERODE JN.,TIRUCHIRAPPALLI JN.,Monday,Weekday
56111,JTJ-ED PASS,JOLARPETTAI JN,ERODE JN.,Tuesday,Weekday
56112,ED-JTJ PASS,ERODE JN.,JOLARPETTAI JN,Wednesday,Weekday
56113,TPJ-MV PASS,MAYILADUTURAI JN.,TIRUCHIRAPPALLI JN.,Friday,Weekday
56114,MV-TPJ PASS,TIRUCHIRAPPALLI JN.,MAYILADUTURAI JN.,Monday,Weekday
56115,MV - TJ PASS,MAYILADUTURAI JN.,THANJAVUR JN.,Sunday,Weekend
56116,TJ - MV PASS,THANJAVUR JN.,MAYILADUTURAI JN.,Sunday,Weekend
56136,MTP UAM PASS,METTUPALAIYAM JN.,UDHAGAMANDALAM,Friday,Weekday
56137,UAM MTP PASS,UDHAGAMANDALAM,METTUPALAIYAM JN.,Friday,Weekday
56138,ONR UAM PASS,COONOOR,UDHAGAMANDALAM,Friday,Weekday
56139,UAM ONR PASS,UDHAGAMANDALAM,COONOOR,Sunday,Weekend
56140,UAM ONR PASS,UDHAGAMANDALAM,COONOOR,Thursday,Weekday
56141,ONR-UAM PASS,COONOOR,UDHAGAMANDALAM,Monday,Weekday
56142,UAM-ONR PASS,UDHAGAMANDALAM,COONOOR,Friday,Weekday
56143,ONR-UAM PASS,COONOOR,UDHAGAMANDALAM,Sunday,Weekend
56144,CBE MTP PASS,COIMBATORE JN.,METTUPALAIYAM JN.,Wednesday,Weekday
56145,MTP CBE PASS,METTUPALAIYAM JN.,COIMBATORE JN.,Thursday,Weekday
56146,CBE-MTP PASS,COIMBATORE JN.,METTUPALAIYAM JN.,Thursday,Weekday
56147,MTP-CBE PASS,METTUPALAIYAM JN.,COIMBATORE JN.,Saturday,Weekend
56148,CBE-MTP PASS,COIMBATORE JN.,METTUPALAIYAM JN.,Tuesday,Weekday
56149,MTP-CBE SPL,METTUPALAIYAM JN.,COIMBATORE JN.,Saturday,Weekend
56150,CBE-MTP PASS,COIMBATORE JN.,METTUPALAIYAM JN.,Tuesday,Weekday
56151,MTP-CBE PASS,METTUPALAIYAM JN.,COIMBATORE JN.,Thursday,Weekday
56201,CMNR-MYS PAS,CHAMRAJANAGAR,MYSORE JN.,Tuesday,Weekday
56202,MYS-CMNR PAS,MYSORE JN.,CHAMRAJANAGAR,Saturday,Weekend
56203,CMNR-MYS PAS,CHAMRAJANAGAR,MYSORE JN.,Sunday,Weekend
56204,MYS-CMNR PAS,MYSORE JN.,CHAMRAJANAGAR,Wednesday,Weekday
56205,NTW-MYS PASS,NANJANGUD TOWN,MYSORE JN.,Friday,Weekday
56206,MYS-NTW PASS,MYSORE JN.,NANJANGUD TOWN,Tuesday,Weekday
56207,CMNR-MYS,CHAMRAJANAGAR,MYSORE JN.,Thursday,Weekday
56208,MYS-CMNR PAS,MYSORE JN.,CHAMRAJANAGAR,Saturday,Weekend
56209,CMNR-MYS PAS,CHAMRAJANAGAR,MYSORE JN.,Thursday,Weekday
56210,MYS-CMNR PAS,MYSORE JN.,CHAMRAJANAGAR,Sunday,Weekend
56215,YPR-MYS PASS,YESVANTPUR JN.,MYSORE JN.,Tuesday,Weekday
56216,MYS-YPR PASS,MYSORE JN.,YESVANTPUR JN.,Sunday,Weekend
56217,TLGP-SMET PA,TALGUPPA,SHIMOGA TOWN,Wednesday,Weekday
56218,SMET-TLGP PA,SHIMOGA TOWN,TALGUPPA,Wednesday,Weekday
56221,SBC-TK PASS,KRANTIVIRA SANGOLLI RAYANNA (BENGALURU STATION),TUMKUR,Wednesday,Weekday
56222,TK-SBC PASS,TUMKUR,KRANTIVIRA SANGOLLI RAYANNA (BENGALURU STATION),Friday,Weekday
56223,SBC-ASK PASS,KRANTIVIRA SANGOLLI RAYANNA (BENGALURU STATION),ARSIKERE JN.,Wednesday,Weekday
56224,ASK-SBC PASS,ARSIKERE JN.,KRANTIVIRA SANGOLLI RAYANNA (BENGALURU STATION),Thursday,Weekday
56225,SBC-TK PASS,KRANTIVIRA SANGOLLI RAYANNA (BENGALURU STATION),TUMKUR,Thursday,Weekday
56226,TK-SBC PASS,TUMKUR,KRANTIVIRA SANGOLLI RAYANNA (BENGALURU STATION),Thursday,Weekday
56227,SBC-SMET PAS,KRANTIVIRA SANGOLLI RAYANNA (BENGALURU STATION),SHIMOGA TOWN,Friday,Weekday
56228,SMET-SBC PAS,SHIMOGA TOWN,KRANTIVIRA SANGOLLI RAYANNA (BENGALURU STATION),Wednesday,Weekday
56231,MYS-SBC PASS,MYSORE JN.,KRANTIVIRA SANGOLLI RAYANNA (BENGALURU STATION),Saturday,Weekend
56232,SBC-MYS PASS,KRANTIVIRA SANGOLLI RAYANNA (BENGALURU STATION),MYSORE JN.,Wednesday,Weekday
56237,MYS-SBC PASS,MYSORE JN.,KRANTIVIRA SANGOLLI RAYANNA (BENGALURU STATION),Thursday,Weekday
56238,SBC-MYS PASS,KRANTIVIRA SANGOLLI RAYANNA (BENGALURU STATION),MYSORE JN.,Monday,Weekday
56241,SA-YPR PASSR,SALEM JN.,YESVANTPUR JN.,Sunday,Weekend
56242,YPR-SA PASSR,YESVANTPUR JN.,SALEM JN.,Saturday,Weekend
56261,AJJ-SBC PASS,ARAKKONAM JN,KRANTIVIRA SANGOLLI RAYANNA (BENGALURU STATION),Thursday,Weekday
56262,SBC-AJJ PASS,KRANTIVIRA SANGOLLI RAYANNA (BENGALURU STATION),ARAKKONAM JN,Tuesday,Weekday
56263,MYS-SBC PASS,MYSORE JN.,KRANTIVIRA SANGOLLI RAYANNA (BENGALURU STATION),Tuesday,Weekday
56264,SBC-MYS PASS,KRANTIVIRA SANGOLLI RAYANNA (BENGALURU STATION),MYSORE JN.,Thursday,Weekday
56265,ASK-MYS PASS,ARSIKERE JN.,MYSORE JN.,Monday,Weekday
56266,MYS-ASK PASS,MYSORE JN.,ARSIKERE JN.,Friday,Weekday
56267,ASK-MYS PASS,ARSIKERE JN.,MYSORE JN.,Thursday,Weekday
56268,MYS-ASK PASS,MYSORE JN.,ARSIKERE JN.,Monday,Weekday
56269,SMET-MYS PAS,SHIMOGA TOWN,MYSORE JN.,Monday,Weekday
56270,MYS-SMET PAS,MYSORE JN.,SHIMOGA TOWN,Monday,Weekday
56271,SMET-RRB PAS,SHIMOGA TOWN,CHIKMAGALURU,Monday,Weekday
56272,RRB-SMET PAS,CHIKMAGALURU,SHIMOGA TOWN,Wednesday,Weekday
56273,ASK-UBL PASS,ARSIKERE JN.,HUBLI JN.,Wednesday,Weekday
56274,UBL-ASK PASS,HUBLI JN.,ARSIKERE JN.,Sunday,Weekend
56275,SMET-MYS PAS,TALGUPPA,MYSORE JN.,Wednesday,Weekday
56276,MYS-TLGP PAS,MYSORE JN.,TALGUPPA,Sunday,Weekend
56277,CMGR-YPR FAS,CHIKMAGALURU,YESVANTPUR JN.,Thursday,Weekday
56278,YPR-CMGR FAS,YESVANTPUR JN.,CHIKMAGALURU,Thursday,Weekday
56281,CMNR-SBC FAS,CHAMRAJANAGAR,KRANTIVIRA SANGOLLI RAYANNA (BENGALURU STATION),Tuesday,Weekday
56282,SBC-CMNR FAS,KRANTIVIRA SANGOLLI RAYANNA (BENGALURU STATION),CHAMRAJANAGAR,Wednesday,Weekday
56300,QLN ALLP PAS,QUILON,ALLEPPEY,Thursday,Weekday
56301,ALLP - QLN P,ALLEPPEY,QUILON,Wednesday,Weekday
56302,ALLP ERS PAS,ALLEPPEY,ERNAKULAM. JN,Saturday,Weekend
56303,ERS ALLP PAS,ERNAKULAM. JN,ALLEPPEY,Monday,Weekday
56304,NCJ-KTYM PAS,NAGERCOIL JN.,KOTTAYAM,Monday,Weekday
56305,KTYM-QLN PAS,KOTTAYAM,QUILON,Monday,Weekday
56307,QLN TVC PASS,QUILON,TRIVANDRUM CENTRAL,Thursday,Weekday
56308,TVC  QLN  PA,TRIVANDRUM CENTRAL,QUILON,Tuesday,Weekday
56309,QLN-TVC PASS,QUILON,TRIVANDRUM CENTRAL,Friday,Weekday
56310,NCJ-TVC PASS,NAGERCOIL JN.,TRIVANDRUM CENTRAL,Saturday,Weekend
56311,TVC-NCJ PASS,TRIVANDRUM CENTRAL,NAGERCOIL JN.,Sunday,Weekend
56313,TVC-NCJ PASS,TRIVANDRUM CENTRAL,NAGERCOIL JN.,Sunday,Weekend
56315,TVC-NCJ PASS,TRIVANDRUM CENTRAL,NAGERCOIL JN.,Tuesday,Weekday
56316,NCJ-TVC PASS,NAGERCOIL JN.,TRIVANDRUM CENTRAL,Monday,Weekday
56317,KCVL-NCJ PAS,KOCHUVELI,NAGERCOIL JN.,Monday,Weekday
56318,NCJ-KCVL PAS,NAGERCOIL JN.,KOCHUVELI,Wednesday,Weekday
56319,NCJ-CBE PASS,NAGERCOIL JN.,COIMBATORE JN.,Sunday,Weekend
56320,CBE-NCJ PASS,COIMBATORE JN.,NAGERCOIL JN.,Wednesday,Weekday
56323,CBE-MAQ PASS,COIMBATORE JN.,MANGALORE CENTRAL,Friday,Weekday
56324,MAQ-CBE FAST,MANGALORE CENTRAL,COIMBATORE JN.,Sunday,Weekend
56331,PUU-QLN PASS,PUNALUR,QUILON,Friday,Weekday
56332,QLN-PUU PASS,QUILON,PUNALUR,Friday,Weekday
56333,EDN-QLN PASS,EDAMANN,QUILON,Monday,Weekday
56334,QLN-EDN PASS,QUILON,EDAMANN,Tuesday,Weekday
56335,EDN-QLN PASS,EDAMANN,QUILON,Sunday,Weekend
56336,QLN-EDN PASS,QUILON,EDAMANN,Saturday,Weekend
56337,PUU-QLN PASS,PUNALUR,QUILON,Tuesday,Weekday
56338,QLN-PUU PASS,QUILON,PUNALUR,Tuesday,Weekday
56361,SRR-ERS PASS,SHORANUR JN.,ERNAKULAM. JN,Tuesday,Weekday
56362,ERS-NIL PASS,ERNAKULAM. JN,NILAMBUR ROAD,Monday,Weekday
56363,NIL-ERS PASS,NILAMBUR ROAD,ERNAKULAM. JN,Tuesday,Weekday
56364,ERS-SRR PASS,ERNAKULAM. JN,SHORANUR JN.,Thursday,Weekday
56365,QLN-EDN PASS,GURUVAYUR,EDAMANN,Friday,Weekday
56366,EDN-QLN PASS,EDAMANN,GURUVAYUR,Sunday,Weekend
56370,ERS-GUV PASS,ERNAKULAM. JN,GURUVAYUR,Wednesday,Weekday
56371,GUV-ERS PASS,GURUVAYUR,ERNAKULAM. JN,Saturday,Weekend
56373,GUV-TCR PASS,GURUVAYUR,TRICHUR,Monday,Weekday
56374,GUV-TCR PASS,TRICHUR,GURUVAYUR,Friday,Weekday
56375,GUV-ERS PASS,GURUVAYUR,ERNAKULAM. JN,Saturday,Weekend
56376,ERS-GUV PASS,ERNAKULAM. JN,GURUVAYUR,Friday,Weekday
56377,ALLP-KYJ PAS,ALLEPPEY,KAYANKULAM JN,Thursday,Weekday
56378,KYJ-ALLP PAS,KAYANKULAM JN,ALLEPPEY,Thursday,Weekday
56379,ERS-ALLP PAS,ERNAKULAM. JN,ALLEPPEY,Monday,Weekday
56380,KYJ-ERS PASS,KAYANKULAM JN,ERNAKULAM. JN,Tuesday,Weekday
56381,ERS-KYJ PASS,ERNAKULAM. JN,KAYANKULAM JN,Friday,Weekday
56382,KYJ-ERS PASS,KAYANKULAM JN,ERNAKULAM. JN,Monday,Weekday
56383,ERS-KYJ PASS,ERNAKULAM. JN,KAYANKULAM JN,Tuesday,Weekday
56384,ALLP-ERS PAS,ALLEPPEY,ERNAKULAM. JN,Sunday,Weekend
56385,ERS-KTYM,ERNAKULAM. JN,KOTTAYAM,Sunday,Weekend
56386,KTYM-ERS PAS,KOTTAYAM,ERNAKULAM. JN,Tuesday,Weekday
56387,ERS-KYJ PASS,ERNAKULAM. JN,KAYANKULAM JN,Saturday,Weekend
56388,KYJ-ERS PASS,KAYANKULAM JN,ERNAKULAM. JN,Thursday,Weekday
56389,ERS-KTYM PAS,ERNAKULAM. JN,KOTTAYAM,Saturday,Weekend
56390,KTYM-ERS PAS,KOTTAYAM,ERNAKULAM. JN,Sunday,Weekend
56391,ERS-QLN PASS,ERNAKULAM. JN,QUILON,Friday,Weekday
56392,QLN-ERS PASS,QUILON,ERNAKULAM. JN,Wednesday,Weekday
56393,KTYM-QLN PAS,KOTTAYAM,QUILON,Tuesday,Weekday
56394,QLN-KTYM PAS,QUILON,KOTTAYAM,Sunday,Weekend
56501,BZA-UBL  PAS,VIJAYWADA JN.,HUBLI JN.,Monday,Weekday
56502,UBL-BZA  PAS,HUBLI JN.,VIJAYWADA JN.,Wednesday,Weekday
56503,YPR-BZA  PAS,BANGALORE CANTT.,VIJAYWADA JN.,Tuesday,Weekday
56504,BZA-YPR  PAS,VIJAYWADA JN.,BANGALORE CANTT.,Saturday,Weekend
56505,BWT-MKM PASS,BANGARPET JN.,MARIKUPPAM,Tuesday,Weekday
56506,MKM-BWT PASS,MARIKUPPAM,BANGARPET JN.,Tuesday,Weekday
56507,MKM-SBC SWAR,MARIKUPPAM,KRANTIVIRA SANGOLLI RAYANNA (BENGALURU STATION),Monday,Weekday
56508,SBC-MKMSWARN,KRANTIVIRA SANGOLLI RAYANNA (BENGALURU STATION),MARIKUPPAM,Wednesday,Weekday
56509,MKM-SBC PASS,MARIKUPPAM,KRANTIVIRA SANGOLLI RAYANNA (BENGALURU STATION),Tuesday,Weekday
56510,SBC-MKM PASS,KRANTIVIRA SANGOLLI RAYANNA (BENGALURU STATION),MARIKUPPAM,Tuesday,Weekday
56511,BWT-MKM PASS,BANGARPET JN.,MARIKUPPAM,Wednesday,Weekday
56512,MKM-BWT PASS,MARIKUPPAM,BANGARPET JN.,Sunday,Weekend
56513,NCR-SBC PASS,KARAIKAL,KRANTIVIRA SANGOLLI RAYANNA (BENGALURU STATION),Tuesday,Weekday
56514,SBC-KIK PASS,KRANTIVIRA SANGOLLI RAYANNA (BENGALURU STATION),KARAIKAL,Tuesday,Weekday
56515,SBC-UBL PASS,KRANTIVIRA SANGOLLI RAYANNA (BENGALURU STATION),HUBLI JN.,Wednesday,Weekday
56516,UBL-SBC PASS,HUBLI JN.,KRANTIVIRA SANGOLLI RAYANNA (BENGALURU STATION),Friday,Weekday
56517,CTA-HRR PASS,CHITRADURG,HARIHAR JN.,Sunday,Weekend
56518,HRR-CTA PASS,HARIHAR JN.,CHITRADURG,Monday,Weekday
56519,JRU-CTA PASS,CHIKJAJUR JN.,CHITRADURG,Saturday,Weekend
56520,CTA-JRU PASS,CHITRADURG,CHIKJAJUR JN.,Saturday,Weekend
56600,CLT -SRR PAS,CALICUT,SHORANUR JN.,Tuesday,Weekday
56601,SRR-CLT PASS,SHORANUR JN.,CALICUT,Thursday,Weekday
56602,CAN-SRR PASS,KANNUR,SHORANUR JN.,Tuesday,Weekday
56603,TCR-CAN PASS,TRICHUR,KANNUR,Thursday,Weekday
56604,SRR-CBE PASS,SHORANUR JN.,COIMBATORE JN.,Monday,Weekday
56605,CBE-TCR PASS,COIMBATORE JN.,TRICHUR,Sunday,Weekend
56610,NIL-PGT PASS,NILAMBUR ROAD,PALAKKAD JN,Wednesday,Weekday
56611,PGT-NIL PASS,PALAKKAD JN,NILAMBUR ROAD,Friday,Weekday
56612,NIL-SRR PASS,NILAMBUR ROAD,SHORANUR JN.,Wednesday,Weekday
56613,SRR-NIL PASS,SHORANUR JN.,NILAMBUR ROAD,Saturday,Weekend
56614,NIL-SRR PASS,NILAMBUR ROAD,SHORANUR JN.,Wednesday,Weekday
56616,NIL-SRR PASS,NILAMBUR ROAD,SHORANUR JN.,Thursday,Weekday
56617,SRR-NIL PASS,SHORANUR JN.,NILAMBUR ROAD,Tuesday,Weekday
56619,SRR-NIL PASS,SHORANUR JN.,NILAMBUR ROAD,Monday,Weekday
56620,NIL-SRR PASS,NILAMBUR ROAD,SHORANUR JN.,Sunday,Weekend
56621,SRR-NIL PASS,SHORANUR JN.,NILAMBUR ROAD,Sunday,Weekend
56640,MAQ-MAO PASS,MANGALORE CENTRAL,MADGOAN JN.,Friday,Weekday
56641,MAO MAQ PASS,MADGOAN JN.,MANGALORE CENTRAL,Friday,Weekday
56642,KBPR-MAQ PAS,KABAKA PUTTUR,MANGALORE CENTRAL,Thursday,Weekday
56643,MAQ-KBPR PAS,MANGALORE CENTRAL,KABAKA PUTTUR,Saturday,Weekend
56644,KBPR-MAQ PAS,KABAKA PUTTUR,MANGALORE CENTRAL,Wednesday,Weekday
56645,MAQ-KBPR PAS,MANGALORE CENTRAL,KABAKA PUTTUR,Saturday,Weekend
56646,SBHR-MAQ PAS,SUBRAHMANYA ROAD,MANGALORE CENTRAL,Monday,Weekday
56647,MAQ-SBHR PAS,MANGALORE CENTRAL,SUBRAHMANYA ROAD,Saturday,Weekend
56650,CAN-CBE PASS,KANNUR,COIMBATORE JN.,Saturday,Weekend
56651,CBE-CAN PASS,COIMBATORE JN.,KANNUR,Tuesday,Weekday
56652,CAN-CLT PASS,KANNUR,CALICUT,Sunday,Weekend
56653,CLT-CAN PASS,CALICUT,KANNUR,Thursday,Weekday
56654,MAQ-CLT PASS,MANGALORE CENTRAL,CALICUT,Tuesday,Weekday
56655,CAN-MAQ PASS,KANNUR,MANGALORE CENTRAL,Thursday,Weekday
56656,MAQ-CAN PASS,MANGALORE CENTRAL,KANNUR,Thursday,Weekday
56657,CLT-CAN PASS,CALICUT,KANNUR,Tuesday,Weekday
56659,CAN-CHV PASE,KANNUR,CHERVATTUR,Wednesday,Weekday
56661,CHV-MAQ PASS,CHERVATTUR,MANGALORE CENTRAL,Monday,Weekday
56663,TCR-CLT PASS,TRICHUR,CALICUT,Friday,Weekday
56664,CLT-TCR PASS,CALICUT,TRICHUR,Saturday,Weekend
56665,KGQ-BYNDOOR,KASARAGOD,BYNDOOR,Wednesday,Weekday
56666,BYNDOOR-KGQ,BYNDOOR,KASARAGOD,Sunday,Weekend
56700,MDU-PUU PASS,MADURAI JN,PUNALUR,Tuesday,Weekday
56701,QLN-MDU PASS,PUNALUR,MADURAI JN,Monday,Weekday
56703,TPJ-DG PASS,TIRUCHIRAPPALLI JN.,DINDIGUL JN,Saturday,Weekend
56704,DG-TPJ PASS,DINDIGUL JN,TIRUCHIRAPPALLI JN.,Wednesday,Weekday
56705,VM-MDU PASSE,VILLUPURAM JN.,MADURAI JN,Sunday,Weekend
56706,MDU-VM PASSE,MADURAI JN,VILLUPURAM JN.,Tuesday,Weekday
56707,DG - MDU PAS,DINDIGUL JN,MADURAI JN,Wednesday,Weekday
56708,MDU-DG PASS,MADURAI JN,DINDIGUL JN,Wednesday,Weekday
56709,PLNI-MDU PAS,PALANI,MADURAI JN,Wednesday,Weekday
56710,MDU-PLNI PAS,MADURAI JN,PALANI,Saturday,Weekend
56711,KIK-TPJ PASS,KARAIKAL,TIRUCHIRAPPALLI JN.,Saturday,Weekend
56714,TPJ-KIK PASS,TIRUCHIRAPPALLI JN.,KARAIKAL,Wednesday,Weekday
56715,KANNIYAKUMAR,PUNALUR,KANNIYAKUMARI,Thursday,Weekday
56716,PUNALUR PASS,KANNIYAKUMARI,PUNALUR,Monday,Weekday
56717,CAPE TEN PAS,KANNIYAKUMARI,TIRUNELVELI JN,Monday,Weekday
56718,TEN NCJ PASS,TIRUNELVELI JN,NAGERCOIL JN.,Saturday,Weekend
56719,NCJ-CAPE PAS,NAGERCOIL JN.,KANNIYAKUMARI,Thursday,Weekday
56721,MDU-RMM PASS,MADURAI JN,RAMESWARAM,Thursday,Weekday
56722,RMM-MDU PASS,RAMESWARAM,MADURAI JN,Monday,Weekday
56723,MDU-RMM PASS,MADURAI JN,RAMESWARAM,Monday,Weekday
56724,RMM-MDU PASS,RAMESWARAM,MADURAI JN,Wednesday,Weekday
56725,MDU-RMM PASS,MADURAI JN,RAMESWARAM,Thursday,Weekday
56726,RMM - MDU  P,RAMESWARAM,MADURAI JN,Friday,Weekday
56731,MDU-SCT PASS,MADURAI JN,SENGOTTAI JN,Monday,Weekday
56732,SCT-MDU PASS,SENGOTTAI JN,MADURAI JN,Monday,Weekday
56733,MDU-SCT PASS,MADURAI JN,SENGOTTAI JN,Sunday,Weekend
56734,SCT-MDU PASS,SENGOTTAI JN,MADURAI JN,Saturday,Weekend
56735,MDU-SCT  PAS,MADURAI JN,SENGOTTAI JN,Monday,Weekday
56736,SCT-MDU PASS,SENGOTTAI JN,MADURAI JN,Friday,Weekday
56741,TN-TEN PASSE,TUTICORIN,TIRUNELVELI JN,Saturday,Weekend
56742,TEN-TN PASSE,TIRUNELVELI JN,TUTICORIN,Thursday,Weekday
56761,TEN-TCN PASS,TIRUNELVELI JN,TIRUCHENDUR,Tuesday,Weekday
56762,TCN-TEN PASS,TIRUCHENDUR,TIRUNELVELI JN,Saturday,Weekend
56763,TEN-TCN,TIRUNELVELI JN,TIRUCHENDUR,Friday,Weekday
56764,TCN-TEN PASS,TIRUCHENDUR,TIRUNELVELI JN,Tuesday,Weekday
56765,TEN-TCN PASS,TIRUNELVELI JN,TIRUCHENDUR,Saturday,Weekend
56766,TCN-TEN PASS,TIRUCHENDUR,TIRUNELVELI JN,Friday,Weekday
56767,TN-TCN PASS,TUTICORIN,TIRUCHENDUR,Tuesday,Weekday
56768,TCN-TN PASS,TIRUCHENDUR,TUTICORIN,Friday,Weekday
56769,PGT-TCN PASS,PALAKKAD JN,TIRUCHENDUR,Tuesday,Weekday
56770,TCN-PGT PASS,TIRUCHENDUR,PALAKKAD JN,Sunday,Weekend
56796,SCT-TEN PASS,SENGOTTAI JN,TIRUNELVELI JN,Tuesday,Weekday
56797,TEN-AYVN PAS,TIRUNELVELI JN,BAGAVATHIPURAM,Monday,Weekday
56798,AYVN-TEN PAS,BAGAVATHIPURAM,TIRUNELVELI JN,Friday,Weekday
56799,TEN-SCT PASS,TIRUNELVELI JN,SENGOTTAI JN,Saturday,Weekend
56800,SCT-TEN PASS,SENGOTTAI JN,TIRUNELVELI JN,Tuesday,Weekday
56801,TEN-SCT PASS,TIRUNELVELI JN,SENGOTTAI JN,Saturday,Weekend
56802,SCT-TEN PASS,SENGOTTAI JN,TIRUNELVELI JN,Sunday,Weekend
56803,TEN-SCT PASS,TIRUNELVELI JN,SENGOTTAI JN,Sunday,Weekend
56811,MV TPJ PASSR,MAYILADUTURAI JN.,TIRUCHIRAPPALLI JN.,Monday,Weekday
56812,TPJ MV PASSR,TIRUCHIRAPPALLI JN.,MAYILADUTURAI JN.,Monday,Weekday
56819,KMU TJ PASSR,KUMBAKONAM,THANJAVUR JN.,Wednesday,Weekday
56820,TJ KMU PASSR,THANJAVUR JN.,KUMBAKONAM,Monday,Weekday
56821,MV-TEN PASSE,MAYILADUTURAI JN.,DINDIGUL JN,Monday,Weekday
56822,TEN-MV PASSE,DINDIGUL JN,MAYILADUTURAI JN.,Thursday,Weekday
56823,MV-TPJ PASSE,MAYILADUTURAI JN.,TIRUCHIRAPPALLI JN.,Friday,Weekday
56824,TPJ-MV PASSE,TIRUCHIRAPPALLI JN.,MAYILADUTURAI JN.,Sunday,Weekend
56825,ED/MV-TEN PA,ERODE JN.,TIRUNELVELI JN,Saturday,Weekend
56826,TEN-ED/MV PA,TIRUNELVELI JN,ERODE JN.,Tuesday,Weekday
56829,TPJ-RMM PASS,TIRUCHIRAPPALLI JN.,RAMESWARAM,Wednesday,Weekday
56830,RMM-TPJ PASS,RAMESWARAM,TIRUCHIRAPPALLI JN.,Saturday,Weekend
56839,JTJ ED PASSR,JOLARPETTAI JN,ERODE JN.,Friday,Weekday
56840,ED JTJ PASSR,ERODE JN.,JOLARPETTAI JN,Wednesday,Weekday
56841,TPJ ED PASSR,TIRUCHIRAPPALLI JN.,ERODE JN.,Wednesday,Weekday
56842,ED TPJ PASS,ERODE JN.,TIRUCHIRAPPALLI JN.,Sunday,Weekend
56843,TPJ ED  PASS,TIRUCHIRAPPALLI JN.,ERODE JN.,Tuesday,Weekday
56844,ED TPJ PASSR,ERODE JN.,TIRUCHIRAPPALLI JN.,Wednesday,Weekday
56845,JTJ -  ED PA,JOLARPETTAI JN,ERODE JN.,Sunday,Weekend
56846,ED JTJ PASSR,ERODE JN.,JOLARPETTAI JN,Friday,Weekday
56859,TBM  VM  PAS,TAMBARAM,VILLUPURAM JN.,Thursday,Weekday
56860,VM  TBM PASS,VILLUPURAM JN.,TAMBARAM,Saturday,Weekend
56861,VM-PDY PASS,VILLUPURAM JN.,PONDICHERRY,Friday,Weekday
56862,PDY-VM-PASS,PONDICHERRY,VILLUPURAM JN.,Tuesday,Weekday
56863,VM-PDY PASS,VILLUPURAM JN.,PONDICHERRY,Sunday,Weekend
56864,PDY-VM PASSR,PONDICHERRY,VILLUPURAM JN.,Saturday,Weekend
56865,VM-PDY PASS,VILLUPURAM JN.,PONDICHERRY,Wednesday,Weekday
56866,PDY-VM PASS,PONDICHERRY,VILLUPURAM JN.,Monday,Weekday
56871,MV-TVR PASSR,MAYILADUTURAI JN.,THIRUVARUR JN.,Wednesday,Weekday
56872,TVR-MV,THIRUVARUR JN.,MAYILADUTURAI JN.,Wednesday,Weekday
56873,VM  MV PASSR,VILLUPURAM JN.,MAYILADUTURAI JN.,Saturday,Weekend
56874,MV  VM PASSR,MAYILADUTURAI JN.,VILLUPURAM JN.,Tuesday,Weekday
56875,VM-MV PASSR.,VILLUPURAM JN.,MAYILADUTURAI JN.,Thursday,Weekday
56876,MV-VM PASSR.,MAYILADUTURAI JN.,VILLUPURAM JN.,Thursday,Weekday
56877,VM  MV PASSR,VILLUPURAM JN.,MAYILADUTURAI JN.,Thursday,Weekday
56878,MV VM PASSR,MAYILADUTURAI JN.,VILLUPURAM JN.,Wednesday,Weekday
56879,MV-TVR PASSR,MAYILADUTURAI JN.,THIRUVARUR JN.,Sunday,Weekend
56880,TVR-MV PASSR,THIRUVARUR JN.,MAYILADUTURAI JN.,Friday,Weekday
56881,KPD-VM PASSR,KATPADI JN,VILLUPURAM JN.,Friday,Weekday
56882,VM-TPTY PASS,VILLUPURAM JN.,TIRUPATI,Friday,Weekday
56883,KPD -VM PASS,KATPADI JN,VILLUPURAM JN.,Monday,Weekday
56884,VM-TPTY PASS,VILLUPURAM JN.,TIRUPATI,Monday,Weekday
56885,TPTY-VM PASS,TIRUPATI,VILLUPURAM JN.,Thursday,Weekday
56886,VM-KPD PASSR,VILLUPURAM JN.,KATPADI JN,Saturday,Weekend
56889,TPTY-KPD PAS,TIRUPATI,KATPADI JN,Thursday,Weekday
56902,DWR-UBL PASS,DHARWAD,HUBLI JN.,Saturday,Weekend
56903,SUR-DWR PASS,SOLAPUR,DHARWAD,Friday,Weekday
56904,DWR-SUR PASS,DHARWAD,SOLAPUR,Friday,Weekday
56905,BJP-UBL PASS,SOLAPUR,HUBLI JN.,Friday,Weekday
56906,UBL-BJP PASS,HUBLI JN.,SOLAPUR,Friday,Weekday
56907,UBL - DWR PA,HUBLI JN.,DHARWAD,Wednesday,Weekday
56909,SBC-HPT PASS,KRANTIVIRA SANGOLLI RAYANNA (BENGALURU STATION),HOSPET JN.,Thursday,Weekday
56910,HPT-SBC FAST,HOSPET JN.,KRANTIVIRA SANGOLLI RAYANNA (BENGALURU STATION),Monday,Weekday
56911,JRU-UBL  PAS,CHIKJAJUR JN.,HUBLI JN.,Sunday,Weekend
56912,UBL-JRU PASS,HUBLI JN.,CHIKJAJUR JN.,Wednesday,Weekday
56913,SBC-UBL FAST,KRANTIVIRA SANGOLLI RAYANNA (BENGALURU STATION),HUBLI JN.,Friday,Weekday
56914,UBL-SBC FAST,HUBLI JN.,KRANTIVIRA SANGOLLI RAYANNA (BENGALURU STATION),Thursday,Weekday
56915,JRU-UBL PASS,CHIKJAJUR JN.,HUBLI JN.,Tuesday,Weekday
56916,UBL-JRU PASS,HUBLI JN.,CHIKJAJUR JN.,Thursday,Weekday
56917,RRB-SMET PAS,BIRUR JN.,SHIMOGA TOWN,Friday,Weekday
56918,SMET-RRB PAS,SHIMOGA TOWN,BIRUR JN.,Monday,Weekday
56921,UBL-BGM FAST,HUBLI JN.,BELGAUM,Friday,Weekday
56922,BGM-UBL FAST,BELGAUM,HUBLI JN.,Sunday,Weekend
56925,SBC-TK FAST,KRANTIVIRA SANGOLLI RAYANNA (BENGALURU STATION),TUMKUR,Wednesday,Weekday
56926,TK-SBC FAST,TUMKUR,KRANTIVIRA SANGOLLI RAYANNA (BENGALURU STATION),Wednesday,Weekday
56961,QLM-VSG,KULEM,VASCO-DA-GAMA,Wednesday,Weekday
56962,VSG-QLM PASS,VASCO-DA-GAMA,KULEM,Saturday,Weekend
56963,QLM-VSG PASS,KULEM,VASCO-DA-GAMA,Tuesday,Weekday
56964,VSG-QLM,VASCO-DA-GAMA,KULEM,Wednesday,Weekday
56965,QLM-VSG,KULEM,VASCO-DA-GAMA,Friday,Weekday
56966,VSG-QLM,VASCO-DA-GAMA,KULEM,Tuesday,Weekday
57121,RAMGIRI,KAZIPET JN.,BALHARSHAH,Wednesday,Weekday
57122,RAMGIRI,SIRPUR TOWN,KAZIPET JN.,Thursday,Weekday
57123,SINGARENI,BHADRACHALAM ROAD,SIRPUR TOWN,Saturday,Weekend
57124,SINGARENI,BALHARSHAH,BHADRACHALAM ROAD,Saturday,Weekend
57129,BJP-BMO PASS,BIJAPUR JN,BOLARUM,Tuesday,Weekday
57130,HYB-BJP PASS,HYDERABAD DECCAN,BIJAPUR JN,Monday,Weekday
57131,PASSENGER,BOLARUM,HYDERABAD DECCAN,Wednesday,Weekday
57133,BJP-SUR PASS,BIJAPUR JN,RAICHUR,Tuesday,Weekday
57134,BJP PASS,RAICHUR,BIJAPUR JN,Thursday,Weekday
57135,NGP-KZJ PASS,AJNI,KAZIPET JN.,Wednesday,Weekday
57136,KZJ-AJNI PAS,KAZIPET JN.,AJNI,Monday,Weekday
57145,PASS,DORNAKAL JN.,BHADRACHALAM ROAD,Saturday,Weekend
57146,PASS,BHADRACHALAM ROAD,DORNAKAL JN.,Thursday,Weekday
57155,WADIPASS,GULBARGA,HYDERABAD DECCAN,Sunday,Weekend
57156,PASS,HYDERABAD DECCAN,GULBARGA,Sunday,Weekend
57225,BZA-VSKP-PAS,VIJAYWADA JN.,VISAKHAPATNAM,Monday,Weekday
57226,VSKP-BZA-PAS,VISAKHAPATNAM,VIJAYWADA JN.,Thursday,Weekday
57229,MTM-VSKP PAS,MACHILIPATNAM,VISAKHAPATNAM,Sunday,Weekend
57230,VSKP-MTM PAS,VISAKHAPATNAM,MACHILIPATNAM,Friday,Weekday
57231,COA PASS,VIJAYWADA JN.,KAKINADA PORT,Sunday,Weekend
57232,COA-BZA-GNT,KAKINADA PORT,VIJAYWADA JN.,Monday,Weekday
57237,PASS,KAZIPET JN.,VIJAYWADA JN.,Friday,Weekday
57238,BZA-KZJ PASS,VIJAYWADA JN.,KAZIPET JN.,Tuesday,Weekday
57239,PASS,CHENNAI CENTRAL,GUDUR JN.,Saturday,Weekend
57240,MASPASS,BITRAGUNTA,CHENNAI CENTRAL,Sunday,Weekend
57241,PASS,BITRAGUNTA,VIJAYWADA JN.,Thursday,Weekday
57242,PASS,VIJAYWADA JN.,BITRAGUNTA,Wednesday,Weekday
57255,COA-VSKP PSG,KAKINADA PORT,VISAKHAPATNAM,Sunday,Weekend
57256,VSKP-COA PSG,VISAKHAPATNAM,KAKINADA PORT,Thursday,Weekday
57257,TPTY-COA PAS,TIRUPATI,KAKINADA PORT,Sunday,Weekend
57258,COA-TPTY PAS,KAKINADA PORT,TIRUPATI,Friday,Weekday
57264,BVRM/VSKP PA,NARASAPUR,BHIMAVARAM JN.,Tuesday,Weekday
57265,NS PASS,BHIMAVARAM JN.,NARASAPUR,Thursday,Weekday
57271,BZA-RGDA PAS,VIJAYWADA JN.,RAYAGADA JN.,Saturday,Weekend
57272,RGDA-BZA PAS,RAYAGADA JN.,VIJAYWADA JN.,Thursday,Weekday
57273,UBL-TPTY PAS,HUBLI JN.,TIRUPATI,Sunday,Weekend
57274,TPTY-UBL PAS,TIRUPATI,HUBLI JN.,Friday,Weekday
57277,PASS,GUDUR JN.,VIJAYWADA JN.,Saturday,Weekend
57278,PASS,VIJAYWADA JN.,BITRAGUNTA,Tuesday,Weekday
57305,KCG-GNT PASS,KACHEGUDA,GUNTUR JN.,Tuesday,Weekday
57306,GNT-KCG PASS,GUNTUR JN.,KACHEGUDA,Friday,Weekday
57307,KCG-MED PASS,KACHEGUDA,MEDCHAL,Tuesday,Weekday
57308,MED-KCG PASS,MEDCHAL,KACHEGUDA,Wednesday,Weekday
57317,MCLA PASS,GUNTUR JN.,MACHERLA,Wednesday,Weekday
57320,GNT PASS,MACHERLA,GUNTUR JN.,Saturday,Weekend
57323,MCLA PASS,NADIKUDE JN.,MACHERLA,Sunday,Weekend
57324,NDKD PASS,MACHERLA,NADIKUDE JN.,Thursday,Weekday
57325,GNT PASS,KACHEGUDA,GUNTUR JN.,Tuesday,Weekday
57326,KCG PASS,GUNTUR JN.,KACHEGUDA,Tuesday,Weekday
57327,GNT PASS,DHONE JN,GUNTUR JN.,Wednesday,Weekday
57328,DHNE PASS,GUNTUR JN.,DHONE JN,Thursday,Weekday
57329,PASS,TIRUPATI,GUNTUR JN.,Wednesday,Weekday
57330,PAAS,GUNTUR JN.,TIRUPATI,Wednesday,Weekday
57381,NS PASS,GUNTUR JN.,NARASAPUR,Tuesday,Weekday
57382,GNT PASS,NARASAPUR,GUNTUR JN.,Monday,Weekday
57401,KPD PASSENGE,TIRUPATI,KATPADI JN,Tuesday,Weekday
57402,PASSENGER,KATPADI JN,TIRUPATI,Wednesday,Weekday
57403,DEMU,TIRUPATI,KATPADI JN,Wednesday,Weekday
57404,KPD-TPTY PAS,KATPADI JN,TIRUPATI,Saturday,Weekend
57405,PASSENGER,TIRUPATI,KATPADI JN,Thursday,Weekday
57406,PASSENGER,KATPADI JN,TIRUPATI,Saturday,Weekend
57411,TPTY-GDR PAS,RENIGUNTA JN.,GUDUR JN.,Saturday,Weekend
57412,TPTY PASS,GUDUR JN.,RENIGUNTA JN.,Sunday,Weekend
57425,PASSENGER,KACHEGUDA,GUNTAKAL JN.,Thursday,Weekday
57426,GTL-KCG-PASS,GUNTAKAL JN.,KACHEGUDA,Friday,Weekday
57429,GDR PASS,TIRUPATI,GUDUR JN.,Saturday,Weekend
57430,TPTY PASS,GUDUR JN.,TIRUPATI,Saturday,Weekend
57435,KRNT PASS,KACHEGUDA,KURNOOL TOWN,Tuesday,Weekday
57436,SC PASS,KURNOOL TOWN,KACHEGUDA,Wednesday,Weekday
57447,MBNR PASS,KACHEGUDA,MAHBUBNAGAR,Wednesday,Weekday
57448,MBNR-MZL PAS,MAHBUBNAGAR,MIRZAPALI,Friday,Weekday
57451,JRUPASS,CHIKJAJUR JN.,GUNTAKAL JN.,Tuesday,Weekday
57452,JRUPAS,GUNTAKAL JN.,CHIKJAJUR JN.,Monday,Weekday
57456,MBNR-KCG PAS,MAHBUBNAGAR,KACHEGUDA,Wednesday,Weekday
57473,KCG-BDHN PAS,KACHEGUDA,BODHAN,Tuesday,Weekday
57474,BDHN-MBNR  P,BODHAN,MAHBUBNAGAR,Wednesday,Weekday
57475,TPTY-GTL PAS,TIRUPATI,GUNTAKAL JN.,Tuesday,Weekday
57476,GTL-TPTY PAS,GUNTAKAL JN.,TIRUPATI,Monday,Weekday
57477,TPTY-KRYP  P,TIRUPATI,RAYA DRUG,Monday,Weekday
57478,KYND-TPTY PA,RAYA DRUG,TIRUPATI,Tuesday,Weekday
57486,MZL-KCG PASS,MIRZAPALI,KACHEGUDA,Sunday,Weekend
57501,PASS,NIZAMABAD,BODHAN,Saturday,Weekend
57502,BDHN-MZL PAS,BODHAN,MIRZAPALI,Monday,Weekday
57503,MZL-BDHN PAS,MIRZAPALI,BODHAN,Saturday,Weekend
57504,PASS,BODHAN,NIZAMABAD,Monday,Weekday
57512,PAU PASS,PARBHANI JN.,NANDED,Friday,Weekday
57515,DD-NED PASS,DAUND JN.,NANDED,Tuesday,Weekday
57516,NED-DD PASS,NANDED,DAUND JN.,Sunday,Weekend
57517,HYB-TDU PASS,HYDERABAD DECCAN,TANDUR,Thursday,Weekday
57518,TDU-HYB PASS,TANDUR,HYDERABAD DECCAN,Wednesday,Weekday
57521,PARLI-PAU PA,PARLI VAIJNATH,PURNA JN.,Friday,Weekday
57522,PAU-PARLI  S,PURNA JN.,PARLI VAIJNATH,Saturday,Weekend
57539,PRLI PASS,AKOLA JN.,PARLI VAIJNATH,Thursday,Weekday
57540,PBN PASS,PARLI VAIJNATH,AKOLA JN.,Sunday,Weekend
57541,NED PASS,NAGARSOL,NANDED,Thursday,Weekday
57542,MMR PASS,NANDED,MANMAD JN.,Wednesday,Weekday
57547,PAU PASS,HYDERABAD DECCAN,PURNA JN.,Friday,Weekday
57548,HYB PASS,PURNA JN.,HYDERABAD DECCAN,Sunday,Weekend
57549,HYB-AWB PASS,HYDERABAD DECCAN,AURANGABAD,Tuesday,Weekday
57550,AWB-HYB PASS,AURANGABAD,HYDERABAD DECCAN,Sunday,Weekend
57551,PASS,PURNA JN.,ADILABAD,Thursday,Weekday
57552,PASS,ADILABAD,PURNA JN.,Tuesday,Weekday
57553,PRLI-ADB PAS,PARLI VAIJNATH,ADILABAD,Wednesday,Weekday
57554,ADB-PRLI-PAS,ADILABAD,PARLI VAIJNATH,Saturday,Weekend
57557,NED PASS,NIZAMABAD,NANDED,Sunday,Weekend
57558,NZB PASS,NANDED,NIZAMABAD,Monday,Weekday
57561,MMR PASS,KACHEGUDA,MANMAD JN.,Friday,Weekday
57562,MMR-KCG- PAS,MANMAD JN.,KACHEGUDA,Sunday,Weekend
57563,HYB-PBN PASS,HYDERABAD DECCAN,PARBHANI JN.,Tuesday,Weekday
57564,NED-HYB PASS,NANDED,HYDERABAD DECCAN,Tuesday,Weekday
57581,PASS,AKOLA JN.,PURNA JN.,Saturday,Weekend
57582,PASS,PURNA JN.,AKOLA JN.,Monday,Weekday
57583,PASS,AKOLA JN.,PURNA JN.,Saturday,Weekend
57584,PASS,PURNA JN.,AKOLA JN.,Tuesday,Weekday
57590,NSL PASS,MANMAD JN.,NAGARSOL,Sunday,Weekend
57593,NED PASS,MEDCHAL,NANDED,Friday,Weekday
57594,MED PASS,NANDED,MEDCHAL,Saturday,Weekend
57601,KCG-NZB PASS,KACHEGUDA,NIZAMABAD,Tuesday,Weekday
57602,NZB-KCG PASS,NIZAMABAD,KACHEGUDA,Saturday,Weekend
57605,SC-VKB PASSE,SECUNDERABAD JN.,VIKRABAD JN.,Monday,Weekday
57606,VKB-KCG PASS,VIKRABAD JN.,KACHEGUDA,Sunday,Weekend
57625,SC-MUGR FAST,SECUNDERABAD JN.,MANUGURU,Saturday,Weekend
57626,MUGR-SC FAST,MANUGURU,SECUNDERABAD JN.,Sunday,Weekend
57628,SUR PASS,GULBARGA,SOLAPUR,Sunday,Weekend
57631,RC PASS,SOLAPUR,GUNTAKAL JN.,Thursday,Weekday
57632,GR PASS,GUNTAKAL JN.,GULBARGA,Monday,Weekday
57641,BGK PASS,SOLAPUR,GADAG JN.,Monday,Weekday
57642,BGK-SUR PASS,GADAG JN.,SOLAPUR,Thursday,Weekday
57649,WADI PASS,GULBARGA,WADI JN.,Monday,Weekday
57650,SUR PASS,WADI JN.,SOLAPUR,Wednesday,Weekday
57651,SC-RAL PASS,SECUNDERABAD JN.,REPALLE,Tuesday,Weekday
57652,RAL-SC PASS,REPALLE,SECUNDERABAD JN.,Sunday,Weekend
57657,MUGR-KZJ PAS,MANUGURU,KAZIPET JN.,Tuesday,Weekday
57658,KZJ-MUGR PAS,KAZIPET JN.,MANUGURU,Friday,Weekday
57659,FM PASS,SOLAPUR,FALAKNUMA,Tuesday,Weekday
57660,GR PASS,FALAKNUMA,GULBARGA,Sunday,Weekend
57685,SUR-BJP PASS,SOLAPUR,BIJAPUR JN,Wednesday,Weekday
57686,BJP-SUR PASS,BIJAPUR JN,SOLAPUR,Wednesday,Weekday
57687,NZB-KCG PASS,NIZAMABAD,KACHEGUDA,Sunday,Weekend
57688,KCG-NZB,KACHEGUDA,NIZAMABAD,Sunday,Weekend
57689,NZB-KCG PASS,NIZAMABAD,KACHEGUDA,Tuesday,Weekday
57690,KCG-NZB PASS,KACHEGUDA,NIZAMABAD,Wednesday,Weekday
58001,HWH  PURI  P,HOWRAH JN.,PURI,Friday,Weekday
58002,PURI SRC  PA,PURI,SANTRAGACHI JN.,Saturday,Weekend
58003,HWH-BHC PASS,HOWRAH JN.,BHADRAKH,Monday,Weekday
58004,BHC-HWH PASS,BHADRAKH,HOWRAH JN.,Friday,Weekday
58005,KGP-KUR PASS,KHARAGPUR,KHURDA ROAD JN.,Saturday,Weekend
58006,KUR-KGP PASS,KHURDA ROAD JN.,KHARAGPUR,Wednesday,Weekday
58007,KGP-BHC PASS,KHARAGPUR,BHADRAKH,Sunday,Weekend
58008,BHC-KGP PASS,BHADRAKH,KHARAGPUR,Thursday,Weekday
58009,KGP JJKR PAS,KHARAGPUR,JAJPUR KEONJHAR ROAD,Thursday,Weekday
58010,JJKR  KGP PA,JAJPUR KEONJHAR ROAD,KHARAGPUR,Tuesday,Weekday
58011,HWH-ADRA CKP,HOWRAH JN.,CHAKARADHARPUR,Wednesday,Weekday
58012,CKP-ADRA-HWH,CHAKARADHARPUR,HOWRAH JN.,Wednesday,Weekday
58013,HWH BKSC PAS,ADRA,BOKARO STEEL CITY,Friday,Weekday
58014,BKSC HWH PAS,BOKARO STEEL CITY,ADRA,Tuesday,Weekday
58015,HWH ADRA SHI,HOWRAH JN.,ADRA,Saturday,Weekend
58016,ADRA HWH SHI,ADRA,HOWRAH JN.,Monday,Weekday
58017,KGP - ASN PA,KHARAGPUR,ASANSOL MAIN,Tuesday,Weekday
58018,ASN - KGP PA,ASANSOL MAIN,KHARAGPUR,Monday,Weekday
58019,ADRA ASANSOL,ADRA,ASANSOL MAIN,Saturday,Weekend
58020,ASN ADRA PAS,ASANSOL MAIN,ADRA,Monday,Weekday
58021,KGP TATA PAS,KHARAGPUR,TATANAGAR JN,Friday,Weekday
58022,TATA KGP  PA,TATANAGAR JN,KHARAGPUR,Tuesday,Weekday
58023,TATA BRKA PA,TATANAGAR JN,BARKAKANA,Tuesday,Weekday
58024,TATA BRKA PA,BARKAKANA,TATANAGAR JN,Monday,Weekday
58025,KGP HTE PASS,KHARAGPUR,HATIA,Sunday,Weekend
58026,HTE KGP PASS,HATIA,KHARAGPUR,Monday,Weekday
58029,BLS BHC PASS,BALASORE,BHADRAKH,Friday,Weekday
58030,BHC BLS PASS,BHADRAKH,BALASORE,Friday,Weekday
58031,CKU - TATA P,CHAKULIA,TATANAGAR JN,Friday,Weekday
58032,TATA - CKU P,TATANAGAR JN,CHAKULIA,Sunday,Weekend
58033,BKSC-RNC PAS,BOKARO STEEL CITY,RANCHI,Sunday,Weekend
58034,RNC-BKSC PAS,RANCHI,BOKARO STEEL CITY,Monday,Weekday
58103,TATA BBN PAS,TATANAGAR JN,BARBIL,Monday,Weekday
58104,BBN TATA PAS,BARBIL,TATANAGAR JN,Wednesday,Weekday
58109,TATA-GUA PAS,TATANAGAR JN,GUA,Monday,Weekday
58110,GUA-TATA PAS,GUA,TATANAGAR JN,Tuesday,Weekday
58111,TATA - ITR P,TATANAGAR JN,ITWARI JN.,Wednesday,Weekday
58112,ITR  TATA PA,ITWARI JN.,TATANAGAR JN,Saturday,Weekend
58113,TATA BSP PAS,TATANAGAR JN,BILASPUR JN.,Tuesday,Weekday
58114,BSP TATA PAS,BILASPUR JN.,TATANAGAR JN,Thursday,Weekday
58117,JSG GONDIA P,JHARSUGUDA JN.,GONDIA JN.,Sunday,Weekend
58118,GONDIA JSG P,GONDIA JN.,JHARSUGUDA JN.,Friday,Weekday
58131,ROU-SBP-PURI,ROURKELA,PURI,Thursday,Weekday
58132,PURI-SBP- RO,PURI,ROURKELA,Friday,Weekday
58133,ROU-JSG PASS,ROURKELA,JHARSUGUDA JN.,Tuesday,Weekday
58134,JSG-ROU PASS,JHARSUGUDA JN.,ROURKELA,Wednesday,Weekday
58135,JSG-SBP  PAS,JHARSUGUDA JN.,SAMBALPUR JN.,Wednesday,Weekday
58136,SBP-JSG PASS,SAMBALPUR JN.,JHARSUGUDA JN.,Sunday,Weekend
58137,JSG-SBP PASS,JHARSUGUDA JN.,SAMBALPUR JN.,Thursday,Weekday
58138,SBP-JSG PASS,SAMBALPUR JN.,JHARSUGUDA JN.,Saturday,Weekend
58143,TATA - HTE P,TATANAGAR JN,HATIA,Monday,Weekday
58151,BRMP BXF PAS,BIRMITRAPUR,BARSUAN,Wednesday,Weekday
58152,BXF  BRMP PA,BARSUAN,BIRMITRAPUR,Wednesday,Weekday
58161,HTE JSG PASS,HATIA,JHARSUGUDA JN.,Saturday,Weekend
58162,JSG HTE PASS,JHARSUGUDA JN.,HATIA,Wednesday,Weekday
58163,GBA-RNC PASS,GARBETA,RANCHI,Wednesday,Weekday
58164,HTE-BOA PASS,RANCHI,GARBETA,Tuesday,Weekday
58201,BSP-R PASSEN,BILASPUR JN.,RAIPUR JN.,Saturday,Weekend
58202,R-BSP PASSEN,RAIPUR JN.,BILASPUR JN.,Thursday,Weekday
58203,GAD-R PASSEN,GEVRA-ROAD,RAIPUR JN.,Tuesday,Weekday
58204,R-GAD PASSEN,RAIPUR JN.,GEVRA-ROAD,Monday,Weekday
58205,R-ITR PASSEN,RAIPUR JN.,ITWARI JN.,Wednesday,Weekday
58206,ITR-R PASSEN,ITWARI JN.,RAIPUR JN.,Friday,Weekday
58207,R-JNRD PASSE,RAIPUR JN.,JUNAGARH ROAD,Saturday,Weekend
58208,JNRD-R PASSE,JUNAGARH ROAD,RAIPUR JN.,Tuesday,Weekday
58209,GAD-BSP PASS,GEVRA-ROAD,BILASPUR JN.,Tuesday,Weekday
58210,BSP-GAD PASS,BILASPUR JN.,GEVRA-ROAD,Monday,Weekday
58212,BSP-GAD PASS,BILASPUR JN.,GEVRA-ROAD,Friday,Weekday
58213,TIG-BSP PASS,TITLA GARH JN.,BILASPUR JN.,Thursday,Weekday
58214,BSP-TIG PASS,BILASPUR JN.,TITLA GARH JN.,Friday,Weekday
58217,TIG-R PASS,TITLA GARH JN.,RAIPUR JN.,Thursday,Weekday
58218,R-TIG PASS,RAIPUR JN.,TITLA GARH JN.,Wednesday,Weekday
58219,BSP - CHRM P,BILASPUR JN.,CHIRMIRI,Wednesday,Weekday
58220,CHRM - BSP P,CHIRMIRI,BILASPUR JN.,Thursday,Weekday
58221,CHRM - CHD P,CHIRMIRI,CHANDIA ROAD,Wednesday,Weekday
58222,CHD - CHRM P,CHANDIA ROAD,CHIRMIRI,Friday,Weekday
58223,MDGR-ABKP PA,MANENDRAGARH,AMBIKAPUR,Saturday,Weekend
58224,ABKP-APR PAS,AMBIKAPUR,ANUPPUR JN.,Wednesday,Weekday
58227,APR - MDGR P,ANUPPUR JN.,MANENDRAGARH,Tuesday,Weekday
58301,SBP-KRPU PAS,SAMBALPUR JN.,KORAPUT JN.,Sunday,Weekend
58302,KRPU-SBP PAS,KORAPUT JN.,SAMBALPUR JN.,Friday,Weekday
58303,SBP-LJR-JNRD,LANJI GARH ROAD,JUNAGARH ROAD,Friday,Weekday
58304,JNR-LJR-SBP,JUNAGARH ROAD,LANJI GARH ROAD,Saturday,Weekend
58401,CTC-PRDP,CUTTACK JN.,PARADEEP,Monday,Weekday
58402,PRDP-CTC,PARADEEP,CUTTACK JN.,Thursday,Weekday
58403,KUR-PURI PAS,KHURDA ROAD JN.,PURI,Sunday,Weekend
58404,PURI-KUR PAS,PURI,KHURDA ROAD JN.,Monday,Weekday
58405,CTC-PRDP,CUTTACK JN.,PARADEEP,Monday,Weekday
58406,PRDP-CTC,PARADEEP,CUTTACK JN.,Tuesday,Weekday
58408,BBS-BHC PASS,BHUBANESWAR,BHADRAKH,Friday,Weekday
58409,KUR-PURI PAS,KHURDA ROAD JN.,PURI,Friday,Weekday
58410,PURI-KUR PAS,PURI,KHURDA ROAD JN.,Wednesday,Weekday
58411,BBS-BAM PASS,BHUBANESWAR,BERHAMPUR,Friday,Weekday
58412,BAM-BBS PASS,BERHAMPUR,BHUBANESWAR,Friday,Weekday
58413,TLHR-PURI PA,TALCHER,PURI,Saturday,Weekend
58414,PURI-TLHR PA,PURI,TALCHER,Friday,Weekday
58415,CTC-PURI PAS,CUTTACK JN.,PURI,Friday,Weekday
58416,PURI-CTC PAS,PURI,CUTTACK JN.,Thursday,Weekday
58417,PURI-GNPR PA,PURI,GUNUPUR,Wednesday,Weekday
58418,GNPR-PURI PA,GUNUPUR,PURI,Tuesday,Weekday
58419,BBS-PSA PASS,BHUBANESWAR,PALASA,Saturday,Weekend
58420,PSA-BBS PASS,PALASA,BHUBANESWAR,Sunday,Weekend
58421,ANGL-PURI PA,ANGUL,PURI,Monday,Weekday
58422,PURI-ANGL PA,PURI,ANGUL,Sunday,Weekend
58423,BHC-CTC,BHADRAKH,CUTTACK JN.,Saturday,Weekend
58424,CTC-BHC,CUTTACK JN.,BHADRAKH,Tuesday,Weekday
58425,KDJR-BBS FAS,KENDUJHAR,BHUBANESWAR,Sunday,Weekend
58426,BBS-KDJR FAS,BHUBANESWAR,KENDUJHAR,Monday,Weekday
58427,PSA-GNPR PAS,PALASA,GUNUPUR,Thursday,Weekday
58428,GNPR-PSA PAS,GUNUPUR,PALASA,Thursday,Weekday
58429,KUR-NYGT PAS,KHURDA ROAD JN.,NAYAGARHTOWN,Sunday,Weekend
58430,NYGT-KUR PAS,NAYAGARHTOWN,KHURDA ROAD JN.,Monday,Weekday
58431,KUR-NYGT PAS,KHURDA ROAD JN.,NAYAGARHTOWN,Monday,Weekday
58432,NYGT-KUR PAS,NAYAGARHTOWN,KHURDA ROAD JN.,Friday,Weekday
58433,CTC-BAM FAST,CUTTACK JN.,BERHAMPUR,Sunday,Weekend
58434,BAM-CTC  FAS,BERHAMPUR,CUTTACK JN.,Saturday,Weekend
58435,BHC-CTC,BHADRAKH,CUTTACK JN.,Monday,Weekday
58436,CTC-BHC,CUTTACK JN.,BHADRAKH,Wednesday,Weekday
58501,VSKP-KRDL PA,VISAKHAPATNAM,KIRANDUL,Monday,Weekday
58502,KRDL-VSKP,KIRANDUL,VISAKHAPATNAM,Thursday,Weekday
58503,RGDA-VSKP PA,RAYAGADA JN.,VISAKHAPATNAM,Sunday,Weekend
58504,VSKP-RGDA PA,VISAKHAPATNAM,RAYAGADA JN.,Monday,Weekday
58505,GNPR-VSKP PA,GUNUPUR,VISAKHAPATNAM,Thursday,Weekday
58506,VSKP-GNPR PA,VISAKHAPATNAM,GUNUPUR,Sunday,Weekend
58525,PSA-VSKP PAS,PALASA,VISAKHAPATNAM,Thursday,Weekday
58526,VSKP-PSA PAS,VISAKHAPATNAM,PALASA,Friday,Weekday
58527,R-VSKP PASS,RAIPUR JN.,VISAKHAPATNAM,Saturday,Weekend
58528,VSKP-R PASSE,VISAKHAPATNAM,RAIPUR JN.,Wednesday,Weekday
58529,DURG-VSKP PA,DURG,VISAKHAPATNAM,Saturday,Weekend
58530,VSKP-DURG PA,VISAKHAPATNAM,DURG,Wednesday,Weekday
58531,PSA-VSKP PAS,PALASA,VISAKHAPATNAM,Thursday,Weekday
58532,VSKP - PSA P,VISAKHAPATNAM,PALASA,Monday,Weekday
58533,CTC-PSA PASS,CUTTACK JN.,PALASA,Friday,Weekday
58534,PSA-CTC PASS,PALASA,CUTTACK JN.,Thursday,Weekday
58535,CTC-PRDP,CUTTACK JN.,PARADEEP,Sunday,Weekend
58536,PRDP-CTC,PARADEEP,CUTTACK JN.,Saturday,Weekend
58537,KRPU-VSKP PA,KORAPUT JN.,VISAKHAPATNAM,Sunday,Weekend
58538,VSKP-KRPU PA,VISAKHAPATNAM,KORAPUT JN.,Saturday,Weekend
58601,KGP ADRA PAS,KHARAGPUR,ADRA,Thursday,Weekday
58602,ADRA KGP PAS,ADRA,KHARAGPUR,Tuesday,Weekday
58603,KGP GOMO PAS,KHARAGPUR,NSC BOSE J GOMO,Saturday,Weekend
58604,GOMO KGP PAS,NSC BOSE J GOMO,KHARAGPUR,Tuesday,Weekday
58621,ADRA BARKAKA,ADRA,BARKAKANA,Wednesday,Weekday
58622,BARKAKANA AD,BARKAKANA,ADRA,Monday,Weekday
58651,RNC LAD PASS,RANCHI,LOHARDAGA BS,Saturday,Weekend
58652,LAD RNC PASS,LOHARDAGA BS,RANCHI,Thursday,Weekday
58653,RNC BICI -TO,RANCHI,TORI,Saturday,Weekend
58654,TORI-BICI -,TORI,RANCHI,Friday,Weekday
58655,RNC-LAD PASS,RANCHI,LOHARDAGA BS,Sunday,Weekend
58656,LAD RNC PASS,LOHARDAGA BS,RANCHI,Tuesday,Weekday
58657,RNC-LAD PASS,RANCHI,LOHARDAGA BS,Saturday,Weekend
58658,LAD-RNC PASS,LOHARDAGA BS,RANCHI,Sunday,Weekend
58659,HTE-ROU PASS,HATIA,ROURKELA,Monday,Weekday
58660,ROU-HTE PASE,ROURKELA,HATIA,Tuesday,Weekday
58661,TATA-HTE PAS,TATANAGAR JN,HATIA,Saturday,Weekend
58662,HTE TATA PAS,HATIA,TATANAGAR JN,Wednesday,Weekday
58701,SDL - ABKP P,SHAHDOL,AMBIKAPUR,Sunday,Weekend
58702,ABKP - SDL P,AMBIKAPUR,SHAHDOL,Wednesday,Weekday
58711,KENDRI-DHAMT,KENDRI,DHAMTARI,Thursday,Weekday
58712,DHAMTARI-KEN,DHAMTARI,KENDRI,Sunday,Weekend
58713,KENDRI-DHAMT,KENDRI,DHAMTARI,Monday,Weekday
58714,DHAMTARI-KEN,DHAMTARI,KENDRI,Friday,Weekday
58715,KENDRI-DHAMT,KENDRI,DHAMTARI,Wednesday,Weekday
58716,DHAMTARI-KEN,DHAMTARI,KENDRI,Sunday,Weekend
58717,KENDRI-RAJIM,KENDRI,RAJIM,Tuesday,Weekday
58718,RAJIM-KENDRI,RAJIM,KENDRI,Saturday,Weekend
58719,ABHANPUR-RAJ,ABHANPUR JN.,RAJIM,Tuesday,Weekday
58720,RAJIM-ABHANP,RAJIM,ABHANPUR JN.,Thursday,Weekday
58721,ABHANPUR-RAJ,ABHANPUR JN.,RAJIM,Saturday,Weekend
58722,RAJIM-ABHANP,RAJIM,ABHANPUR JN.,Tuesday,Weekday
58801,BPQ - G PASS,BALHARSHAH,GONDIA JN.,Wednesday,Weekday
58802,G - BPQ PASS,GONDIA JN.,BALHARSHAH,Tuesday,Weekday
58803,BPQ - G PASS,BALHARSHAH,GONDIA JN.,Tuesday,Weekday
58804,G - BPQ PASS,GONDIA JN.,BALHARSHAH,Saturday,Weekend
58805,CAF - G PASS,CHANDAFORT,GONDIA JN.,Monday,Weekday
58806,G - WSA PASS,GONDIA JN.,WADSA,Wednesday,Weekday
58808,WSA - CAF PA,WADSA,CHANDAFORT,Wednesday,Weekday
58809,RTK-ITR LOCA,RAMTEK,ITWARI JN.,Sunday,Weekend
58810,NGP-RTK LOCA,NAGPUR JN.(CR),RAMTEK,Thursday,Weekday
58811,RTK-NGP LOCA,RAMTEK,NAGPUR JN.(CR),Saturday,Weekend
58812,ITR- RTK LOC,ITWARI JN.,RAMTEK,Tuesday,Weekday
58813,RTK-ITR LOCA,RAMTEK,ITWARI JN.,Saturday,Weekend
58814,ITR- RTK LOC,ITWARI JN.,RAMTEK,Thursday,Weekday
58815,ITR - TRDI L,ITWARI JN.,TIRODI,Thursday,Weekday
58816,TRDI - ITR L,TIRODI,ITWARI JN.,Wednesday,Weekday
58817,TMR-TRDI LOC,TUMSAR RD,TIRODI,Saturday,Weekend
58818,TRDI-TMR LOC,TIRODI,TUMSAR RD,Tuesday,Weekday
58843,ITR-NAB PASS,ITWARI JN.,NAGBHIR JN.,Tuesday,Weekday
58844,NAB-ITR PASS,NAGBHIR JN.,ITWARI JN.,Monday,Weekday
58845,ITR-NAB PASS,ITWARI JN.,NAGBHIR JN.,Wednesday,Weekday
58846,NAB-ITR PASS,NAGBHIR JN.,ITWARI JN.,Wednesday,Weekday
58847,ITR-NAB PASS,ITWARI JN.,NAGBHIR JN.,Thursday,Weekday
58848,NAB-ITR PASS,NAGBHIR JN.,ITWARI JN.,Sunday,Weekend
58877,ITR NAB PASS,ITWARI JN.,NAGBHIR JN.,Saturday,Weekend
58878,NAB ITR PASS,NAGBHIR JN.,ITWARI JN.,Sunday,Weekend
59013,BHUSAVAL PAS,SURAT,BHUSAVAL JN.,Sunday,Weekend
59014,SURAT PASSEN,BHUSAVAL JN.,SURAT,Sunday,Weekend
59023,BCT BL PASS,MUMBAI CENTRAL,VALSAD,Saturday,Weekend
59024,BL BCT PASS,VALSAD,MUMBAI CENTRAL,Friday,Weekday
59037,VIRAR ST PAS,VIRAR,SURAT,Thursday,Weekday
59038,SURAT VR PAS,SURAT,VIRAR,Saturday,Weekend
59039,VR BL SHUTTL,VIRAR,VALSAD,Friday,Weekday
59040,VAPI VR SHUT,VAPI,VIRAR,Tuesday,Weekday
59045,VAPI PASSENG,BANDRA TERMINUS,VAPI,Tuesday,Weekday
59046,BL BDTS PASS,VALSAD,BANDRA TERMINUS,Monday,Weekday
59048,SURAT BL PAS,SURAT,VALSAD,Monday,Weekday
59049,VALSAD VG  P,VALSAD,VIRAMGAM JN,Sunday,Weekend
59050,VG VALSAD PA,VIRAMGAM JN,VALSAD,Friday,Weekday
59075,BHUSAVAL PAS,SURAT,BHUSAVAL JN.,Sunday,Weekend
59076,BSL ST BCT P,BHUSAVAL JN.,SURAT,Saturday,Weekend
59077,BHUSAVAL PAS,SURAT,BHUSAVAL JN.,Saturday,Weekend
59078,SURAT PASSEN,BHUSAVAL JN.,SURAT,Saturday,Weekend
59101,BRC KATHANA,VADODARA JN.,KATHANA,Saturday,Weekend
59102,KATHANA BRC,KATHANA,VADODARA JN.,Monday,Weekday
59103,BRC KATHANA,VADODARA JN.,KATHANA,Friday,Weekday
59104,KATHANA BRC,KATHANA,VADODARA JN.,Friday,Weekday
59117,PRTN-BDE,PRATAP NAGAR,CHHOTA UDEPUR,Sunday,Weekend
59118,CTD - BRC,CHHOTA UDEPUR,VADODARA JN.,Monday,Weekday
59119,BRC - CTD,VADODARA JN.,CHHOTA UDEPUR,Friday,Weekday
59120,CTD - PRTN P,CHHOTA UDEPUR,PRATAP NAGAR,Friday,Weekday
59121,PRTN - BDE P,VADODARA JN.,CHHOTA UDEPUR,Friday,Weekday
59122,BDE-PRTN PAS,CHHOTA UDEPUR,VADODARA JN.,Friday,Weekday
59151,ND - MODASA,NADIAD JN.,MODASA,Saturday,Weekend
59152,MODASA - ND,MODASA,NADIAD JN.,Friday,Weekday
59153,ND-MDSA PASS,NADIAD JN.,MODASA,Friday,Weekday
59154,MDSA - ND PA,MODASA,NADIAD JN.,Tuesday,Weekday
59161,BHARUCH ANND,BHARUCH JN.,ANAND JN.,Saturday,Weekend
59162,ANND BHARUCH,ANAND JN.,BHARUCH JN.,Thursday,Weekday
59163,ANND VTL PAS,ANAND JN.,VADTAL SWAMINARAYAN,Friday,Weekday
59164,VTL ANND PAS,VADTAL SWAMINARAYAN,ANAND JN.,Wednesday,Weekday
59167,AKV-RAJ-AKV,ANKLESHWAR JN.,RAJPIPLA,Wednesday,Weekday
59168,AKV-RAJ-AKV,RAJPIPLA,ANKLESHWAR JN.,Saturday,Weekend
59169,ANND VTL PAS,ANAND JN.,VADTAL SWAMINARAYAN,Wednesday,Weekday
59170,VTL ANND PAS,VADTAL SWAMINARAYAN,ANAND JN.,Tuesday,Weekday
59201,PIT - BVC PA,PALITANA,BHAVNAGAR TERMINUS,Sunday,Weekend
59202,BVC - PIT PA,BHAVNAGAR TERMINUS,PALITANA,Thursday,Weekday
59203,SUNR-BVC PAS,SURENDRANAGAR,BHAVNAGAR TERMINUS,Monday,Weekday
59204,BVC-SUNR FAS,BHAVNAGAR TERMINUS,SURENDRANAGAR,Sunday,Weekend
59205,WSJ PBR PASS,KANALUS,PORBANDAR,Monday,Weekday
59206,PBR WSJ PASS,PORBANDAR,KANALUS,Thursday,Weekday
59207,BVC OKHA PAS,BHAVNAGAR TERMINUS,OKHA,Thursday,Weekday
59208,BHAVNAGAR PA,OKHA,BHAVNAGAR TERMINUS,Wednesday,Weekday
59211,RJT PBR FAST,RAJKOT,PORBANDAR,Monday,Weekday
59212,PBR RJT FAST,PORBANDAR,RAJKOT,Wednesday,Weekday
59213,BNVD PBR PAS,BHANVAD,PORBANDAR,Friday,Weekday
59214,PBR BNVDPASS,PORBANDAR,BHANVAD,Wednesday,Weekday
59215,BNVD PBR PAS,BHANVAD,PORBANDAR,Wednesday,Weekday
59216,PBR BNVD PAS,PORBANDAR,BHANVAD,Thursday,Weekday
59225,BVC - MHV PA,BHAVNAGAR TERMINUS,MAHUVA,Saturday,Weekend
59226,MHV - BVC PA,MAHUVA,BHAVNAGAR TERMINUS,Saturday,Weekend
59227,BTD - BVC PA,BOTAD,BHAVNAGAR TERMINUS,Thursday,Weekday
59228,BVC - BTD PA,BHAVNAGAR TERMINUS,BOTAD,Thursday,Weekday
59229,DHG - BVC PA,DHRANGADHRA,BHAVNAGAR TERMINUS,Saturday,Weekend
59230,BVC - DHG PA,BHAVNAGAR TERMINUS,DHRANGADHRA,Monday,Weekday
59231,SUNR - BTD P,SURENDRANAGAR,BOTAD,Sunday,Weekend
59232,BTD - SUNR P,BOTAD,SURENDRANAGAR,Friday,Weekday
59233,SUNR BTD PAS,SURENDRANAGAR,BHAVNAGAR TERMINUS,Wednesday,Weekday
59234,BTD - SUNR P,BHAVNAGAR TERMINUS,SURENDRANAGAR,Tuesday,Weekday
59235,DLJ - MHV PA,DHOLA JN,MAHUVA,Tuesday,Weekday
59236,MHV - DLJ PA,MAHUVA,DHOLA JN,Saturday,Weekend
59243,RJU - MHV PA,RAJULA CITY,MAHUVA,Friday,Weekday
59244,MHV - RJU PA,MAHUVA,RAJULA CITY,Tuesday,Weekday
59267,PIT - BVC PA,PALITANA,BHAVNAGAR TERMINUS,Wednesday,Weekday
59268,BVC - PIT PA,BHAVNAGAR TERMINUS,PALITANA,Friday,Weekday
59269,PIT - BVC PA,PALITANA,BHAVNAGAR TERMINUS,Friday,Weekday
59270,BVC - PIT PA,BHAVNAGAR TERMINUS,PALITANA,Wednesday,Weekday
59271,SUNR - BVC P,SURENDRANAGAR,BHAVNAGAR TERMINUS,Thursday,Weekday
59272,BVC - SUNR P,BHAVNAGAR TERMINUS,SURENDRANAGAR,Sunday,Weekend
59295,PIT - BVC PA,PALITANA,BHAVNAGAR TERMINUS,Thursday,Weekday
59296,BVC - PIT PA,BHAVNAGAR TERMINUS,PALITANA,Thursday,Weekday
59297,PBR-SMNH PAS,PORBANDAR,SOMNATH,Saturday,Weekend
59298,SMNH-PBR PAS,SOMNATH,PORBANDAR,Sunday,Weekend
59306,UJN INDB PAS,UJJAIN JN,INDORE BG,Tuesday,Weekday
59307,INDB UJN PAS,INDORE BG,UJJAIN JN,Monday,Weekday
59317,NAD UJN PASS,NAGDA JN,UJJAIN JN,Sunday,Weekend
59318,UJN NAD PASS,UJJAIN JN,NAGDA JN,Sunday,Weekend
59319,UJN BPL PASS,UJJAIN JN,BHOPAL,Wednesday,Weekday
59320,BPL UJJAIN P,BHOPAL,UJJAIN JN,Friday,Weekday
59341,NAGDA BINA P,NAGDA JN,BINA,Monday,Weekday
59342,BINA NAD PAS,BINA,NAGDA JN,Saturday,Weekend
59345,RTM NAD PASS,RATLAM JN,NAGDA JN,Sunday,Weekend
59346,NAD RTM PASS,NAGDA JN,RATLAM JN,Thursday,Weekday
59353,NAD UJN PASS,NAGDA JN,UJJAIN JN,Friday,Weekday
59354,UJN NAD PASS,UJJAIN JN,NAGDA JN,Friday,Weekday
59355,RATLAM MTJ P,RATLAM JN,MATHURA JN.,Thursday,Weekday
59356,MTJ RATLAM P,MATHURA JN.,RATLAM JN,Saturday,Weekend
59357,BXN-JAB PASS,BAYANA,YAMUNA BRIDGE,Wednesday,Weekday
59358,JAB-BXN PASS,YAMUNA BRIDGE,BAYANA,Monday,Weekday
59359,BXN-MTJ PASS,BAYANA,MATHURA JN.,Saturday,Weekend
59360,MTJ-BXN PASS,MATHURA JN.,BAYANA,Thursday,Weekday
59379,IND MKC PASS,INDORE BG,MAKSI JN,Tuesday,Weekday
59380,MKC - IND PA,MAKSI JN,INDORE BG,Monday,Weekday
59385,PANCHVALLEY,INDORE BG,CHHINWARA JN,Sunday,Weekend
59386,PANCHVALLEY,CHHINWARA JN,INDORE BG,Friday,Weekday
59387,NAD INDB PAS,NAGDA JN,INDORE BG,Tuesday,Weekday
59388,INDB - NAD P,INDORE BG,NAGDA JN,Sunday,Weekend
59393,DHD HBJ FAST,DAHOD,BHOPAL,Tuesday,Weekday
59394,HBJ DHD FAST,BHOPAL,DAHOD,Tuesday,Weekday
59395,BZU- CWA PAS,BETUL,CHHINWARA JN,Wednesday,Weekday
59396,CWA - BZU PA,CHHINWARA JN,BETUL,Tuesday,Weekday
59421,RJT VRL PASS,RAJKOT,VERAVAL,Wednesday,Weekday
59422,SMNH RJT PAS,SOMNATH,RAJKOT,Wednesday,Weekday
59423,RJT SMNH PAS,RAJKOT,SOMNATH,Sunday,Weekend
59424,VRL  - RJT P,VERAVAL,RAJKOT,Friday,Weekday
59425,BHUJ - PNU P,NEW BHUJ,PALANPUR JN,Sunday,Weekend
59426,PNU - BHUJ P,PALANPUR JN,NEW BHUJ,Friday,Weekday
59439,AHMADABAD PA,MUMBAI CENTRAL,AHMEDABAD,Tuesday,Weekday
59440,AHMADABAD PA,AHMEDABAD,MUMBAI CENTRAL,Monday,Weekday
59441,AHMEDABAD PA,MUMBAI CENTRAL,AHMEDABAD,Tuesday,Weekday
59442,AHMEDABAD PA,AHMEDABAD,MUMBAI CENTRAL,Saturday,Weekend
59473,ADI - PTN PA,AHMEDABAD,PATAN,Monday,Weekday
59474,PTN - ADI PA,PATAN,AHMEDABAD,Monday,Weekday
59475,MSH - PTN PA,MAHESANA JN,PATAN,Thursday,Weekday
59476,PTN - MSH PA,PATAN,MAHESANA JN,Monday,Weekday
59477,MSH - PTN PA,MAHESANA JN,PATAN,Saturday,Weekend
59478,MSH - PTN PA,PATAN,MAHESANA JN,Sunday,Weekend
59481,MSH - PTN PA,MAHESANA JN,PATAN,Sunday,Weekend
59482,PTN - MSH PA,PATAN,MAHESANA JN,Thursday,Weekday
59483,MSH - PTN PA,MAHESANA JN,PATAN,Saturday,Weekend
59484,PTN - MSH PA,PATAN,MAHESANA JN,Saturday,Weekend
59503,VG OKHA FAST,VIRAMGAM JN,OKHA,Monday,Weekday
59504,OKHA VG FAST,OKHA,VIRAMGAM JN,Tuesday,Weekday
59507,RJT- SMNH PA,RAJKOT,SOMNATH,Tuesday,Weekday
59508,SMNH -RJT PA,SOMNATH,RAJKOT,Wednesday,Weekday
59509,MSH - VG PAS,MAHESANA JN,VIRAMGAM JN,Sunday,Weekend
59510,VG-MSH PASSE,VIRAMGAM JN,MAHESANA JN,Tuesday,Weekday
59511,MSH - VG PAS,MAHESANA JN,VIRAMGAM JN,Saturday,Weekend
59512,VG-MSH PASSE,VIRAMGAM JN,MAHESANA JN,Tuesday,Weekday
59547,OKHA PASSENG,AHMEDABAD,OKHA,Saturday,Weekend
59548,OKHA ADI PAS,OKHA,AHMEDABAD,Friday,Weekday
59549,SANKALP FAST,VADODARA JN.,AHMEDABAD,Tuesday,Weekday
59550,SANKALP FAST,AHMEDABAD,VADODARA JN.,Wednesday,Weekday
59601,MJ AII PASS,MARWAR JN.,AJMER JN.,Saturday,Weekend
59602,AII MJ PASS,AJMER JN.,MARWAR JN.,Saturday,Weekend
59603,AII - UDZ PA,MADAR JN,UDAIPUR CITY,Sunday,Weekend
59604,UDZ-AII PASS,UDAIPUR CITY,MADAR JN,Saturday,Weekend
59605,COR-UDZ PASS,CHITTAURGARH JN,UDAIPUR CITY,Saturday,Weekend
59606,UDZ-COR PASS,UDAIPUR CITY,CHITTAURGARH JN,Saturday,Weekend
59607,AJMER - PUSH,AJMER JN.,PUSHKAR TERMINUS,Wednesday,Weekday
59608,PUSHKER - AJ,PUSHKAR TERMINUS,AJMER JN.,Friday,Weekday
59705,SOG-JP PASS.,SURATGARH JN.,JAIPUR JN.,Monday,Weekday
59706,JP-SOG PASSA,JAIPUR JN.,SURATGARH JN.,Tuesday,Weekday
59707,APH-SOG  PAS,ANUPGARH,SURATGARH JN.,Tuesday,Weekday
59708,SOG - APH PA,SURATGARH JN.,ANUPGARH,Wednesday,Weekday
59709,APH-SOG  PAS,ANUPGARH,SURATGARH JN.,Tuesday,Weekday
59710,SOG-APH PASS,SURATGARH JN.,ANUPGARH,Saturday,Weekend
59711,BTI- SOG  PA,BATHINDA JN,SURATGARH JN.,Friday,Weekday
59712,SOG-BTI  PAS,SURATGARH JN.,BATHINDA JN,Sunday,Weekend
59713,FL-JP PASS,PHULERA JN.,JAIPUR JN.,Tuesday,Weekday
59714,JP - FL PASS,JAIPUR JN.,PHULERA JN.,Sunday,Weekend
59715,FL-RE PASSEN,PHULERA JN.,REWARI JN.,Thursday,Weekday
59716,RE-FL PASSEN,REWARI JN.,PHULERA JN.,Friday,Weekday
59717,FL-RE PASSEN,PHULERA JN.,REWARI JN.,Monday,Weekday
59718,RE-FL PASSEN,REWARI JN.,PHULERA JN.,Wednesday,Weekday
59719,FL-RE SPL PA,PHULERA JN.,REWARI JN.,Sunday,Weekend
59720,RE-FL SPL PA,REWARI JN.,PHULERA JN.,Monday,Weekday
59721,JP-HSR PASSE,JAIPUR JN.,HISAR JN,Friday,Weekday
59722,HSR-JP PASS.,HISAR JN,JAIPUR JN.,Monday,Weekday
59727,SIKR  RE PAS,SIKAR JN.,REWARI JN.,Tuesday,Weekday
59728,RE SIKR PASS,REWARI JN.,SIKAR JN.,Thursday,Weekday
59729,SIKR RE PASS,SIKAR JN.,REWARI JN.,Sunday,Weekend
59730,RE SIKR PASS,REWARI JN.,SIKAR JN.,Thursday,Weekday
59731,APH-SOG HOLI,ANUPGARH,SURATGARH JN.,Tuesday,Weekday
59732,SOG-APH HOLI,SURATGARH JN.,ANUPGARH,Friday,Weekday
59733,APH-SOG PASS,ANUPGARH,SURATGARH JN.,Friday,Weekday
59734,SOG-APH HOLI,SURATGARH JN.,ANUPGARH,Thursday,Weekday
59735,FPS-SIKR,FATEHPUR-SHEKHAWATI,SIKAR JN.,Thursday,Weekday
59736,SIKR-FPS,SIKAR JN.,FATEHPUR-SHEKHAWATI,Friday,Weekday
59803,RTM-KOTA PAS,RATLAM JN,KOTA,Thursday,Weekday
59804,KOTA-RTM PAS,KOTA,RATLAM JN,Monday,Weekday
59805,JP-BXN PASSE,JAIPUR JN.,BAYANA,Friday,Weekday
59806,BXN-JP PASSE,BAYANA,JAIPUR JN.,Sunday,Weekend
59811,HALDIGHATI P,RATLAM JN,AGRA FORT,Sunday,Weekend
59812,JAB-KOTA-RTM,YAMUNA BRIDGE,RATLAM JN,Wednesday,Weekday
59813,KOTA-JAB PAS,KOTA,YAMUNA BRIDGE,Friday,Weekday
59814,JAB-KOTA PAS,AGRA FORT,KOTA,Thursday,Weekday
59821,KOTA-BHIND P,KOTA,BHIND,Thursday,Weekday
59822,BHIND-KOTA P,BHIND,KOTA,Wednesday,Weekday
59823,GWL-BIX PASS,GWALIOR JN,BHIND,Sunday,Weekend
59824,BIX-GWL PASS,BHIND,GWALIOR JN,Thursday,Weekday
59825,GWL-BIX PASS,GWALIOR JN,BHIND,Monday,Weekday
59826,BIX-GWL PASS,BHIND,GWALIOR JN,Monday,Weekday
59827,BIX-ETW PASS,BHIND,ETAWAH,Tuesday,Weekday
59828,ETW-BIX PASS,ETAWAH,BHIND,Tuesday,Weekday
59831,BRC-KOTA PAR,VADODARA JN.,KOTA,Tuesday,Weekday
59832,KOTA-BRC PAR,KOTA,VADODARA JN.,Sunday,Weekend
59833,KOTA-NMH FAS,KOTA,NIMACH,Wednesday,Weekday
59834,NMH-KOTA FAS,NIMACH,KOTA,Sunday,Weekend
59835,NMH-UDZ PASS,NIMACH,UDAIPUR CITY,Monday,Weekday
59836,UDZ-NMH PASS,UDAIPUR CITY,NIMACH,Saturday,Weekend
59837,JLWC-KOTA PA,JHALAWAR CITY,KOTA,Wednesday,Weekday
59838,KOTA-JLWC,KOTA,JHALAWAR CITY,Tuesday,Weekday
59839,JLWC-KOTA PA,JHALAWAR CITY,KOTA,Wednesday,Weekday
59840,KOTA-JLWC PA,KOTA,JHALAWAR CITY,Sunday,Weekend
61631,BPL BINA MEM,BHOPAL,BINA,Tuesday,Weekday
61632,BINA- BPL ME,BINA,BHOPAL,Monday,Weekday
63105,SDAH-BPC MEM,SEALDAH,LALGOLA,Friday,Weekday
63108,LGL-SDAH MEM,LALGOLA,SEALDAH,Sunday,Weekend
63141,SDAH RPH PAS,SEALDAH,RAMPUR HAT,Sunday,Weekend
63142,RPH SDAH PAS,RAMPUR HAT,SEALDAH,Monday,Weekday
63151,JSME - BDME,JASIDIH JN.,BAIDYANATHDHAM,Sunday,Weekend
63153,JSME - BDME,JASIDIH JN.,BAIDYANATHDHAM,Tuesday,Weekday
63154,BDME - JSME,BAIDYANATHDHAM,JASIDIH JN.,Monday,Weekday
63155,JSME - BDME,JASIDIH JN.,BAIDYANATHDHAM,Tuesday,Weekday
63156,BDME - JSME,BAIDYANATHDHAM,JASIDIH JN.,Wednesday,Weekday
63157,JSME - BDME,JASIDIH JN.,BAIDYANATHDHAM,Saturday,Weekend
63158,BDME - JSME,BAIDYANATHDHAM,JASIDIH JN.,Friday,Weekday
63159,JSME - BDME,JASIDIH JN.,BAIDYANATHDHAM,Tuesday,Weekday
63160,BDME - JSME,BAIDYANATHDHAM,JASIDIH JN.,Wednesday,Weekday
63161,JSME - BDME,JASIDIH JN.,BAIDYANATHDHAM,Sunday,Weekend
63162,BDME - JSME,BAIDYANATHDHAM,JASIDIH JN.,Sunday,Weekend
63163,JSME - BDME,JASIDIH JN.,BAIDYANATHDHAM,Saturday,Weekend
63164,BDME - JSME,BAIDYANATHDHAM,JASIDIH JN.,Friday,Weekday
63165,JSME-BDME PG,JASIDIH JN.,BAIDYANATHDHAM,Thursday,Weekday
63166,BDME - JSME,BAIDYANATHDHAM,JASIDIH JN.,Friday,Weekday
63167,JSME - BDME,JASIDIH JN.,BAIDYANATHDHAM,Sunday,Weekend
63168,BDME - JSME,BAIDYANATHDHAM,JASIDIH JN.,Saturday,Weekend
63169,JSME-BDME PG,JASIDIH JN.,BAIDYANATHDHAM,Monday,Weekday
63203,KIUL-MKA MEM,KIUL JN.,MOKAMA JN.,Sunday,Weekend
63204,MKA-KIUL MEM,MOKAMA JN.,KIUL JN.,Monday,Weekday
63205,KIUL-PNBE ME,KIUL JN.,PATNA JN.,Saturday,Weekend
63206,PNBE-KIUL ME,PATNA JN.,KIUL JN.,Thursday,Weekday
63207,JAJ-PNBE MEM,JHAJHA,PATNA JN.,Tuesday,Weekday
63208,PNBE-JSME ME,PATNA JN.,JASIDIH JN.,Friday,Weekday
63209,JAJ-PNBE MEM,JHAJHA,PATNA JN.,Saturday,Weekend
63210,PNBE-JAJ MEM,PATNA JN.,JHAJHA,Wednesday,Weekday
63211,JAJ - PNBE,JASIDIH JN.,PATNA JN.,Sunday,Weekend
63212,PNBE-JAJ MEM,PATNA JN.,JHAJHA,Sunday,Weekend
63213,PNBE-ARA MEM,PATNA JN.,ARA,Saturday,Weekend
63214,ARA-PNBE MEM,ARA,PATNA JN.,Friday,Weekday
63217,MKA-DNR MEMU,MOKAMA JN.,DANAPUR,Tuesday,Weekday
63218,DNR - MKA ME,DANAPUR,MOKAMA JN.,Sunday,Weekend
63219,DNR-RPR MEMU,DANAPUR,RAGHUNATHPUR,Friday,Weekday
63220,RPR-PNBE MEM,RAGHUNATHPUR,PATNA JN.,Friday,Weekday
63221,MKA-PNBE MEM,MOKAMA JN.,PATNA JN.,Thursday,Weekday
63222,PNBE-MKA MEM,PATNA JN.,MOKAMA JN.,Friday,Weekday
63223,PNBE-ARA MEM,PATNA JN.,ARA,Friday,Weekday
63224,ARA-PNBE MEM,ARA,PATNA JN.,Wednesday,Weekday
63225,PNBE-MGS MEM,PATNA JN.,MUGHAL SARAI JN.,Saturday,Weekend
63226,BSB-PNBE MEM,VARANASI JN.,PATNA JN.,Sunday,Weekend
63227,PNBE-MGS MEM,PATNA JN.,MUGHAL SARAI JN.,Thursday,Weekday
63228,MGS-PNBE  ME,MUGHAL SARAI JN.,PATNA JN.,Thursday,Weekday
63231,PNBE-MGS MEM,PATNA JN.,MUGHAL SARAI JN.,Sunday,Weekend
63232,BXR-PNBE MEM,BUXAR,PATNA JN.,Tuesday,Weekday
63233,PNBE-BSB MEM,PATNA JN.,VARANASI JN.,Wednesday,Weekday
63234,MGS-PNBE MEM,MUGHAL SARAI JN.,PATNA JN.,Wednesday,Weekday
63235,BXR-MGS MEMU,BUXAR,MUGHAL SARAI JN.,Tuesday,Weekday
63237,MGS-ALD MEMU,MUGHAL SARAI JN.,ALLAHABAD JN.,Saturday,Weekend
63238,MGS- ALD MEM,ALLAHABAD JN.,MUGHAL SARAI JN.,Tuesday,Weekday
63240,MGS-BXR MEMU,MUGHAL SARAI JN.,BUXAR,Wednesday,Weekday
63241,PNBE- GAYA M,PATNA JN.,GAYA JN.,Wednesday,Weekday
63242,GAYA-PNBE  M,GAYA JN.,PATNA JN.,Saturday,Weekend
63243,PNBE-GAYA ME,PATNA JN.,GAYA JN.,Saturday,Weekend
63244,GAYA -PNBE M,GAYA JN.,PATNA JN.,Friday,Weekday
63245,PNBE-GAYA ME,PATNA JN.,GAYA JN.,Sunday,Weekend
63246,GAYA-PNBE  M,GAYA JN.,PATNA JN.,Wednesday,Weekday
63247,GAYA-PNBE ME,PATNA JN.,GAYA JN.,Tuesday,Weekday
63248,GAYA-PNBE ME,GAYA JN.,PATNA JN.,Monday,Weekday
63249,PNBE-GAYA ME,PATNA JN.,GAYA JN.,Tuesday,Weekday
63250,GAYA-PNBE ME,GAYA JN.,PATNA JN.,Thursday,Weekday
63251,PNBE-GAYA ME,PATNA JN.,GAYA JN.,Monday,Weekday
63252,GAYA -PNBE M,GAYA JN.,PATNA JN.,Sunday,Weekend
63253,PNBE-GAYA ME,PATNA JN.,GAYA JN.,Wednesday,Weekday
63254,GAYA-PNBE ME,GAYA JN.,PATNA JN.,Friday,Weekday
63255,PNBE-GAYA ME,PATNA JN.,GAYA JN.,Wednesday,Weekday
63256,GAYA-PNBE ME,GAYA JN.,PATNA JN.,Saturday,Weekend
63257,PNBE-GAYA ME,PATNA JN.,GAYA JN.,Wednesday,Weekday
63258,GAYA-PNBE ME,GAYA JN.,PATNA JN.,Friday,Weekday
63259,PNBE-GAYA ME,PATNA JN.,GAYA JN.,Monday,Weekday
63260,GAYA-PNBE ME,GAYA JN.,PATNA JN.,Tuesday,Weekday
63261,FUT - BXR ME,FATUHA,BUXAR,Wednesday,Weekday
63262,BXR - FUT ME,BUXAR,FATUHA,Wednesday,Weekday
63263,PNBE-BXR MEM,PATNA JN.,BUXAR,Monday,Weekday
63264,MGS-PNBE MEM,MUGHAL SARAI JN.,PATNA JN.,Friday,Weekday
63271,MKA-PNBE MEM,MOKAMA JN.,PATNA JN.,Friday,Weekday
63272,PNBE-MKA MEM,PATNA JN.,MOKAMA JN.,Thursday,Weekday
63273,BJU-MKA MEMU,BARAUNI JN.,MOKAMA JN.,Sunday,Weekend
63274,MKA-BJU MEMU,MOKAMA JN.,BARAUNI JN.,Saturday,Weekend
63275,BJU-MKA MEMU,BARAUNI JN.,MOKAMA JN.,Saturday,Weekend
63276,MKA-BJU MEMU,MOKAMA JN.,BARAUNI JN.,Monday,Weekday
63279,BJU-SEE MEMU,BARAUNI JN.,SONPUR JN.,Friday,Weekday
63280,PNBE-BJU MEM,PATNA JN.,BARAUNI JN.,Tuesday,Weekday
63283,BJU-PNBE MEM,BARAUNI JN.,PATNA JN.,Monday,Weekday
63284,PNBE-BJU MEM,PATNA JN.,BARAUNI JN.,Wednesday,Weekday
63285,BJU-PNBE MEM,BARAUNI JN.,PATNA JN.,Monday,Weekday
63286,SEE-BJU MEMU,SONPUR JN.,BARAUNI JN.,Sunday,Weekend
63289,GAYA-DOS MEM,GAYA JN.,DEHRI-ON-SON,Friday,Weekday
63290,DOS-GAYA MEM,DEHRI-ON-SON,GAYA JN.,Saturday,Weekend
63291,GAYA-DOS MEM,GAYA JN.,DEHRI-ON-SON,Monday,Weekday
63292,DOS-GAYA MEM,DEHRI-ON-SON,GAYA JN.,Friday,Weekday
63293,DOS-MGS MEMU,DEHRI-ON-SON,MUGHAL SARAI JN.,Wednesday,Weekday
63294,MGS-DOS MEMU,MUGHAL SARAI JN.,DEHRI-ON-SON,Tuesday,Weekday
63295,GAYA-MGS MEM,GAYA JN.,MUGHAL SARAI JN.,Sunday,Weekend
63296,MGS-GAYA MEM,MUGHAL SARAI JN.,GAYA JN.,Wednesday,Weekday
63501,HWH- BWN M/L,HOWRAH JN.,BARDDHAMAN JN.,Saturday,Weekend
63502,BWN - HWH LO,BARDDHAMAN JN.,HOWRAH JN.,Wednesday,Weekday
63505,BWN-ASN PGR.,BARDDHAMAN JN.,ASANSOL MAIN,Wednesday,Weekday
63506,ASN - BWN PA,ASANSOL MAIN,BARDDHAMAN JN.,Saturday,Weekend
63507,BWN-ASN PGR.,BARDDHAMAN JN.,ASANSOL MAIN,Tuesday,Weekday
63508,ASN-BWN PGR,ASANSOL MAIN,BARDDHAMAN JN.,Tuesday,Weekday
63509,BWN-ASN PGR.,BARDDHAMAN JN.,ASANSOL MAIN,Friday,Weekday
63510,ASN - BWN PA,ASANSOL MAIN,BARDDHAMAN JN.,Saturday,Weekend
63511,BWN-ASN PGR.,BARDDHAMAN JN.,ASANSOL MAIN,Tuesday,Weekday
63512,ASN - BWN PA,ASANSOL MAIN,BARDDHAMAN JN.,Wednesday,Weekday
63513,BWN-ASN PGR.,BARDDHAMAN JN.,ASANSOL MAIN,Tuesday,Weekday
63514,ASN-BWN PGR,ASANSOL MAIN,BARDDHAMAN JN.,Friday,Weekday
63515,BWN-ASN PGR.,BARDDHAMAN JN.,ASANSOL MAIN,Tuesday,Weekday
63516,ASN-BWN PGR,ASANSOL MAIN,BARDDHAMAN JN.,Thursday,Weekday
63517,BWN-ASN PGR.,BARDDHAMAN JN.,ASANSOL MAIN,Wednesday,Weekday
63518,ASN-BWN PGR,ASANSOL MAIN,BARDDHAMAN JN.,Tuesday,Weekday
63519,BWN-ASN PGR.,BARDDHAMAN JN.,ASANSOL MAIN,Sunday,Weekend
63520,ASN - BWN PA,ASANSOL MAIN,BARDDHAMAN JN.,Friday,Weekday
63521,BWN-ASN PGR.,BARDDHAMAN JN.,ASANSOL MAIN,Friday,Weekday
63522,ASN - BWN PA,ASANSOL MAIN,BARDDHAMAN JN.,Wednesday,Weekday
63523,BWN-ASN PGR.,BARDDHAMAN JN.,ASANSOL MAIN,Wednesday,Weekday
63524,ASN - BWN PA,ASANSOL MAIN,BARDDHAMAN JN.,Monday,Weekday
63525,BWN-ASN PGR.,BARDDHAMAN JN.,ASANSOL MAIN,Monday,Weekday
63526,ASN - BWN PA,ASANSOL MAIN,BARDDHAMAN JN.,Wednesday,Weekday
63527,DGR-ASN PGR.,DURGAPUR,ASANSOL MAIN,Friday,Weekday
63528,ASN - DGR PG,ASANSOL MAIN,DURGAPUR,Thursday,Weekday
63529,UDL-RPH PASS,ANDAL JN.,RAMPUR HAT,Tuesday,Weekday
63530,RPH-UDL PASS,RAMPUR HAT,ANDAL JN.,Friday,Weekday
63531,UDL-SNT PGR.,ANDAL JN.,SAINTHIA JN.,Tuesday,Weekday
63532,SNT-UDL PGR.,SAINTHIA JN.,ANDAL JN.,Thursday,Weekday
63533,UDL-SNT PGR.,ANDAL JN.,SAINTHIA JN.,Tuesday,Weekday
63534,SNT-UDL PGR,SAINTHIA JN.,ANDAL JN.,Monday,Weekday
63535,UDL-SNT PASS,ANDAL JN.,SAINTHIA JN.,Tuesday,Weekday
63536,SNT-UDL PGR,SAINTHIA JN.,ANDAL JN.,Thursday,Weekday
63537,UDL-SNT PGR.,ANDAL JN.,SAINTHIA JN.,Friday,Weekday
63538,SNT-UDL PGR,SAINTHIA JN.,ANDAL JN.,Sunday,Weekend
63541,ASN-GMO PGR.,ASANSOL MAIN,NSC BOSE J GOMO,Monday,Weekday
63542,GMO-ASN PASS,NSC BOSE J GOMO,ASANSOL MAIN,Thursday,Weekday
63543,ASN-GMO PGR.,ASANSOL MAIN,NSC BOSE J GOMO,Thursday,Weekday
63544,GMO-ASN PASS,NSC BOSE J GOMO,ASANSOL MAIN,Tuesday,Weekday
63545,ASN-DHN PGR.,ASANSOL MAIN,DHANBAD JN.,Saturday,Weekend
63546,DHN - ASN PA,DHANBAD JN.,ASANSOL MAIN,Wednesday,Weekday
63547,DHN-HZD MEMU,DHANBAD JN.,HAZARIBAGH ROAD,Sunday,Weekend
63548,GAYA-KQR MEM,GAYA JN.,KODERMA,Saturday,Weekend
63549,HZD-GAYA MEM,HAZARIBAGH ROAD,GAYA JN.,Saturday,Weekend
63550,KQR-DHN MEMU,KODERMA,DHANBAD JN.,Tuesday,Weekday
63551,ASN-DHN PGR.,ASANSOL MAIN,DHANBAD JN.,Tuesday,Weekday
63552,DHN - ASN PA,DHANBAD JN.,ASANSOL MAIN,Sunday,Weekend
63553,ASN BSB PASS,ASANSOL MAIN,VARANASI JN.,Monday,Weekday
63554,BSB ASN PASS,VARANASI JN.,ASANSOL MAIN,Thursday,Weekday
63561,ASN-JSME PGR,ASANSOL MAIN,JASIDIH JN.,Tuesday,Weekday
63562,BDME-ASN PAS,BAIDYANATHDHAM,ASANSOL MAIN,Monday,Weekday
63563,ASN-JSME PGR,ASANSOL MAIN,JASIDIH JN.,Thursday,Weekday
63564,JSME-ASN PAS,JASIDIH JN.,ASANSOL MAIN,Sunday,Weekend
63565,JSME-JAJ PGR,JASIDIH JN.,JHAJHA,Tuesday,Weekday
63566,JAJ - JSME P,JHAJHA,JASIDIH JN.,Monday,Weekday
63567,ASN-JAJ PGR.,ASANSOL MAIN,JHAJHA,Friday,Weekday
63568,JAJ - ASN PG,JHAJHA,ASANSOL MAIN,Sunday,Weekend
63569,ASN-JSME PGR,ASANSOL MAIN,JASIDIH JN.,Wednesday,Weekday
63570,BDME-ASN PAS,BAIDYANATHDHAM,ASANSOL MAIN,Thursday,Weekday
63571,JSME-KIUL ME,JASIDIH JN.,MOKAMA JN.,Saturday,Weekend
63572,MKA - JSME M,MOKAMA JN.,JASIDIH JN.,Wednesday,Weekday
63573,JSME-KIUL ME,JASIDIH JN.,KIUL JN.,Sunday,Weekend
63574,KIUL-JSME ME,KIUL JN.,JASIDIH JN.,Wednesday,Weekday
63581,BWN-RPH PASS,BARDDHAMAN JN.,RAMPUR HAT,Saturday,Weekend
63582,RPH-BWN PASS,RAMPUR HAT,BARDDHAMAN JN.,Wednesday,Weekday
63583,BWN-RPH PASS,BARDDHAMAN JN.,RAMPUR HAT,Monday,Weekday
63584,RPH-BWN PASS,RAMPUR HAT,BARDDHAMAN JN.,Wednesday,Weekday
63591,BKSC-ASN MEM,BOKARO STEEL CITY,ASANSOL MAIN,Thursday,Weekday
63592,ASN-BKSC MEM,ASANSOL MAIN,BOKARO STEEL CITY,Sunday,Weekend
63593,PRR-ASN MEMU,PURULIA JN.,ASANSOL MAIN,Friday,Weekday
63594,ASN-PRR MEMU,ASANSOL MAIN,PURULIA JN.,Tuesday,Weekday
63595,BKSC-ASN MEM,BOKARO STEEL CITY,ASANSOL MAIN,Monday,Weekday
63596,ASN-BKSC MEM,ASANSOL MAIN,BOKARO STEEL CITY,Thursday,Weekday
63597,RNC-ASN PASS,RANCHI,ASANSOL MAIN,Saturday,Weekend
63598,ASN-RNC PASS,ASANSOL MAIN,RANCHI,Saturday,Weekend
64001,DLI-PNP MEMU,DELHI JN.,PANIPAT JN.,Sunday,Weekend
64002,PNP-DLI MEMU,PANIPAT JN.,DELHI JN.,Friday,Weekday
64003,NDLS-SNP 12C,NEW DELHI,SONIPAT,Thursday,Weekday
64004,SNP-SBB 12CA,SONIPAT,SAHIBABAD,Monday,Weekday
64011,PWL-SSB 10 C,PALWAL,SHAKUR BASTI,Monday,Weekday
64012,SSB-PWL 12CA,SHAKUR BASTI,PALWAL,Friday,Weekday
64013,PWL-SSB 12CA,PALWAL,SHAKUR BASTI,Monday,Weekday
64014,SSB-PWL 10 C,SHAKUR BASTI,PALWAL,Tuesday,Weekday
64015,PWL-SSB 12CA,PALWAL,SHAKUR BASTI,Sunday,Weekend
64016,SSB-PWL EMU,SHAKUR BASTI,PALWAL,Saturday,Weekend
64017,PWL-SSB 12CA,PALWAL,SHAKUR BASTI,Saturday,Weekend
64018,SSB-NDLS EMU,SHAKUR BASTI,NEW DELHI,Tuesday,Weekday
64019,PWL-SSB EMU,PALWAL,SHAKUR BASTI,Friday,Weekday
64031,GZB-SSB 12CA,GHAZIABAD JN.,SHAKUR BASTI,Saturday,Weekend
64032,SSB-GZB 12CA,SHAKUR BASTI,GHAZIABAD JN.,Monday,Weekday
64034,SSB-GZB 10 C,SHAKUR BASTI,GHAZIABAD JN.,Monday,Weekday
64036,SSB-GZB 12CA,SHAKUR BASTI,GHAZIABAD JN.,Friday,Weekday
64051,PWL-GZB 12CA,PALWAL,GHAZIABAD JN.,Friday,Weekday
64052,GZB-PWL 12CA,GHAZIABAD JN.,PALWAL,Sunday,Weekend
64053,PWL-GZB 12CA,PALWAL,GHAZIABAD JN.,Saturday,Weekend
64055,PWL-GZB 12CA,PALWAL,GHAZIABAD JN.,Tuesday,Weekday
64057,PWL-GZB 12CA,PALWAL,GHAZIABAD JN.,Thursday,Weekday
64061,PWL-DLI EMU,PALWAL,DELHI JN.,Tuesday,Weekday
64062,DLI-BVH EMU,DELHI JN.,PALWAL,Thursday,Weekday
64064,PND-4 EMU,DELHI JN.,PALWAL,Friday,Weekday
64071,BVH-NDLS EMU,BALLABGARH,SHAKUR BASTI,Wednesday,Weekday
64073,KSV-NDLS 12C,KOSI KALAN,NEW DELHI,Wednesday,Weekday
64074,NDLS-PWL 12C,NEW DELHI,KOSI KALAN,Wednesday,Weekday
64075,PWL-NDLS 10C,PALWAL,NEW DELHI,Sunday,Weekend
64076,NDLS-PWL 10C,NEW DELHI,PALWAL,Saturday,Weekend
64077,PWL-NDLS EMU,PALWAL,NEW DELHI,Saturday,Weekend
64078,NDLS-PWL 12C,NEW DELHI,PALWAL,Thursday,Weekday
64080,NDLS-PWL 10,NEW DELHI,PALWAL,Monday,Weekday
64082,NDLS-PWL EMU,NEW DELHI,PALWAL,Wednesday,Weekday
64084,NDLS-PWL EMU,NEW DELHI,PALWAL,Saturday,Weekend
64087,NZM-NDLS 10,HAZRAT NIZAMUDDIN JN,NEW DELHI,Tuesday,Weekday
64088,NZM-NDLS 10C,HAZRAT NIZAMUDDIN JN,NEW DELHI,Monday,Weekday
64089,NZM-NZM EMU,HAZRAT NIZAMUDDIN JN,HAZRAT NIZAMUDDIN JN,Wednesday,Weekday
64090,NZM-NZM EMU,HAZRAT NIZAMUDDIN JN,HAZRAT NIZAMUDDIN JN,Friday,Weekday
64091,HNZM-HNZM EM,HAZRAT NIZAMUDDIN JN,HAZRAT NIZAMUDDIN JN,Tuesday,Weekday
64092,NZM-NZM EMU,HAZRAT NIZAMUDDIN JN,HAZRAT NIZAMUDDIN JN,Tuesday,Weekday
64093,NZM-NDLS 10,HAZRAT NIZAMUDDIN JN,SHAKUR BASTI,Saturday,Weekend
64094,SSB-NZM 10 C,SHAKUR BASTI,HAZRAT NIZAMUDDIN JN,Friday,Weekday
64095,NDLS-SSB 10C,NEW DELHI,SHAKUR BASTI,Wednesday,Weekday
64096,SSB-NZM,SHAKUR BASTI,HAZRAT NIZAMUDDIN JN,Tuesday,Weekday
64097,NDLS-SSB 10,NEW DELHI,SHAKUR BASTI,Saturday,Weekend
64098,SSB-NZM EMU,SHAKUR BASTI,HAZRAT NIZAMUDDIN JN,Friday,Weekday
64101,ALJN-DLI 12C,ALIGARH JN.,DELHI JN.,Thursday,Weekday
64102,DLI-ALJN 12C,DELHI JN.,ALIGARH JN.,Monday,Weekday
64103,ALJN-DLI,ALIGARH JN.,DELHI JN.,Thursday,Weekday
64104,DLI-DKDE 12C,DELHI JN.,DANKAUR,Friday,Weekday
64105,ALJN-DLI 12C,ALIGARH JN.,NEW DELHI,Monday,Weekday
64106,DLI-KRJ 12CA,DELHI JN.,KHURJA JN,Friday,Weekday
64107,DKDE-DLI 12C,DANKAUR,DELHI JN.,Tuesday,Weekday
64108,DLI-DKDE 12C,DELHI JN.,KHURJA JN,Monday,Weekday
64109,DKDE-SSB 12C,DANKAUR,SHAKUR BASTI,Friday,Weekday
64110,NDLS-ALJN 12,NEW DELHI,ALIGARH JN.,Sunday,Weekend
64111,DKDE-SSB 12C,KHURJA JN,SHAKUR BASTI,Sunday,Weekend
64112,SSB-DKDE 12C,SHAKUR BASTI,DANKAUR,Wednesday,Weekday
64113,KRJ-SSB 12CA,KHURJA JN,SHAKUR BASTI,Tuesday,Weekday
64114,SSB-ALJN 12C,NEW DELHI,ALIGARH JN.,Wednesday,Weekday
64151,ALJN-DLI MEM,ALIGARH JN.,DELHI JN.,Sunday,Weekend
64152,DLI-ALJN MEM,DELHI JN.,ALIGARH JN.,Saturday,Weekend
64153,CNB-ETW MEMU,KANPUR CENTRAL JN.,ETAWAH,Saturday,Weekend
64154,ALJN-TDL MEM,ALIGARH JN.,TUNDLA JN,Tuesday,Weekday
64155,ETW-TDL MEMU,ETAWAH,TUNDLA JN,Saturday,Weekend
64156,ETW-CNB MEMU,ETAWAH,KANPUR CENTRAL JN.,Saturday,Weekend
64157,ETW-AGC MEMU,ETAWAH,AGRA CANTT,Thursday,Weekday
64158,TDL-ETW MEMU,TUNDLA JN,ETAWAH,Friday,Weekday
64159,CNB-PHD MEMU,KANPUR CENTRAL JN.,PHAPHUND,Tuesday,Weekday
64160,AGC-ETW MEMU,AGRA CANTT,ETAWAH,Sunday,Weekend
64161,PHD-SKB MEMU,PHAPHUND,SHIKOHABAD JN.,Saturday,Weekend
64162,PHD-CNB MEMU,PHAPHUND,KANPUR CENTRAL JN.,Saturday,Weekend
64163,CNB-PNK MEMU,KANPUR CENTRAL JN.,PANKI,Thursday,Weekday
64164,SKB-PHD MEMU,SHIKOHABAD JN.,PHAPHUND,Sunday,Weekend
64165,TDL-ALJN MEM,TUNDLA JN,ALIGARH JN.,Saturday,Weekend
64167,PWL-ALJN EMU,PALWAL,ALIGARH JN.,Thursday,Weekday
64168,ALJN-PWL EMU,ALIGARH JN.,PALWAL,Tuesday,Weekday
64201,LKO-CNB MEMU,LUCKNOW JN.,KANPUR CENTRAL JN.,Tuesday,Weekday
64202,CNB-LKO MEMU,KANPUR CENTRAL JN.,LUCKNOW JN.,Wednesday,Weekday
64203,LKO-CNB MEMU,LUCKNOW JN.,KANPUR CENTRAL JN.,Saturday,Weekend
64204,CNB-LKO MEMU,KANPUR CENTRAL JN.,LUCKNOW JN.,Saturday,Weekend
64205,LKO-CNB MEMU,LUCKNOW JN.,KANPUR CENTRAL JN.,Tuesday,Weekday
64206,CNB-LKO MEMU,KANPUR CENTRAL JN.,LUCKNOW JN.,Friday,Weekday
64207,LKO-CNB MEMU,LUCKNOW JN.,KANPUR CENTRAL JN.,Thursday,Weekday
64208,CNB-LKO MEMU,KANPUR CENTRAL JN.,LUCKNOW JN.,Tuesday,Weekday
64209,LKO-CNB MEMU,LUCKNOW JN.,KANPUR CENTRAL JN.,Sunday,Weekend
64210,CNB-LKO MEMU,KANPUR CENTRAL JN.,LUCKNOW JN.,Saturday,Weekend
64211,LKO-CNB MEMU,LUCKNOW JN.,KANPUR CENTRAL JN.,Saturday,Weekend
64212,CNB-LKO MEMU,KANPUR CENTRAL JN.,LUCKNOW JN.,Sunday,Weekend
64213,LKO-CNB MEMU,LUCKNOW JN.,KANPUR CENTRAL JN.,Tuesday,Weekday
64214,KAP-LKO MEMU,KALIANPUR,LUCKNOW JN.,Monday,Weekday
64216,KAP-LKO MEMU,KALIANPUR,LUCKNOW JN.,Sunday,Weekend
64221,LKO-HRI-LKO,LUCKNOW JN.,SHAHJAHANPUR JN,Friday,Weekday
64222,HRI-LKO-HRI,SHAHJAHANPUR JN,LUCKNOW JN.,Friday,Weekday
64231,BBK-LKO MEMU,BARA BANKI JN.,LUCKNOW JN.,Monday,Weekday
64232,LKO-BBK MEMU,LUCKNOW JN.,BARA BANKI JN.,Sunday,Weekend
64234,LKO-BBK MEMU,LUCKNOW JN.,BARA BANKI JN.,Thursday,Weekday
64235,BBK-CNB MEMU,BARA BANKI JN.,KANPUR CENTRAL JN.,Saturday,Weekend
64236,CNB-BBK MEMU,KANPUR CENTRAL JN.,BARA BANKI JN.,Thursday,Weekday
64251,LJN-CNB MEMU,LUCKNOW JN.,KANPUR CENTRAL JN.,Friday,Weekday
64252,CNB-LJN MEMU,KANPUR CENTRAL JN.,LUCKNOW JN.,Friday,Weekday
64253,LJN-KAP MEMU,LUCKNOW JN.,KALIANPUR,Sunday,Weekend
64254,CNB-LJN MEMU,KANPUR CENTRAL JN.,LUCKNOW JN.,Thursday,Weekday
64255,LJN-KAP MEMU,LUCKNOW JN.,KALIANPUR,Friday,Weekday
64257,LJN-CNB MEMU,LUCKNOW JN.,KANPUR CENTRAL JN.,Thursday,Weekday
64260,PNK-LJN MEMU,PANKI,LUCKNOW JN.,Friday,Weekday
64271,BBK-LJN MEMU,BARA BANKI JN.,LUCKNOW JN.,Sunday,Weekend
64272,LJN-BBK MEMU,LUCKNOW JN.,BARA BANKI JN.,Wednesday,Weekday
64273,BBK-LJN MEMU,BARA BANKI JN.,LUCKNOW JN.,Monday,Weekday
64274,LJN-BBK MEMU,LUCKNOW JN.,BARA BANKI JN.,Sunday,Weekend
64275,BBK-LJN MEMU,BARA BANKI JN.,LUCKNOW JN.,Tuesday,Weekday
64281,SLN-LKO MEMU,SULTANPUR JN.,LUCKNOW JN.,Monday,Weekday
64282,LKO-SLN MEMU,LUCKNOW JN.,SULTANPUR JN.,Monday,Weekday
64401,GZB-DLI 12CA,GHAZIABAD JN.,DELHI JN.,Friday,Weekday
64402,DLI-GZB 12CA,DELHI JN.,GHAZIABAD JN.,Friday,Weekday
64403,GZB-DLI 12CA,GHAZIABAD JN.,DELHI JN.,Thursday,Weekday
64404,DLI-GZB 12CA,DELHI JN.,GHAZIABAD JN.,Thursday,Weekday
64406,DLI-GZB 12CA,DELHI JN.,GHAZIABAD JN.,Thursday,Weekday
64407,GZB-DLI EMU,GHAZIABAD JN.,DELHI JN.,Thursday,Weekday
64408,DLI-GZB 12CA,DELHI JN.,GHAZIABAD JN.,Tuesday,Weekday
64409,GZB-NDLS 10C,GHAZIABAD JN.,NEW DELHI,Saturday,Weekend
64410,DLI-GZB 12CA,NEW DELHI,GHAZIABAD JN.,Wednesday,Weekday
64411,SBB-DLI  EMU,SAHIBABAD,DELHI JN.,Monday,Weekday
64412,DLI-GZB MEMU,DELHI JN.,GHAZIABAD JN.,Sunday,Weekend
64414,DLI-GZB EMU,DELHI JN.,GHAZIABAD JN.,Monday,Weekday
64415,GZB-NDLS EMU,GHAZIABAD JN.,NEW DELHI,Monday,Weekday
64417,GZB-DLI MEMU,GHAZIABAD JN.,DELHI JN.,Wednesday,Weekday
64418,DLI-GZB MEMU,DELHI JN.,GHAZIABAD JN.,Saturday,Weekend
64419,NZM-GZB10 CA,HAZRAT NIZAMUDDIN JN,GHAZIABAD JN.,Monday,Weekday
64420,GZB-DLI-NDLS,GHAZIABAD JN.,HAZRAT NIZAMUDDIN JN,Monday,Weekday
64421,GZB-NDLS 12C,GHAZIABAD JN.,NEW DELHI,Tuesday,Weekday
64422,NDLS-GZB,NEW DELHI,GHAZIABAD JN.,Friday,Weekday
64423,GZB-NDLS EMU,GHAZIABAD JN.,NEW DELHI,Saturday,Weekend
64424,NDLS-GZB EMU,NEW DELHI,GHAZIABAD JN.,Tuesday,Weekday
64425,GZB-NDLS 12C,GHAZIABAD JN.,NEW DELHI,Monday,Weekday
64426,NDLS-GZB 12C,NEW DELHI,GHAZIABAD JN.,Sunday,Weekend
64427,GZB-NDLS 12C,GHAZIABAD JN.,NEW DELHI,Monday,Weekday
64428,NDLS-GZB EMU,NEW DELHI,GHAZIABAD JN.,Tuesday,Weekday
64429,GZB-NDLS 12C,GHAZIABAD JN.,NEW DELHI,Friday,Weekday
64430,NDLS-GZB,NEW DELHI,GHAZIABAD JN.,Tuesday,Weekday
64431,GZB-NDLS EMU,GHAZIABAD JN.,NEW DELHI,Friday,Weekday
64432,NDLS-GZB EMU,NEW DELHI,GHAZIABAD JN.,Friday,Weekday
64433,GZB-NDLS EMU,GHAZIABAD JN.,NEW DELHI,Tuesday,Weekday
64434,DLI-GZB 12CA,DELHI JN.,GHAZIABAD JN.,Friday,Weekday
64437,GZB-DLI 12CA,GHAZIABAD JN.,DELHI JN.,Monday,Weekday
64439,GZB-DLI 12CA,GHAZIABAD JN.,DELHI JN.,Wednesday,Weekday
64441,GZB-DLI 12CA,GHAZIABAD JN.,NEW DELHI,Saturday,Weekend
64443,GZB-DLI 12CA,GHAZIABAD JN.,DELHI JN.,Wednesday,Weekday
64445,GZB-NDLS,GHAZIABAD JN.,DELHI JN.,Thursday,Weekday
64449,GZB-NDLS LAD,GHAZIABAD JN.,NEW DELHI,Thursday,Weekday
64450,NDLS-GZB LAD,NEW DELHI,GHAZIABAD JN.,Thursday,Weekday
64451,DLI-PNP MEMU,DELHI JN.,PANIPAT JN.,Tuesday,Weekday
64452,KKDE-DLI MEM,KURUKSHETRA JN.,DELHI JN.,Monday,Weekday
64453,DLI-PNP 12CA,DELHI JN.,PANIPAT JN.,Saturday,Weekend
64454,KKDE-DLI MEM,KURUKSHETRA JN.,DELHI JN.,Tuesday,Weekday
64461,NZM KKDE MEM,HAZRAT NIZAMUDDIN JN,KURUKSHETRA JN.,Thursday,Weekday
64462,KKDE-NZM MEM,KURUKSHETRA JN.,HAZRAT NIZAMUDDIN JN,Tuesday,Weekday
64463,NDLS-KKDE ME,NEW DELHI,KURUKSHETRA JN.,Friday,Weekday
64464,PNP-NDLS MEM,PANIPAT JN.,NEW DELHI,Thursday,Weekday
64465,NDLS-KKDE ME,NEW DELHI,KURUKSHETRA JN.,Monday,Weekday
64466,PNP-NDLS MEM,PANIPAT JN.,NEW DELHI,Sunday,Weekend
64470,PNP-NDLS LAD,PANIPAT JN.,NEW DELHI,Tuesday,Weekday
64471,GZB-PNP MEMU,GHAZIABAD JN.,PANIPAT JN.,Wednesday,Weekday
64472,PNP-GZB MEMU,PANIPAT JN.,GHAZIABAD JN.,Monday,Weekday
64481,PNP-UMB MEMU,PANIPAT JN.,AMBALA CANTT JN,Friday,Weekday
64482,UMB-KKDE MEM,AMBALA CANTT JN,KURUKSHETRA JN.,Sunday,Weekend
64483,KKDE-UMB MEM,KURUKSHETRA JN.,AMBALA CANTT JN,Thursday,Weekday
64491,PWL-NDLS LAD,PALWAL,NEW DELHI,Friday,Weekday
64492,NDLS-PWL LAD,NEW DELHI,PALWAL,Thursday,Weekday
64493,PWL-NZM 10CA,PALWAL,HAZRAT NIZAMUDDIN JN,Saturday,Weekend
64494,NZM-PWL MEMU,HAZRAT NIZAMUDDIN JN,PALWAL,Saturday,Weekend
64496,NZM-KSV EMU,HAZRAT NIZAMUDDIN JN,KOSI KALAN,Tuesday,Weekday
64501,UMB-SRE PASS,SAHARANPUR JN.,AMBALA CANTT JN,Tuesday,Weekday
64502,UMB-SRE PASS,AMBALA CANTT JN,SAHARANPUR JN.,Friday,Weekday
64504,UMB-SRE PASS,AMBALA CANTT JN,SAHARANPUR JN.,Monday,Weekday
64511,SRE-NLDM PAS,SAHARANPUR JN.,NANGAL DAM,Tuesday,Weekday
64512,NLDM-SRE PAS,NANGAL DAM,SAHARANPUR JN.,Wednesday,Weekday
64513,SRE-NLDM PAS,SAHARANPUR JN.,NANGAL DAM,Friday,Weekday
64514,NLDM-UMB PAS,NANGAL DAM,AMBALA CANTT JN,Saturday,Weekend
64515,UMB-NLDM PAS,AMBALA CANTT JN,NANGAL DAM,Wednesday,Weekday
64516,NLDM-UMB PAS,NANGAL DAM,AMBALA CANTT JN,Saturday,Weekend
64517,UMB-NLDM PAS,AMBALA CANTT JN,NANGAL DAM,Friday,Weekday
64518,NLDM-UMB PAS,NANGAL DAM,AMBALA CANTT JN,Saturday,Weekend
64521,UMB-LDH PASS,AMBALA CANTT JN,LUDHIANA JN.,Saturday,Weekend
64522,LDH-UMB MEMU,LUDHIANA JN.,AMBALA CANTT JN,Tuesday,Weekday
64523,UMB-LDH MEMU,AMBALA CANTT JN,LUDHIANA JN.,Saturday,Weekend
64524,LDH-UMB MEMU,LUDHIANA JN.,AMBALA CANTT JN,Monday,Weekday
64531,DLI-PNP PASS,DELHI JN.,PANIPAT JN.,Saturday,Weekend
64532,UMB-DLI MEMU,AMBALA CANTT JN,PANIPAT JN.,Monday,Weekday
64533,DLI-PNP MEMU,DELHI JN.,PANIPAT JN.,Wednesday,Weekday
64534,PNP-DLI 12CA,PANIPAT JN.,GHAZIABAD JN.,Sunday,Weekend
64536,PNP-DLI-MEMU,PANIPAT JN.,DELHI JN.,Wednesday,Weekday
64541,PNP-UMB PAS,PANIPAT JN.,AMBALA CANTT JN,Saturday,Weekend
64542,UMB-PNP PASS,AMBALA CANTT JN,PANIPAT JN.,Wednesday,Weekday
64543,PNP-UMB MEMU,PANIPAT JN.,AMBALA CANTT JN,Friday,Weekday
64545,KKDE-UMB PAS,KURUKSHETRA JN.,AMBALA CANTT JN,Sunday,Weekend
64546,UMB-KKDE PAS,AMBALA CANTT JN,KURUKSHETRA JN.,Wednesday,Weekday
64547,KKDE-UMB PAS,KURUKSHETRA JN.,AMBALA CANTT JN,Friday,Weekday
64548,UMB-KKDE PAS,AMBALA CANTT JN,KURUKSHETRA JN.,Tuesday,Weekday
64551,LDH-ASR MEMU,LUDHIANA JN.,AMRITSAR JN.,Monday,Weekday
64552,ASR-LDH MEMU,AMRITSAR JN.,LUDHIANA JN.,Saturday,Weekend
64553,MB-ANVT MEMU,MORADABAD JN.,ANAND VIHAR TERMINAL,Saturday,Weekend
64554,ANVT-MB MEMU,ANAND VIHAR TERMINAL,MORADABAD JN.,Monday,Weekday
64555,ANVT-MTC MEM,ANAND VIHAR TERMINAL,MEERUT CITY JN.,Sunday,Weekend
64556,MTC-ANVT MEM,MEERUT CITY JN.,ANAND VIHAR TERMINAL,Monday,Weekday
64557,DLI-SRE MEMU,DELHI JN.,SAHARANPUR JN.,Monday,Weekday
64558,SRE-DLI MEMU,SAHARANPUR JN.,DELHI JN.,Wednesday,Weekday
64559,DLI - SRE ME,DELHI JN.,SAHARANPUR JN.,Monday,Weekday
64560,SRE - DLI ME,SAHARANPUR JN.,DELHI JN.,Tuesday,Weekday
64561,DLI-UMB MEMU,DELHI JN.,AMBALA CANTT JN,Friday,Weekday
64562,UMB-DLI MEMU,AMBALA CANTT JN,DELHI JN.,Tuesday,Weekday
64563,UMB-NLDM-ADD,AMBALA CANTT JN,AMB ANDAURA,Monday,Weekday
64564,AADR-NLDM-UM,AMB ANDAURA,AMBALA CANTT JN,Thursday,Weekday
64565,MB-SRE MEMU,MORADABAD JN.,SAHARANPUR JN.,Friday,Weekday
64566,SRE-MB MEMU,SAHARANPUR JN.,MORADABAD JN.,Monday,Weekday
64567,BSC-TKJ PASS,BULANDSHAHR,TILAK BRIDGE,Saturday,Weekend
64568,TKJ-BSC MEMU,TILAK BRIDGE,BULANDSHAHR,Sunday,Weekend
64569,KSV-NZM PASS,KOSI KALAN,HAZRAT NIZAMUDDIN JN,Saturday,Weekend
64570,NZM-KSV PASS,HAZRAT NIZAMUDDIN JN,KOSI KALAN,Tuesday,Weekday
64581,HRF-DLI MEMU,HATHRAS QILAH,DELHI JN.,Thursday,Weekday
64582,DLI-HRF MEMU,DELHI JN.,HATHRAS QILAH,Friday,Weekday
64583,TDL-DLI MEMU,TUNDLA JN,DELHI JN.,Friday,Weekday
64584,DLI-TDL MEMU,DELHI JN.,TUNDLA JN,Monday,Weekday
64585,HRF-HRS MEMU,HATHRAS QILAH,HATHRAS JN.,Thursday,Weekday
64586,HRS-HRF MEMU,HATHRAS JN.,HATHRAS QILAH,Tuesday,Weekday
64587,CNB-TDL MEMU,KANPUR CENTRAL JN.,TUNDLA JN,Tuesday,Weekday
64588,TDL-CNB MEMU,TUNDLA JN,KANPUR CENTRAL JN.,Thursday,Weekday
64589,CNB-PHD MEMU,KANPUR CENTRAL JN.,PHAPHUND,Wednesday,Weekday
64590,PHD-CNB MEMU,PHAPHUND,KANPUR CENTRAL JN.,Tuesday,Weekday
64591,ALD-CNB,ALLAHABAD JN.,KANPUR CENTRAL JN.,Sunday,Weekend
64592,CNB-ALD,KANPUR CENTRAL JN.,ALLAHABAD JN.,Monday,Weekday
64593,FTP-CNB MEMU,FATEHPUR,KANPUR CENTRAL JN.,Sunday,Weekend
64594,CNB-FTP MEMU,KANPUR CENTRAL JN.,FATEHPUR,Sunday,Weekend
64595,MGS-ALD MEMU,MUGHAL SARAI JN.,ALLAHABAD JN.,Monday,Weekday
64596,ALD-MGS MEMU,ALLAHABAD JN.,MUGHAL SARAI JN.,Monday,Weekday
64901,KSV-GZB 12CA,KOSI KALAN,GHAZIABAD JN.,Wednesday,Weekday
64902,GZB-KSV 12CA,GHAZIABAD JN.,KOSI KALAN,Sunday,Weekend
64903,MTJ-GZB 12CA,MATHURA JN.,GHAZIABAD JN.,Friday,Weekday
64904,GZB-MTJ 12CA,GHAZIABAD JN.,MATHURA JN.,Thursday,Weekday
64905,MTJ-NDLS 12C,MATHURA JN.,NEW DELHI,Thursday,Weekday
64906,GZB-PWL 12CA,GHAZIABAD JN.,PALWAL,Tuesday,Weekday
64908,SSB-BVH-PWL,SHAKUR BASTI,BALLABGARH,Saturday,Weekend
64910,SSB-MTJ 12CA,SHAKUR BASTI,MATHURA JN.,Tuesday,Weekday
64911,NDLS-ROK MEM,NEW DELHI,ROHTAK JN.,Saturday,Weekend
64912,ROK-NDLS MEM,ROHTAK JN.,NEW DELHI,Monday,Weekday
64913,DLI-ROK MEMU,DELHI JN.,ROHTAK JN.,Tuesday,Weekday
64914,ROK-DLI MEMU,ROHTAK JN.,DELHI JN.,Tuesday,Weekday
64915,DLI-ROK MEMU,DELHI JN.,ROHTAK JN.,Saturday,Weekend
64916,ROK-DLI MEMU,ROHTAK JN.,DELHI JN.,Friday,Weekday
64931,DLI-ROK MEMU,DELHI JN.,ROHTAK JN.,Saturday,Weekend
64932,ROK-DLI MEMU,ROHTAK JN.,DELHI JN.,Monday,Weekday
64951,BXN-AGC,BAYANA,AGRA CANTT,Thursday,Weekday
64952,AGC-BXN,AGRA CANTT,BAYANA,Friday,Weekday
64953,AGC-NZM EMU,AGRA CANTT,HAZRAT NIZAMUDDIN JN,Wednesday,Weekday
64955,AGC-TDL MEMU,AGRA CANTT,TUNDLA JN,Thursday,Weekday
64956,TDL-AGC MEMU,TUNDLA JN,AGRA CANTT,Monday,Weekday
64957,AGC-PWL MEMU,AGRA CANTT,PALWAL,Sunday,Weekend
64958,PWL-AGC MEMU,PALWAL,AGRA CANTT,Sunday,Weekend
64959,KSV-AGC MEMU,KOSI KALAN,AGRA CANTT,Sunday,Weekend
66000,AVD-MMC,AVADI,MOOR MARKET,Thursday,Weekday
66001,MMC-TRL EMU,MOOR MARKET,TIRUVALLUR,Tuesday,Weekday
66002,AVD-MMC MEMU,AVADI,MOOR MARKET,Sunday,Weekend
66003,MMC-AVD MEMU,MOOR MARKET,AVADI,Wednesday,Weekday
66004,AVD-MMC PASS,AVADI,MOOR MARKET,Saturday,Weekend
66005,MMC-AVDPASSR,MOOR MARKET,AVADI,Wednesday,Weekday
66006,AVD-MMC PASS,AVADI,MOOR MARKET,Friday,Weekday
66007,MMC-AVD EMU,MOOR MARKET,AVADI,Tuesday,Weekday
66008,AJJ-MMC PASS,ARAKKONAM JN,MOOR MARKET,Wednesday,Weekday
66009,MMC-AJJ PASS,MOOR MARKET,ARAKKONAM JN,Monday,Weekday
66010,AJJ-MMC PASS,ARAKKONAM JN,MOOR MARKET,Monday,Weekday
66011,MMC-AJJ PASS,MOOR MARKET,ARAKKONAM JN,Wednesday,Weekday
66012,TRL-MMCC PAS,TIRUVALLUR,MOOR MARKET,Sunday,Weekend
66013,MMC-AJJ EMU,MOOR MARKET,ARAKKONAM JN,Tuesday,Weekday
66014,TPTY-AJJ MEM,TIRUPATI,ARAKKONAM JN,Wednesday,Weekday
66015,MMC-AJJ MEMU,MOOR MARKET,ARAKKONAM JN,Sunday,Weekend
66016,AJJ-MSB PASS,ARAKKONAM JN,CHENNAI BEACH,Saturday,Weekend
66017,MSB-VLR PASS,CHENNAI BEACH,VELLORE CANTT,Friday,Weekday
66018,VLR-MSB PASS,VELLORE CANTT,CHENNAI BEACH,Friday,Weekday
66019,KPD-SA PASSR,KATPADI JN,SALEM JN.,Friday,Weekday
66020,SA-KPD PASSR,SALEM JN.,KATPADI JN,Wednesday,Weekday
66021,MMC-AJJ MEMU,MOOR MARKET,ARAKKONAM JN,Saturday,Weekend
66022,AJJ-MMCC MEM,ARAKKONAM JN,MOOR MARKET,Saturday,Weekend
66025,MMC-SPE PASS,MOOR MARKET,SULLURUPETTA,Friday,Weekday
66026,SPE-MMC PASS,SULLURUPETTA,MOOR MARKET,Saturday,Weekend
66027,MMC-SPE PASS,MOOR MARKET,SULLURUPETTA,Friday,Weekday
66028,SPE-MMCC PAS,SULLURUPETTA,MOOR MARKET,Sunday,Weekend
66029,SPE-NLR PASS,SULLURUPETTA,NELLORE,Wednesday,Weekday
66030,NLR-SPE PASS,NELLORE,SULLURUPETTA,Monday,Weekday
66031,SPE-NLR PASS,SULLURUPETTA,NELLORE,Saturday,Weekend
66032,NLR-SPE PASS,NELLORE,SULLURUPETTA,Monday,Weekday
66033,TPTY-NLR PAS,TIRUPATI,NELLORE,Saturday,Weekend
66034,NLR-TPTY PAS,NELLORE,TIRUPATI,Sunday,Weekend
66035,MMC-SPE PASS,MOOR MARKET,SULLURUPETTA,Wednesday,Weekday
66036,NLR-SPE MEMU,SULLURUPETTA,MOOR MARKET,Wednesday,Weekday
66037,SPE-NLR MEMU,SULLURUPETTA,NELLORE,Wednesday,Weekday
66038,SPE-MMC MEMU,NELLORE,SULLURUPETTA,Saturday,Weekend
66039,AJJ-TPTY MEM,ARAKKONAM JN,TIRUPATI,Monday,Weekday
66040,AJJ-MMC MEMU,ARAKKONAM JN,MOOR MARKET,Sunday,Weekend
66041,MSB-TMLP PAS,CHENNAI BEACH,TIRUMALPUR,Monday,Weekday
66042,TMLP-MSB EMU,TIRUMALPUR,CHENNAI BEACH,Sunday,Weekend
66043,MSB-MLMR PAS,CHENNAI BEACH,MELMARUVATHUR,Friday,Weekday
66044,MLMR-MSB PAS,MELMARUVATHUR,CHENNAI BEACH,Thursday,Weekday
66045,MLMR-VM PASS,MELMARUVATHUR,VILLUPURAM JN.,Sunday,Weekend
66046,VM-MLMR PASS,VILLUPURAM JN.,MELMARUVATHUR,Tuesday,Weekday
66047,MMC-TPTY MEM,MOOR MARKET,TIRUPATI,Saturday,Weekend
66048,TPTY-MMC MEM,TIRUPATI,MOOR MARKET,Monday,Weekday
66049,AJJ-TPTY MEM,ARAKKONAM JN,TIRUPATI,Saturday,Weekend
66050,TPTY-AJJ MEM,TIRUPATI,ARAKKONAM JN,Monday,Weekday
66051,MMC-AVD MEMU,MOOR MARKET,AVADI,Monday,Weekday
66052,AVD-MMC MEMU,AVADI,MOOR MARKET,Tuesday,Weekday
66053,MSB-TRL EMU,CHENNAI BEACH,TIRUVALLUR,Thursday,Weekday
66054,TRL-MSB EMU,TIRUVALLUR,AVADI,Sunday,Weekend
66300,QLN-ERS PASS,QUILON,ERNAKULAM. JN,Monday,Weekday
66301,ERS-QLN PASS,ERNAKULAM. JN,QUILON,Thursday,Weekday
66302,QLN-ERS PASS,QUILON,ERNAKULAM. JN,Friday,Weekday
66303,ERS-QLN PASS,ERNAKULAM. JN,QUILON,Wednesday,Weekday
66304,QLN-CAPE PAS,QUILON,KANNIYAKUMARI,Monday,Weekday
66305,CAPE-QLN PAS,KANNIYAKUMARI,QUILON,Wednesday,Weekday
66307,ERS-QLN MEMU,ERNAKULAM. JN,QUILON,Friday,Weekday
66308,QLN-ERS MEMU,QUILON,ERNAKULAM. JN,Friday,Weekday
66309,ERS-QLN MEMU,ERNAKULAM. JN,QUILON,Sunday,Weekend
66310,QLN-ERS MEMU,QUILON,ERNAKULAM. JN,Thursday,Weekday
66511,SBC-MKM MEMU,KRANTIVIRA SANGOLLI RAYANNA (BENGALURU STATION),MARIKUPPAM,Wednesday,Weekday
66512,MKM-SBC MEMU,MARIKUPPAM,KRANTIVIRA SANGOLLI RAYANNA (BENGALURU STATION),Sunday,Weekend
66513,BWT-MKM MEMU,BANGARPET JN.,MARIKUPPAM,Wednesday,Weekday
66514,MKM-BYPL MEM,MARIKUPPAM,BAIYYAPPANAHALLI,Saturday,Weekend
66515,BYPL-MKM MEM,BAIYYAPPANAHALLI,MARIKUPPAM,Sunday,Weekend
66516,MKM-BWT MEMU,MARIKUPPAM,BANGARPET JN.,Monday,Weekday
66517,MKM-BWT PASS,MARIKUPPAM,BANGARPET JN.,Monday,Weekday
66518,BWT-MKM  PAS,BANGARPET JN.,MARIKUPPAM,Wednesday,Weekday
66519,MKM-SBC PASS,MARIKUPPAM,KRANTIVIRA SANGOLLI RAYANNA (BENGALURU STATION),Wednesday,Weekday
66520,SBC-MKM PASS,KRANTIVIRA SANGOLLI RAYANNA (BENGALURU STATION),MARIKUPPAM,Saturday,Weekend
66523,SBC-HUP PASS,KRANTIVIRA SANGOLLI RAYANNA (BENGALURU STATION),HINDUPUR,Wednesday,Weekday
66524,HUP-SBC PASS,HINDUPUR,KRANTIVIRA SANGOLLI RAYANNA (BENGALURU STATION),Saturday,Weekend
66527,KPN-BWT MEMU,KUPPAM,BANGARPET JN.,Monday,Weekday
66528,BWT-KPN MEMU,BANGARPET JN.,KUPPAM,Tuesday,Weekday
66529,KPN-SBC PASS,KUPPAM,KRANTIVIRA SANGOLLI RAYANNA (BENGALURU STATION),Wednesday,Weekday
66530,SBC-BWT PASS,KRANTIVIRA SANGOLLI RAYANNA (BENGALURU STATION),BANGARPET JN.,Tuesday,Weekday
66531,BWT-SBC PASS,BANGARPET JN.,KRANTIVIRA SANGOLLI RAYANNA (BENGALURU STATION),Thursday,Weekday
66532,SBC-BWT PASS,KRANTIVIRA SANGOLLI RAYANNA (BENGALURU STATION),MARIKUPPAM,Wednesday,Weekday
66533,BWT-BYPL PAS,MARIKUPPAM,BAIYYAPPANAHALLI,Sunday,Weekend
66534,BYPL-KPN PAS,BAIYYAPPANAHALLI,KUPPAM,Tuesday,Weekday
66535,SBC-RMGM MEM,KRANTIVIRA SANGOLLI RAYANNA (BENGALURU STATION),RAMANAGARAM,Saturday,Weekend
66536,RMGM - SBC M,RAMANAGARAM,KRANTIVIRA SANGOLLI RAYANNA (BENGALURU STATION),Saturday,Weekend
66537,SBC-RMGM MEM,KRANTIVIRA SANGOLLI RAYANNA (BENGALURU STATION),RAMANAGARAM,Tuesday,Weekday
66538,RMGM,RAMANAGARAM,KRANTIVIRA SANGOLLI RAYANNA (BENGALURU STATION),Friday,Weekday
66539,SBC-RMGM MEM,KRANTIVIRA SANGOLLI RAYANNA (BENGALURU STATION),RAMANAGARAM,Friday,Weekday
66540,RMGM,RAMANAGARAM,KRANTIVIRA SANGOLLI RAYANNA (BENGALURU STATION),Sunday,Weekend
66541,WFD-SBC MEMU,WHITE FIELD,KRANTIVIRA SANGOLLI RAYANNA (BENGALURU STATION),Friday,Weekday
66542,SBC-WFD MEMU,KRANTIVIRA SANGOLLI RAYANNA (BENGALURU STATION),WHITE FIELD,Tuesday,Weekday
66543,KPN-SBC MEMU,KUPPAM,KRANTIVIRA SANGOLLI RAYANNA (BENGALURU STATION),Wednesday,Weekday
66544,SBC-KPN MEMU,KRANTIVIRA SANGOLLI RAYANNA (BENGALURU STATION),KUPPAM,Thursday,Weekday
66600,CBE-ED PASSR,COIMBATORE JN.,ERODE JN.,Monday,Weekday
66601,ED-CBE PASSR,ERODE JN.,COIMBATORE JN.,Thursday,Weekday
66602,CBE-SA PASS,COIMBATORE JN.,SALEM JN.,Thursday,Weekday
66603,SA-CBE PASS,SALEM JN.,COIMBATORE JN.,Thursday,Weekday
66604,SRR CBE PASS,SHORANUR JN.,COIMBATORE JN.,Wednesday,Weekday
66605,CBE-SRR PASS,COIMBATORE JN.,SHORANUR JN.,Wednesday,Weekday
66606,PGTN-CBE PAS,PALGHAT TOWN,COIMBATORE JN.,Sunday,Weekend
66607,PGTN-CBE PAS,COIMBATORE JN.,PALGHAT TOWN,Thursday,Weekday
66608,PGTN-ED MEMU,PALGHAT TOWN,ERODE JN.,Tuesday,Weekday
66609,ED-PGTN MEMU,ERODE JN.,PALGHAT TOWN,Friday,Weekday
66611,PGT-ERS MEMU,PALAKKAD JN,ERNAKULAM. JN,Monday,Weekday
66612,ERS-PGT MEMU,ERNAKULAM. JN,PALAKKAD JN,Friday,Weekday
67247,RVD-VSKP PAS,RAVIKAMPADU,VISAKHAPATNAM,Wednesday,Weekday
67248,TUNI-RJY,TUNI,RAJAHMUNDRY,Tuesday,Weekday
67249,TDU-SC MEMU,TANDUR,SECUNDERABAD JN.,Tuesday,Weekday
67250,SC-TDU,SECUNDERABAD JN.,TANDUR,Wednesday,Weekday
67251,PUSHPULL,VIJAYWADA JN.,TENALI JN.,Thursday,Weekday
67253,PUSHPULL,TENALI JN.,VIJAYWADA JN.,Monday,Weekday
67254,PUSHPULL,VIJAYWADA JN.,GUNTUR JN.,Tuesday,Weekday
67255,PUSHPULL,GUNTUR JN.,TENALI JN.,Sunday,Weekend
67256,PUSHPULL,TENALI JN.,ONGOLE,Thursday,Weekday
67257,PUSHPULL,ONGOLE,TENALI JN.,Friday,Weekday
67258,PUSHPULL,TENALI JN.,GUNTUR JN.,Saturday,Weekend
67259,PUSHPULL,GUNTUR JN.,VIJAYWADA JN.,Saturday,Weekend
67260,PUSHPULL,ONGOLE,VIJAYWADA JN.,Monday,Weekday
67261,PUSHPULL,VIJAYWADA JN.,RAJAHMUNDRY,Monday,Weekday
67262,PUSHPULL,RAJAHMUNDRY,VIJAYWADA JN.,Tuesday,Weekday
67263,PUSHPULL,VIJAYWADA JN.,ONGOLE,Thursday,Weekday
67264,PUSHPULL,HYDERABAD DECCAN,WARANGAL,Friday,Weekday
67265,PUSHPULL,WARANGAL,HYDERABAD DECCAN,Thursday,Weekday
67266,PUSHPULL,HYDERABAD DECCAN,KAZIPET JN.,Sunday,Weekend
67267,PUSHPULL,WARANGAL,HYDERABAD DECCAN,Wednesday,Weekday
67269,PUSHPULL,KAZIPET JN.,DORNAKAL JN.,Sunday,Weekend
67270,PUSHPULL,DORNAKAL JN.,KAZIPET JN.,Friday,Weekday
67271,PUSHPULL,DORNAKAL JN.,VIJAYWADA JN.,Tuesday,Weekday
67272,PUSHPULL,VIJAYWADA JN.,DORNAKAL JN.,Thursday,Weekday
67273,PUSHPULL,VIJAYWADA JN.,GUNTUR JN.,Monday,Weekday
67274,PUSHPULL,GUNTUR JN.,VIJAYWADA JN.,Thursday,Weekday
67275,FM-BHONGIR M,FALAKNUMA,BHONGIR,Thursday,Weekday
67276,BHONGIR-FM M,BHONGIR,FALAKNUMA,Thursday,Weekday
67277,FM-JANGAON,FALAKNUMA,JANGAON,Thursday,Weekday
67278,JANGOAN-FM M,JANGAON,FALAKNUMA,Monday,Weekday
67279,GDR-OGL MEMU,GUDUR JN.,ONGOLE,Tuesday,Weekday
67280,OGL-GDR MEMU,ONGOLE,GUDUR JN.,Saturday,Weekend
67282,PSA-VZM MEMU,PALASA,VIZIANAGARAM JN.,Friday,Weekday
67291,VZM-VSKP MEM,VIZIANAGARAM JN.,VISAKHAPATNAM,Saturday,Weekend
67292,VSKP-VZM MEM,VISAKHAPATNAM,VIZIANAGARAM JN.,Saturday,Weekend
67293,VZM-VSKP MEM,VIZIANAGARAM JN.,VISAKHAPATNAM,Sunday,Weekend
67294,VSKP-CHE MEM,VISAKHAPATNAM,SRIKAKULAM ROAD,Wednesday,Weekday
67295,RJY-RVD PASS,RAJAHMUNDRY,RAVIKAMPADU,Tuesday,Weekday
67296,VSKP-TUNI PA,VISAKHAPATNAM,TUNI,Sunday,Weekend
67297,BZAPASS,ONGOLE,VIJAYWADA JN.,Monday,Weekday
67298,BZA-GDR PASS,VIJAYWADA JN.,ONGOLE,Sunday,Weekend
67299,EE PASS,RAJAHMUNDRY,VIJAYWADA JN.,Monday,Weekday
67300,BZA-RJY PASS,VIJAYWADA JN.,RAJAHMUNDRY,Sunday,Weekend
68001,SRC-JGM MEMU,SANTRAGACHI JN.,JHARGRAM,Saturday,Weekend
68003,HWH-GTS MEMU,HOWRAH JN.,GHATSILA,Monday,Weekday
68004,GTS-HWH MEMU,GHATSILA,HOWRAH JN.,Thursday,Weekday
68005,KGP TATA PAS,KHARAGPUR,TATANAGAR JN,Friday,Weekday
68006,TATA KGP PAS,TATANAGAR JN,KHARAGPUR,Saturday,Weekend
68007,HWH JER MEMU,HOWRAH JN.,JALESWAR,Sunday,Weekend
68008,JGM SRC MEMU,JHARGRAM,SANTRAGACHI JN.,Wednesday,Weekday
68009,TATA CKP PAS,TATANAGAR JN,CHAKARADHARPUR,Thursday,Weekday
68010,CKP TATA PAS,CHAKARADHARPUR,TATANAGAR JN,Thursday,Weekday
68011,KGP TATA LOC,KHARAGPUR,TATANAGAR JN,Tuesday,Weekday
68012,TATA KGP LOC,TATANAGAR JN,KHARAGPUR,Thursday,Weekday
68013,KGP TATA  LO,KHARAGPUR,TATANAGAR JN,Friday,Weekday
68014,KGP TATA LOC,TATANAGAR JN,KHARAGPUR,Sunday,Weekend
68015,KGP TATA LOC,KHARAGPUR,TATANAGAR JN,Saturday,Weekend
68016,TATA KGP LOC,TATANAGAR JN,KHARAGPUR,Friday,Weekday
68017,GMO CKP PASS,NSC BOSE J GOMO,CHAKARADHARPUR,Sunday,Weekend
68018,CKP GMO PASS,CHAKARADHARPUR,NSC BOSE J GOMO,Wednesday,Weekday
68019,JGM-DHN MEMU,JHARGRAM,PHULWARTANR,Friday,Weekday
68020,JGM-DHN MEMU,PHULWARTANR,JHARGRAM,Thursday,Weekday
68021,KGP BLS LOCA,KHARAGPUR,BALASORE,Monday,Weekday
68022,BLS KGP LOCA,BALASORE,KHARAGPUR,Sunday,Weekend
68023,JGM-PRR MEMU,JHARGRAM,PURULIA JN.,Monday,Weekday
68024,PRR-JGM MEMU,PURULIA JN.,JHARGRAM,Friday,Weekday
68047,KGP - BLDA,KHARAGPUR,BELDA,Friday,Weekday
68048,BLDA- KGP ME,BELDA,KHARAGPUR,Friday,Weekday
68053,ADRA PRR LOC,ADRA,BARABHUM,Friday,Weekday
68054,PRR ADRA LOC,BARABHUM,ADRA,Saturday,Weekend
68055,ASN TATA LOC,ASANSOL MAIN,TATANAGAR JN,Tuesday,Weekday
68056,TATA ASN LOC,TATANAGAR JN,ASANSOL MAIN,Wednesday,Weekday
68057,ADRA PRR LOC,ADRA,PURULIA JN.,Thursday,Weekday
68058,PRR ADRA LOC,PURULIA JN.,ADRA,Sunday,Weekend
68059,BBM ASN LOCA,BARABHUM,ASANSOL MAIN,Sunday,Weekend
68060,ASN BBM LOCA,ASANSOL MAIN,BARABHUM,Wednesday,Weekday
68063,ADRA-ASN MEM,ADRA,ASANSOL MAIN,Sunday,Weekend
68069,ADRA ASN LOC,ADRA,ASANSOL MAIN,Monday,Weekday
68070,ASN ADRA LOC,ASANSOL MAIN,ADRA,Tuesday,Weekday
68071,ADRA KNF LOC,ADRA,KHANODIH,Wednesday,Weekday
68072,VAA ADRA LOC,BHAGA JN,ADRA,Monday,Weekday
68073,BJE VAA PASS,BHOJUDIH JN.,BHAGA JN,Saturday,Weekend
68074,KNF BJE PASS,KHANODIH,BHOJUDIH JN.,Tuesday,Weekday
68075,ADRA BJE LOC,ADRA,BHOJUDIH JN.,Saturday,Weekend
68076,BJE ADRA LOC,BHOJUDIH JN.,ADRA,Monday,Weekday
68077,ADRA VAA LOC,ADRA,BHAGA JN,Friday,Weekday
68078,VAA ADRA LOC,BHAGA JN,ADRA,Sunday,Weekend
68079,BJE CRP LOCA,BHOJUDIH JN.,CHANDRAPURA JN.,Wednesday,Weekday
68080,CRP BJE LOCA,CHANDRAPURA JN.,BHOJUDIH JN.,Wednesday,Weekday
68081,BQA ADRA LOC,BANKURA,ADRA,Wednesday,Weekday
68082,ADRA VSU LOC,ADRA,BISHNUPUR,Friday,Weekday
68088,DHN BQA  LOC,DHANBAD JN.,BANKURA,Sunday,Weekend
68089,MDN ADRA LOC,MIDNAPORE,ADRA,Tuesday,Weekday
68090,ADRA MDN LOC,ADRA,MIDNAPORE,Tuesday,Weekday
68091,MDN-JGM JANG,MIDNAPORE,JHARGRAM,Wednesday,Weekday
68092,JGM-MDN JANG,JHARGRAM,MIDNAPORE,Tuesday,Weekday
68093,MDN-KGP MEMU,MIDNAPORE,JHARGRAM,Sunday,Weekend
68094,KGP-MDN MEMU,JHARGRAM,MIDNAPORE,Thursday,Weekday
68097,GBA ADRA LOC,GARBETA,ADRA,Sunday,Weekend
68098,ADRA GBA PAS,ADRA,GARBETA,Thursday,Weekday
68643,KGP-HIJ LOCA,KHARAGPUR,HIJLI,Friday,Weekday
68644,HIJ-KGP LOCA,HIJLI,KHARAGPUR,Saturday,Weekend
68645,KGP-HIJ LOCA,KHARAGPUR,HIJLI,Sunday,Weekend
68646,HIJ-KGP LOCA,HIJLI,KHARAGPUR,Saturday,Weekend
68685,MCA DGHA LOC,MECHEDA,DIGHA FS,Saturday,Weekend
68686,DGHA-PKU DEM,DIGHA FS,PANSKURA,Friday,Weekday
68688,DGHA-PKU EMU,DIGHA FS,PANSKURA,Wednesday,Weekday
68689,PKU-DGHA MEM,PANSKURA,DIGHA FS,Friday,Weekday
68690,DGHA-MCA LOC,DIGHA FS,MECHEDA,Saturday,Weekend
68701,R-DURG MEMU,RAIPUR JN.,DURG,Monday,Weekday
68702,DURG-R MEMU,DURG,RAIPUR JN.,Saturday,Weekend
68703,R-DURG MEMU,RAIPUR JN.,DURG,Tuesday,Weekday
68704,DURG-R MEMU,DURG,RAIPUR JN.,Tuesday,Weekday
68705,R-DGG MEMU L,RAIPUR JN.,DONGAR GARH,Thursday,Weekday
68706,DGG-BSP MEMU,DONGAR GARH,BILASPUR JN.,Sunday,Weekend
68707,R-DURG MEMU,RAIPUR JN.,DURG,Friday,Weekday
68708,DURG-R MEMU,DURG,RAIPUR JN.,Saturday,Weekend
68709,R-DGG MEMU L,RAIPUR JN.,DONGAR GARH,Friday,Weekday
68710,DGG-R MEMU L,DONGAR GARH,RAIPUR JN.,Saturday,Weekend
68711,DGG-G MEMU L,DONGAR GARH,GONDIA JN.,Saturday,Weekend
68712,G-DGG MEMU L,GONDIA JN.,DONGAR GARH,Friday,Weekday
68713,G-ITR MEMU L,GONDIA JN.,ITWARI JN.,Saturday,Weekend
68714,ITR-G LOCAL,ITWARI JN.,GONDIA JN.,Sunday,Weekend
68715,G-ITR MEMU L,GONDIA JN.,ITWARI JN.,Monday,Weekday
68716,ITR-G MEMU L,ITWARI JN.,GONDIA JN.,Monday,Weekday
68717,R- DURG MEMU,RAIPUR JN.,DURG,Friday,Weekday
68718,DURG-R MEMU,DURG,RAIPUR JN.,Sunday,Weekend
68719,BSP-R MEMU L,BILASPUR JN.,RAIPUR JN.,Thursday,Weekday
68721,R-DGG MEMU L,RAIPUR JN.,DONGAR GARH,Friday,Weekday
68723,DGG- G MEMU,DONGAR GARH,GONDIA JN.,Thursday,Weekday
68724,G-R MEMU LOC,GONDIA JN.,RAIPUR JN.,Sunday,Weekend
68725,R-DURG MEMU,RAIPUR JN.,DURG,Monday,Weekday
68726,DURG-R MEMU,DURG,RAIPUR JN.,Monday,Weekday
68727,BSP-R MEMU L,BILASPUR JN.,RAIPUR JN.,Monday,Weekday
68728,R-BSP MEMU L,RAIPUR JN.,BILASPUR JN.,Friday,Weekday
68729,R-DGG MEMU L,RAIPUR JN.,DONGAR GARH,Thursday,Weekday
68730,DGG-R MEMU L,DONGAR GARH,RAIPUR JN.,Wednesday,Weekday
68731,GAD-BSP MEMU,GEVRA-ROAD,BILASPUR JN.,Thursday,Weekday
68732,BSP-GAD MEMU,BILASPUR JN.,GEVRA-ROAD,Saturday,Weekend
68733,GAD-BSP MEMU,GEVRA-ROAD,BILASPUR JN.,Tuesday,Weekday
68734,BSP-GAD MEMU,BILASPUR JN.,GEVRA-ROAD,Wednesday,Weekday
68735,RIG-BSP MEMU,RAIGARH,BILASPUR JN.,Saturday,Weekend
68736,BSP-RIG MEMU,BILASPUR JN.,RAIGARH,Sunday,Weekend
68737,RIG-BSP MEMU,RAIGARH,BILASPUR JN.,Saturday,Weekend
68738,BSP- RIG MEM,BILASPUR JN.,RAIGARH,Wednesday,Weekday
68739,PND-BSP MEMU,PENDRA ROAD,BILASPUR JN.,Saturday,Weekend
68740,BSP-PND LOCA,BILASPUR JN.,PENDRA ROAD,Sunday,Weekend
68741,DURG-G MEMU,DURG,GONDIA JN.,Monday,Weekday
68742,G-DURG MEMU,GONDIA JN.,DURG,Friday,Weekday
68743,DURG-G MEMU,GONDIA JN.,ITWARI JN.,Monday,Weekday
68744,ITR-G MEMU,ITWARI JN.,GONDIA JN.,Tuesday,Weekday
68745,GAD- R MEMU,GEVRA-ROAD,RAIPUR JN.,Wednesday,Weekday
68746,R-GAD MEMU,RAIPUR JN.,GEVRA-ROAD,Wednesday,Weekday
68747,BSP-KTE MEMU,BILASPUR JN.,KATNI,Wednesday,Weekday
68748,KTE-BSP MEMU,KATNI,BILASPUR JN.,Monday,Weekday
68749,SDL - ABKP M,SHAHDOL,AMBIKAPUR,Thursday,Weekday
68750,ABKP - SDL M,AMBIKAPUR,SHAHDOL,Tuesday,Weekday
69101,BRC-ADI MEMU,VADODARA JN.,AHMEDABAD,Tuesday,Weekday
69102,ADI - BRC ME,AHMEDABAD,VADODARA JN.,Tuesday,Weekday
69104,ANND - BRC M,ANAND JN.,VADODARA JN.,Monday,Weekday
69105,ANND-ADI MEM,ANAND JN.,AHMEDABAD,Thursday,Weekday
69106,ADI-ANND MEM,AHMEDABAD,ANAND JN.,Friday,Weekday
69107,BRC - ADI ME,VADODARA JN.,AHMEDABAD,Thursday,Weekday
69108,ADI-BRC MEMU,AHMEDABAD,VADODARA JN.,Saturday,Weekend
69109,ST-BRC MEMU,SURAT,VADODARA JN.,Thursday,Weekday
69110,BRC-ST MEMU,VADODARA JN.,SURAT,Sunday,Weekend
69111,ST-BRC MEMU,SURAT,VADODARA JN.,Wednesday,Weekday
69112,BRC - ST MEM,VADODARA JN.,SURAT,Tuesday,Weekday
69113,BRC-ADI MEMU,VADODARA JN.,AHMEDABAD,Tuesday,Weekday
69114,ADI-BRC MEMU,AHMEDABAD,VADODARA JN.,Saturday,Weekend
69115,BRC-ADI MEMU,VADODARA JN.,AHMEDABAD,Tuesday,Weekday
69116,ADI - ANND M,AHMEDABAD,ANAND JN.,Friday,Weekday
69117,BRC - DHD ME,VADODARA JN.,DAHOD,Thursday,Weekday
69118,DHD-BRC MEMU,DAHOD,VADODARA JN.,Sunday,Weekend
69119,BRC-DHD MEMU,VADODARA JN.,DAHOD,Thursday,Weekday
69120,DHD-BRC MEMU,DAHOD,VADODARA JN.,Sunday,Weekend
69121,BRC - GDA ME,VADODARA JN.,GODHRA JN.,Monday,Weekday
69122,GDA - BRC ME,GODHRA JN.,VADODARA JN.,Thursday,Weekday
69123,ANND-GDA MEM,ANAND JN.,GODHRA JN.,Tuesday,Weekday
69124,GDA-ANND MEM,GODHRA JN.,ANAND JN.,Thursday,Weekday
69125,ANND-GDA MEM,ANAND JN.,GODHRA JN.,Wednesday,Weekday
69126,GDA-ANND MEM,GODHRA JN.,ANAND JN.,Sunday,Weekend
69127,ANND-ADI MEM,ANAND JN.,AHMEDABAD,Thursday,Weekday
69128,ADI-ANND MEM,AHMEDABAD,ANAND JN.,Wednesday,Weekday
69129,ANND-ADI MEM,ANAND JN.,AHMEDABAD,Tuesday,Weekday
69130,ADI-ANND MEM,AHMEDABAD,ANAND JN.,Sunday,Weekend
69131,ADI - GNC ME,AHMEDABAD,GANDHINAGAR CAPITAL,Thursday,Weekday
69132,GNC - ADI ME,GANDHINAGAR CAPITAL,AHMEDABAD,Thursday,Weekday
69133,ANND  DK MEM,ANAND JN.,DAKOR,Tuesday,Weekday
69134,DK - ANND,DAKOR,ANAND JN.,Sunday,Weekend
69135,ANND- DK,ANAND JN.,DAKOR,Sunday,Weekend
69136,DK -ANND,DAKOR,ANAND JN.,Saturday,Weekend
69137,BRC ANND MEM,VADODARA JN.,ANAND JN.,Monday,Weekday
69138,ANND BRC MEM,ANAND JN.,VADODARA JN.,Sunday,Weekend
69139,BVI ST MEMU,BORIVLI,SURAT,Wednesday,Weekday
69140,SURAT VR,SURAT,VIRAR,Saturday,Weekend
69141,SJN-ST MEMU,SANJAN,SURAT,Friday,Weekday
69142,ST-SJN MEMU,SURAT,SANJAN,Saturday,Weekend
69143,VR-SJN MEMU,VIRAR,SANJAN,Tuesday,Weekday
69144,SJN-UBR MEMU,SANJAN,VIRAR,Saturday,Weekend
69145,ANAND GDA ME,ANAND JN.,GODHRA JN.,Wednesday,Weekday
69146,GODHRA ANND,GODHRA JN.,ANAND JN.,Monday,Weekday
69147,ANND GODHRA,ANAND JN.,GODHRA JN.,Monday,Weekday
69149,VIRAR BH,VIRAR,BHARUCH JN.,Thursday,Weekday
69150,BH VIRAR,BHARUCH JN.,VIRAR,Monday,Weekday
69151,BL - ST MEMU,VALSAD,SURAT,Friday,Weekday
69152,ST  - BL MEM,SURAT,VALSAD,Thursday,Weekday
69153,UBR - BL MEM,UMBERGAON ROAD,VALSAD,Wednesday,Weekday
69154,BL- UBR MEMU,VALSAD,UMBERGAON ROAD,Tuesday,Weekday
69161,PNVL - DRD M,PANVEL,DAHANU ROAD,Monday,Weekday
69164,DRD - PNVL,DAHANU ROAD,PANVEL,Wednesday,Weekday
69165,PNVL - BSR M,PANVEL,VASAI ROAD,Sunday,Weekend
69166,BSR - PNVL M,VASAI ROAD,PANVEL,Friday,Weekday
69167,PNVL - BSR M,PANVEL,VASAI ROAD,Saturday,Weekend
69168,BSR - PNVL M,VASAI ROAD,PANVEL,Thursday,Weekday
69169,ST - NDB MEM,SURAT,NANDURBAR,Wednesday,Weekday
69171,ST - BH,SURAT,BHARUCH JN.,Wednesday,Weekday
69172,BH - ST,BHARUCH JN.,SURAT,Thursday,Weekday
69173,VR DRD,VIRAR,DAHANU ROAD,Sunday,Weekend
69174,DRD BVI  MEM,DAHANU ROAD,BORIVLI,Sunday,Weekend
69181,DHD - RTM ME,DAHOD,RATLAM JN,Wednesday,Weekday
69182,RTM-DHD MEMU,RATLAM JN,DAHOD,Friday,Weekday
69183,RTM - NADMEM,RATLAM JN,NAGDA JN,Thursday,Weekday
69184,NAD - RTM ME,NAGDA JN,RATLAM JN,Sunday,Weekend
69185,NAD - UJN ME,NAGDA JN,UJJAIN JN,Wednesday,Weekday
69186,UJN - NAD ME,UJJAIN JN,NAGDA JN,Tuesday,Weekday
69187,DHD-RTM MEMU,DAHOD,RATLAM JN,Wednesday,Weekday
69188,RTM-DHD MEMU,RATLAM JN,DAHOD,Monday,Weekday
69189,ANND-DHD MEM,ANAND JN.,DAHOD,Sunday,Weekend
69190,DHD-ANND MEM,DAHOD,ANAND JN.,Friday,Weekday
69191,ANND-GNC MEM,ANAND JN.,GANDHINAGAR CAPITAL,Friday,Weekday
69192,GNC-ANND MEM,GANDHINAGAR CAPITAL,ANAND JN.,Sunday,Weekend
69195,BH-DGFJ-BH M,BHARUCH JN.,DAHEJ,Wednesday,Weekday
69196,BH-DGFJ-BH M,DAHEJ,BHARUCH JN.,Friday,Weekday
70101,PERN - MAO-,PERNEM,KAWR,Wednesday,Weekday
70102,KAWR-MAO-PER,KAWR,PERNEM,Tuesday,Weekday
70103,PERN-MAO-KAW,PERNEM,KAWR,Wednesday,Weekday
70104,KAWR-MAO-PER,KAWR,PERNEM,Saturday,Weekend
70105,MAO-MAQ DEMU,MADGOAN JN.,MANGALORE CENTRAL,Friday,Weekday
70106,MAQ-MAO DEMU,MANGALORE CENTRAL,MADGOAN JN.,Saturday,Weekend
71081,BSR-DIVA PAS,VASAI ROAD,DIVA JN,Wednesday,Weekday
71082,DCTL-BOR PAS,DOMBIVLI CTL,BOISAR,Monday,Weekday
71083,BSR-DIVA PAS,VASAI ROAD,DIVA JN,Wednesday,Weekday
71084,DIVA-BSR PAS,DIVA JN,VASAI ROAD,Wednesday,Weekday
71085,BSR-DIVA PAS,VASAI ROAD,DIVA JN,Thursday,Weekday
71086,DIVA-BSR PAS,DIVA JN,VASAI ROAD,Tuesday,Weekday
71088,BOR-BSR DMU,BOISAR,VASAI ROAD,Monday,Weekday
71089,DIVA-ROHA PA,DIVA JN,ROHA,Friday,Weekday
71092,ROHA-DIVA PA,ROHA,DIVA JN,Saturday,Weekend
71093,BSR-DIVA DMU,VASAI ROAD,DIVA JN,Monday,Weekday
71094,DIVA-BSR DMU,DIVA JN,VASAI ROAD,Sunday,Weekend
71095,DIVA-ROHA PA,DIVA JN,ROHA,Tuesday,Weekday
71096,ROHA-DIVA PA,ROHA,DIVA JN,Monday,Weekday
71401,DD-BRMT DEMU,DAUND JN.,BARAMATI,Wednesday,Weekday
71402,BRMT-PUNE DE,BARAMATI,PUNE JN.,Wednesday,Weekday
71403,PUNE-DD DEMU,PUNE JN.,DAUND JN.,Saturday,Weekend
71404,BRMT-PUNE DE,BARAMATI,PUNE JN.,Friday,Weekday
71405,DD-BRMT DEMU,DAUND JN.,BARAMATI,Friday,Weekday
71407,PUNE-DD DMU,PUNE JN.,DAUND JN.,Sunday,Weekend
71408,DD-PUNE DMU,DAUND JN.,PUNE JN.,Sunday,Weekend
71409,PUNE-DD DMU,PUNE JN.,DAUND JN.,Wednesday,Weekday
71410,DD-PUNE DEMU,DAUND JN.,PUNE JN.,Monday,Weekday
71411,PUNE-DD DEMU,PUNE JN.,DAUND JN.,Sunday,Weekend
71413,PUNE SUR DEM,PUNE JN.,SOLAPUR,Saturday,Weekend
71414,SUR PUNE DEM,SOLAPUR,PUNE JN.,Monday,Weekday
71415,PUNE SUR DEM,PUNE JN.,SOLAPUR,Thursday,Weekday
71416,SUR PUNE DEM,SOLAPUR,PUNE JN.,Monday,Weekday
71901,IDH-BRTP SHU,IDGAH,BHARATPUR JN,Sunday,Weekend
71902,BTE-IDH DMU,BHARATPUR JN,IDGAH,Saturday,Weekend
71903,IDH-BKI SHUT,IDGAH,BANDIKUI JN.,Monday,Weekday
71904,BKI-IDH SHUT,BANDIKUI JN.,IDGAH,Wednesday,Weekday
71905,IDH-BTE SHUT,IDGAH,BHARATPUR JN,Sunday,Weekend
71906,BTE-IDH SHUT,BHARATPUR JN,IDGAH,Sunday,Weekend
71907,IDH-BKI DMU,IDGAH,BANDIKUI JN.,Friday,Weekday
71908,BKI-IDH DMU,BANDIKUI JN.,IDGAH,Friday,Weekday
71909,AGC-ETW-MNQ,AGRA CANTT,ETAWAH,Thursday,Weekday
71910,ETW-AGC DEMU,ETAWAH,AGRA CANTT,Saturday,Weekend
72171,RAILBUS,MATHURA JN.,VRINDAVAN,Monday,Weekday
72172,MTJ-BDB,VRINDAVAN,MATHURA JN.,Tuesday,Weekday
72173,MTJ-BDB,MATHURA JN.,VRINDAVAN,Wednesday,Weekday
72174,RAILBUS,VRINDAVAN,MATHURA JN.,Wednesday,Weekday
72175,RAILBUS,MATHURA JN.,VRINDAVAN,Thursday,Weekday
72176,BDB-MTJ,VRINDAVAN,MATHURA JN.,Sunday,Weekend
72177,MTJ-BDB,MATHURA JN.,VRINDAVAN,Wednesday,Weekday
72178,BDB-MTJ,VRINDAVAN,MATHURA JN.,Friday,Weekday
72179,MTJ-BDB,MATHURA JN.,VRINDAVAN,Friday,Weekday
72180,BDB-MTJ,VRINDAVAN,MATHURA JN.,Tuesday,Weekday
72203,IAA-DIT RAIL,INDARA JN.,DOHRIGHAT,Saturday,Weekend
72204,DIT-IAA RAIL,DOHRIGHAT,INDARA JN.,Thursday,Weekday
72205,IAA-DIT RIAL,INDARA JN.,DOHRIGHAT,Saturday,Weekend
72206,DIT-IAA RAIL,DOHRIGHAT,INDARA JN.,Monday,Weekday
72207,IAA-DIT RAIL,INDARA JN.,DOHRIGHAT,Tuesday,Weekday
72208,DIT-IAA RAIL,DOHRIGHAT,INDARA JN.,Monday,Weekday
72209,IAA-DIT RAIL,INDARA JN.,DOHRIGHAT,Wednesday,Weekday
72210,DIT-IAA RAIL,DOHRIGHAT,INDARA JN.,Tuesday,Weekday
72451,KLK-SML RMC,KALKA,SHIMLA,Tuesday,Weekday
72452,SML-KLK,SHIMLA,KALKA,Sunday,Weekend
73011,BWN - RPH DM,BARDDHAMAN JN.,RAMPUR HAT,Thursday,Weekday
73012,RPH- BWN DMU,RAMPUR HAT,BARDDHAMAN JN.,Thursday,Weekday
73021,AZ - RPH DMU,AZIMGANJ JN.,RAMPUR HAT,Tuesday,Weekday
73022,RPH - AZ DMU,RAMPUR HAT,AZIMGANJ JN.,Friday,Weekday
73031,KWAE-AZ DEMU,KATWA JN.,AZIMGANJ JN.,Sunday,Weekend
73032,AZ-KWAE DEMU,AZIMGANJ JN.,KATWA JN.,Tuesday,Weekday
73033,NHT-AZ PASS,AZIMGANJ JN.,NALHATI JN.,Saturday,Weekend
73034,AZ-NHT PASS,NALHATI JN.,AZIMGANJ JN.,Sunday,Weekend
73035,KWAE-NILE DE,KATWA JN.,NIMTITA,Thursday,Weekday
73036,NILE- KWAE-D,NIMTITA,KATWA JN.,Thursday,Weekday
73037,AZ-NILE DMU,AZIMGANJ JN.,NIMTITA,Saturday,Weekend
73038,NILE-AZ DMU,NIMTITA,AZIMGANJ JN.,Friday,Weekday
73151,SDAH-JRLE DE,SEALDAH,JANGIPUR ROAD,Saturday,Weekend
73152,JRLE-SDAH DE,JANGIPUR ROAD,SEALDAH,Tuesday,Weekday
73211,PTG-PNBE DMU,PATNA GHAT,PATNA JN.,Wednesday,Weekday
73212,PNBE-PTG  DE,PATNA JN.,PATNA GHAT,Friday,Weekday
73213,PTG-PNBE-DDG,PATNA GHAT,DIGHA GHAT,Friday,Weekday
73214,DDG-PNBE-PTG,DIGHA GHAT,PATNA GHAT,Tuesday,Weekday
73215,DIGHA-R BLOC,DIGHA GHAT,R BLOCK HALT,Tuesday,Weekday
73216,R BLOCK-DIGH,R BLOCK HALT,DIGHA GHAT,Wednesday,Weekday
73261,IPR - PNBE D,ISLAMPUR,PATNA JN.,Wednesday,Weekday
73262,PNBE-IPR DEM,PATNA JN.,ISLAMPUR,Friday,Weekday
73263,IPR-PNBE DEM,ISLAMPUR,PATNA JN.,Saturday,Weekend
73264,PNBE-IPR DEM,PATNA JN.,ISLAMPUR,Thursday,Weekday
73421,JMP-KEU PGR,JAMALPUR JN.,KIUL JN.,Monday,Weekday
73422,KIUL-JMP PGR,KIUL JN.,JAMALPUR JN.,Sunday,Weekend
73425,JMP-KIUL PGR,JAMALPUR JN.,KIUL JN.,Monday,Weekday
73426,KIUL-JMP PGR,KIUL JN.,JAMALPUR JN.,Friday,Weekday
73427,JMP-KEU PASS,JAMALPUR JN.,KIUL JN.,Monday,Weekday
73428,KEU-JMP PASS,KIUL JN.,JAMALPUR JN.,Wednesday,Weekday
73429,BGP-JMP PGR,BHAGALPUR,JAMALPUR JN.,Sunday,Weekend
73430,JMP-BGP PGR,JAMALPUR JN.,BHAGALPUR,Sunday,Weekend
73451,TIL-JMP DEMU,TILRATH,JAMALPUR JN.,Thursday,Weekday
73452,JMP TIL DEMU,JAMALPUR JN.,TILRATH,Sunday,Weekend
73453,TIL-JMP DEMU,TILRATH,JAMALPUR JN.,Friday,Weekday
73454,JMP-TIL DEMU,JAMALPUR JN.,TILRATH,Monday,Weekday
73461,KGG-JMP DEMU,KHAGARIA JN.,JAMALPUR JN.,Sunday,Weekend
73462,JMP-KGG DEMU,JAMALPUR JN.,KHAGARIA JN.,Saturday,Weekend
73463,KGG JMP DEM,KHAGARIA JN.,JAMALPUR JN.,Monday,Weekday
73464,JMP KGG DEMU,JAMALPUR JN.,KHAGARIA JN.,Tuesday,Weekday
73538,JSME-UDL PAS,JASIDIH JN.,ANDAL JN.,Saturday,Weekend
73539,UDL-JSME PGR,ANDAL JN.,JASIDIH JN.,Friday,Weekday
73581,JSME BANKA P,JASIDIH JN.,BANKA,Wednesday,Weekday
73582,BANKA JSME P,BANKA,JASIDIH JN.,Monday,Weekday
73901,JMP-UREN SRA,JAMALPUR JN.,DHANAURI,Wednesday,Weekday
73902,UREN-JMP SRA,DHANAURI,JAMALPUR JN.,Monday,Weekday
73903,JMP KJH SRAM,JAMALPUR JN.,DHANAURI,Saturday,Weekend
73904,DNRE-JMP SRA,DHANAURI,JAMALPUR JN.,Monday,Weekday
73905,JMP-UREN SRA,JAMALPUR JN.,DHANAURI,Saturday,Weekend
73911,SGG-JMP PGR.,SULTANGANJ,JAMALPUR JN.,Saturday,Weekend
73912,JMP-SGG PGR,JAMALPUR JN.,SULTANGANJ,Sunday,Weekend
73913,SGG-JMP PGR.,SULTANGANJ,JAMALPUR JN.,Friday,Weekday
73914,JMP-SGG PGR,JAMALPUR JN.,SULTANGANJ,Monday,Weekday
73916,JMP-SGG PGR,JAMALPUR JN.,SULTANGANJ,Tuesday,Weekday
74001,DLI-RE DMU,DELHI JN.,REWARI JN.,Monday,Weekday
74002,RE-DLI DMU,REWARI JN.,DELHI JN.,Friday,Weekday
74003,DLI-RE DMU,DELHI JN.,REWARI JN.,Saturday,Weekend
74004,RE-DLI DMU,REWARI JN.,DELHI JN.,Saturday,Weekend
74011,DLI-ROK DMU,DELHI JN.,ROHTAK JN.,Saturday,Weekend
74012,ROK-DLI DMU,ROHTAK JN.,DELHI JN.,Wednesday,Weekday
74013,DLI-KKDE DMU,DELHI JN.,KURUKSHETRA JN.,Friday,Weekday
74014,KKDE-DLI DMU,KURUKSHETRA JN.,DELHI JN.,Friday,Weekday
74015,RE-JIND  DEM,REWARI JN.,JIND JN,Wednesday,Weekday
74016,JIND-ROK-RE,JIND JN,REWARI JN.,Monday,Weekday
74017,RE-ROK DEMU,REWARI JN.,ROHTAK JN.,Friday,Weekday
74018,ROK-RE DMU,ROHTAK JN.,REWARI JN.,Monday,Weekday
74019,SNP-JIND DMU,SONIPAT,JIND JN,Monday,Weekday
74020,JIND-SNP DEM,JIND JN,SONIPAT,Thursday,Weekday
74021,DLI-SRE DMU,DELHI JN.,SAHARANPUR JN.,Friday,Weekday
74022,HARIDWAR-DLI,SHAMLI,DELHI JN.,Monday,Weekday
74023,DELHI-HARIDW,DELHI JN.,SHAMLI,Friday,Weekday
74024,SREL-DLI DMU,SAHARANPUR JN.,DELHI JN.,Wednesday,Weekday
74025,DELHI-SHAMLI,DELHI JN.,SHAMLI,Wednesday,Weekday
74026,SHAMLI-DELHI,SHAMLI,DELHI JN.,Tuesday,Weekday
74027,DLI-BTU DEMU,DELHI JN.,BARAUT,Tuesday,Weekday
74028,BTU-DLI DEMU,BARAUT,DELHI JN.,Monday,Weekday
74029,SNP-JIND,SONIPAT,JIND JN,Sunday,Weekend
74030,JIND-SNP,JIND JN,SONIPAT,Tuesday,Weekday
74031,GHH-FN DMU,GARHI HARSARU JN.,FARUKHNAGAR,Tuesday,Weekday
74032,FN-DEE DMU,FARUKHNAGAR,DELHI-SARAI ROHILLA,Sunday,Weekend
74033,DEE-FN DMU,DELHI-SARAI ROHILLA,FARUKHNAGAR,Sunday,Weekend
74034,FN-GHH DMU,FARUKHNAGAR,GARHI HARSARU JN.,Saturday,Weekend
74035,GHH-FN DMU,GARHI HARSARU JN.,FARUKHNAGAR,Sunday,Weekend
74036,FN-DEE DMU,FARUKHNAGAR,DELHI-SARAI ROHILLA,Sunday,Weekend
74037,DEE-FN DMU,DELHI-SARAI ROHILLA,FARUKHNAGAR,Sunday,Weekend
74038,FN-GHH DMU,FARUKHNAGAR,GARHI HARSARU JN.,Wednesday,Weekday
74201,PBH-LKO DMU,PARTAPGARH JN.,LUCKNOW JN.,Monday,Weekday
74202,LKO/PBH DMU,LUCKNOW JN.,PARTAPGARH JN.,Tuesday,Weekday
74301,SHTS-MB DMU,SAMBAHAL HATIM SARAI,MORADABAD JN.,Thursday,Weekday
74302,MB-SHTS DMU,MORADABAD JN.,SAMBAHAL HATIM SARAI,Monday,Weekday
74303,SHTS-MB DMU,SAMBAHAL HATIM SARAI,MORADABAD JN.,Saturday,Weekend
74304,MB-SHTS DMU,MORADABAD JN.,SAMBAHAL HATIM SARAI,Friday,Weekday
74305,SHTS-MB DMU,SAMBAHAL HATIM SARAI,MORADABAD JN.,Friday,Weekday
74306,MB-SHTS DMU,MORADABAD JN.,SAMBAHAL HATIM SARAI,Tuesday,Weekday
74601,BEAS-TTO,BEAS JN,TARN TARAN,Sunday,Weekend
74602,TTO-BEAS,TARN TARAN,BEAS JN,Saturday,Weekend
74603,BEAS-TTO DMU,BEAS JN,TARN TARAN,Tuesday,Weekday
74604,TTO-BEAS DMU,TARN TARAN,BEAS JN,Saturday,Weekend
74605,BEAS-TTO DMU,BEAS JN,TARN TARAN,Monday,Weekday
74606,TTO-BEAS DMU,TARN TARAN,BEAS JN,Wednesday,Weekday
74607,BEAS-TTO DMU,BEAS JN,TARN TARAN,Sunday,Weekend
74608,BEAS-TTO DMU,TARN TARAN,BEAS JN,Friday,Weekday
74611,BAHL-BDGM DM,BANIHAL,BUDGAM,Sunday,Weekend
74612,BDGM - BAHL,BUDGAM,BANIHAL,Sunday,Weekend
74613,BDGM-BRML DM,BUDGAM,BARAMULLA,Monday,Weekday
74614,BRML-BAHL DE,BARAMULLA,BANIHAL,Thursday,Weekday
74615,BAHL-BRML DE,BANIHAL,BARAMULLA,Thursday,Weekday
74616,BRML-BDGM DE,BARAMULLA,BUDGAM,Friday,Weekday
74617,BDGM-BRML DM,BUDGAM,BARAMULLA,Saturday,Weekend
74618,BRML-BDGM DM,BARAMULLA,BUDGAM,Monday,Weekday
74619,BAHL-BRML DM,BANIHAL,BARAMULLA,Wednesday,Weekday
74620,BRML-BAHL DM,BARAMULLA,BANIHAL,Saturday,Weekend
74621,BDGM-BRML,BUDGAM,BARAMULLA,Monday,Weekday
74622,BRML-BDGM-DM,BARAMULLA,BUDGAM,Sunday,Weekend
74623,BDGM-BRML DM,BUDGAM,BARAMULLA,Sunday,Weekend
74624,BRML-BDGM DM,BARAMULLA,BUDGAM,Saturday,Weekend
74625,BAHL-BRML DM,BANIHAL,BARAMULLA,Thursday,Weekday
74626,BRML-BAHL DM,BARAMULLA,BANIHAL,Saturday,Weekend
74627,BAHL-BRML DM,BANIHAL,BARAMULLA,Thursday,Weekday
74628,BRML-BAHL DM,BARAMULLA,BANIHAL,Tuesday,Weekday
74629,BAHL-BRML DM,BANIHAL,BARAMULLA,Monday,Weekday
74630,BRML-BAHL DM,BARAMULLA,BANIHAL,Thursday,Weekday
74631,BAHL-BDGM DM,BANIHAL,BUDGAM,Saturday,Weekend
74632,BDGM-BAHL DM,BUDGAM,BANIHAL,Saturday,Weekend
74633,BAHL-BDGM DM,BANIHAL,BUDGAM,Sunday,Weekend
74634,BDGM-BAHL,BUDGAM,BANIHAL,Sunday,Weekend
74635,BAHL- BDGM D,BANIHAL,BUDGAM,Friday,Weekday
74636,BDGM-BAHL DM,BUDGAM,BANIHAL,Wednesday,Weekday
74637,BAHL- BDGM D,BANIHAL,BUDGAM,Friday,Weekday
74638,BDGM-BAHL DM,BUDGAM,BANIHAL,Monday,Weekday
74639,BAHL- BDGM D,BANIHAL,BUDGAM,Saturday,Weekend
74640,BDGM-BAHL DM,BUDGAM,BANIHAL,Sunday,Weekend
74641,1JA JUC-ASR,JALANDHAR CITY JN.,MANANWALA,Tuesday,Weekday
74642,JUC-ASR,AMRITSAR JN.,JALANDHAR CITY JN.,Friday,Weekday
74643,JUC-ASR DMU,JALANDHAR CITY JN.,AMRITSAR JN.,Tuesday,Weekday
74644,ASR-JUC DMU,AMRITSAR JN.,JALANDHAR CITY JN.,Tuesday,Weekday
74645,UMB-JUC PASS,AMBALA CANTT JN,JALANDHAR CITY JN.,Monday,Weekday
74646,JUC-UMB PASS,JALANDHAR CITY JN.,AMBALA CANTT JN,Saturday,Weekend
74647,LDH-JUC DMU,LUDHIANA JN.,JALANDHAR CITY JN.,Friday,Weekday
74648,JUC-NRO-LDH,JALANDHAR CITY JN.,LUDHIANA JN.,Saturday,Weekend
74651,DBNK-ASR DMU,AMRITSAR JN.,DERABABA NANAK,Friday,Weekday
74652,DBNK-ASR DMU,DERABABA NANAK,VERKA JN.,Friday,Weekday
74653,DBNK-ASR DMU,VERKA JN.,DERABABA NANAK,Saturday,Weekend
74654,DBNK-VKA DMU,DERABABA NANAK,VERKA JN.,Friday,Weekday
74655,DBNK-ASR DMU,VERKA JN.,DERABABA NANAK,Thursday,Weekday
74656,DBNK-ASR DMU,DERABABA NANAK,VERKA JN.,Saturday,Weekend
74657,DBNK-ASR DMU,VERKA JN.,DERABABA NANAK,Monday,Weekday
74658,DBNK-ASR DMU,DERABABA NANAK,AMRITSAR JN.,Wednesday,Weekday
74661,ATT-ASR DMU,AMRITSAR JN.,ATARI JN,Saturday,Weekend
74662,ATT-ASR DMU,ATARI JN,AMRITSAR JN.,Saturday,Weekend
74663,ATT-ASR DMU,AMRITSAR JN.,ATARI JN,Friday,Weekday
74664,ATT-ASR DMU,ATARI JN,AMRITSAR JN.,Tuesday,Weekday
74671,ASR-PTK DMU,AMRITSAR JN.,PATHANKOT JN.,Sunday,Weekend
74672,PTK-ASR DMU,PATHANKOT JN.,AMRITSAR JN.,Monday,Weekday
74673,PTK-ASR DMU,VERKA JN.,PATHANKOT JN.,Saturday,Weekend
74674,PTK-ASR DMU,PATHANKOT JN.,VERKA JN.,Thursday,Weekday
74675,ASR-PTK DMU,AMRITSAR JN.,PATHANKOT JN.,Friday,Weekday
74676,PTK-ASR DMU,PATHANKOT JN.,AMRITSAR JN.,Friday,Weekday
74681,ASR-KEMK DMU,KHEM KARAN,AMRITSAR JN.,Thursday,Weekday
74682,ASR-KEMK DMU,AMRITSAR JN.,KHEM KARAN,Monday,Weekday
74683,ASR-KEMK DMU,KHEM KARAN,BHAGTANWALA,Sunday,Weekend
74684,ASR-KEMK DMU,AMRITSAR JN.,KHEM KARAN,Thursday,Weekday
74685,ASR-KEMK DMU,KHEM KARAN,BHAGTANWALA,Sunday,Weekend
74686,ASR-KEMK DMU,BHAGTANWALA,KHEM KARAN,Sunday,Weekend
74687,ASR-KEMK DMU,KHEM KARAN,AMRITSAR JN.,Sunday,Weekend
74688,ASR-KEMK DMU,BHAGTANWALA,KHEM KARAN,Wednesday,Weekday
74691,ASR-QDN DMU,AMRITSAR JN.,QADIAN,Wednesday,Weekday
74692,QDN-ASR DMU,QADIAN,AMRITSAR JN.,Thursday,Weekday
74801,MEC-MTD DMU,MERTA CITY,MERTA ROAD JN.,Friday,Weekday
74802,MTD-MEC DMU,MERTA ROAD JN.,MERTA CITY,Friday,Weekday
74803,MEC-MTD,MERTA CITY,MERTA ROAD JN.,Wednesday,Weekday
74804,MTD-MEC RAIL,MERTA ROAD JN.,MERTA CITY,Friday,Weekday
74805,MEC-MTD RAIL,MERTA CITY,MERTA ROAD JN.,Friday,Weekday
74806,MTD-MEC RAIL,MERTA ROAD JN.,MERTA CITY,Tuesday,Weekday
74807,MEC - MTD RA,MERTA CITY,MERTA ROAD JN.,Thursday,Weekday
74808,MTD-MEC RAIL,MERTA ROAD JN.,MERTA CITY,Saturday,Weekend
74809,MEC-MTD RAIL,MERTA CITY,MERTA ROAD JN.,Monday,Weekday
74810,MTD-MEC RAIL,MERTA ROAD JN.,MERTA CITY,Friday,Weekday
74811,MEC-MTD RAIL,MERTA CITY,MERTA ROAD JN.,Monday,Weekday
74812,MTD-MEC RAIL,MERTA ROAD JN.,MERTA CITY,Saturday,Weekend
74813,MEC-MTD RAIL,MERTA CITY,MERTA ROAD JN.,Tuesday,Weekday
74814,MTD-MEC RAIL,MERTA ROAD JN.,MERTA CITY,Wednesday,Weekday
74815,MEC-MTD RAIL,MERTA CITY,MERTA ROAD JN.,Thursday,Weekday
74816,MTD-MEC RAIL,MERTA ROAD JN.,MERTA CITY,Friday,Weekday
74817,MEC-MTD RAIL,MERTA CITY,MERTA ROAD JN.,Thursday,Weekday
74818,MTD-MEC RAIL,MERTA ROAD JN.,MERTA CITY,Tuesday,Weekday
74831,BKN-CUR PASS,BIKANER JN.,CHURU,Tuesday,Weekday
74832,CUR BKN PASS,CHURU,BIKANER JN.,Saturday,Weekend
74833,BKN HSR PASS,BIKANER JN.,HISAR JN,Friday,Weekday
74834,HSR BKN PASS,HISAR JN,BIKANER JN.,Saturday,Weekend
74835,JU HSR PASS,JODHPUR JN.,HISAR JN,Wednesday,Weekday
74836,HSR JU PASS,HISAR JN,JODHPUR JN.,Saturday,Weekend
74837,JU BLDI PASS,JODHPUR JN.,PALANPUR JN,Sunday,Weekend
74838,BLDI JU PASS,PALANPUR JN,JODHPUR JN.,Sunday,Weekend
74839,JU BME PASS,JODHPUR JN.,BARMER,Saturday,Weekend
74840,BME JU PASS,BARMER,JODHPUR JN.,Monday,Weekday
74841,JU BLDI PASS,JODHPUR JN.,BHILDI JN,Friday,Weekday
74842,BLDI JU PASS,BHILDI JN,JODHPUR JN.,Saturday,Weekend
74843,JU BME PASS,JODHPUR JN.,BARMER,Friday,Weekday
74844,BME JU PASS,BARMER,JODHPUR JN.,Wednesday,Weekday
74845,RE SDLP HSR,REWARI JN.,HISAR JN,Monday,Weekday
74846,HSR SDLP RE,HISAR JN,REWARI JN.,Saturday,Weekend
74847,RE SDLP HSR,REWARI JN.,HISAR JN,Tuesday,Weekday
74848,HSR SDLP RE,HISAR JN,REWARI JN.,Sunday,Weekend
74849,RTGH SRDR,RATANAGARH JN,SARDARSAHAR,Sunday,Weekend
74850,SRDR RTGH,SARDARSAHAR,RATANAGARH JN,Monday,Weekday
74851,RTGH SRDR,RATANAGARH JN,SARDARSAHAR,Sunday,Weekend
74852,SRDR RTGH,SARDARSAHAR,RATANAGARH JN,Wednesday,Weekday
74853,RTGH SRDR,RATANAGARH JN,SARDARSAHAR,Monday,Weekday
74854,SRDR RTGH,SARDARSAHAR,RATANAGARH JN,Thursday,Weekday
74855,BKN- RTGH PA,BIKANER JN.,RATANAGARH JN,Friday,Weekday
74856,RTGH - BKN P,RATANAGARH JN,BIKANER JN.,Saturday,Weekend
74857,SIKR CUR DEM,SIKAR JN.,CHURU,Wednesday,Weekday
74858,CUR SIKR DEM,CHURU,SIKAR JN.,Monday,Weekday
74901,PTK-JUC DMU,JALANDHAR CITY JN.,PATHANKOT JN.,Wednesday,Weekday
74902,PTK-JUC DMU,PATHANKOT JN.,JALANDHAR CITY JN.,Sunday,Weekend
74903,PTK-JUC DMU,JALANDHAR CITY JN.,PATHANKOT JN.,Wednesday,Weekday
74904,PTK-JUC DMU,PATHANKOT JN.,JALANDHAR CITY JN.,Monday,Weekday
74906,UHP-JAT-DMU,UDHAMPUR,JAMMU TAWI,Sunday,Weekend
74907,JAT-UHP DMU,JAMMU TAWI,UDHAMPUR,Sunday,Weekend
74909,PTK-JAT-UHP-,PATHANKOT JN.,UDHAMPUR,Saturday,Weekend
74910,PTK-JAT-UHP-,UDHAMPUR,PATHANKOT JN.,Friday,Weekday
74911,HSX-JUC DMU,HOSHIARPUR,JALANDHAR CITY JN.,Saturday,Weekend
74912,HSX-JUC DMU,JALANDHAR CITY JN.,HOSHIARPUR,Sunday,Weekend
74913,HSX-JUC DMU,HOSHIARPUR,JALANDHAR CITY JN.,Tuesday,Weekday
74914,HSX-JUC DMU,JALANDHAR CITY JN.,HOSHIARPUR,Monday,Weekday
74915,HSX-JUC DMU,HOSHIARPUR,JALANDHAR CITY JN.,Friday,Weekday
74916,HSX-JUC DMU,JALANDHAR CITY JN.,HOSHIARPUR,Monday,Weekday
74917,HSX-JUC DMU,HOSHIARPUR,JALANDHAR CITY JN.,Monday,Weekday
74918,HSX-JUC DMU,JALANDHAR CITY JN.,HOSHIARPUR,Sunday,Weekend
74919,HSX-JUC DMU,HOSHIARPUR,JALANDHAR CITY JN.,Sunday,Weekend
74920,HSX-JUC DMU,JALANDHAR CITY JN.,HOSHIARPUR,Thursday,Weekday
74923,HSX-ASR DMU,HOSHIARPUR,AMRITSAR JN.,Tuesday,Weekday
74924,ASR-HSX DMU,MANANWALA,HOSHIARPUR,Monday,Weekday
74931,JUC-FZR DMU,JALANDHAR CITY JN.,FIROZPUR CANTT JN.,Tuesday,Weekday
74932,FZR-JUC DMU,FIROZPUR CANTT JN.,JALANDHAR CITY JN.,Thursday,Weekday
74933,JUC-FZR DMU,JALANDHAR CITY JN.,FIROZPUR CANTT JN.,Tuesday,Weekday
74934,JUC-FZR DMU,FIROZPUR CANTT JN.,JALANDHAR CITY JN.,Wednesday,Weekday
74935,JUC-FZR DMU,JALANDHAR CITY JN.,FIROZPUR CANTT JN.,Friday,Weekday
74936,JUC-FZR DMU,FIROZPUR CANTT JN.,JALANDHAR CITY JN.,Thursday,Weekday
74937,JALANDER FIR,JALANDHAR CITY JN.,FIROZPUR CANTT JN.,Friday,Weekday
74938,JUC-FZR DMU,FIROZPUR CANTT JN.,JALANDHAR CITY JN.,Wednesday,Weekday
74939,JUC-FZR DMU,JALANDHAR CITY JN.,FIROZPUR CANTT JN.,Monday,Weekday
74940,FZR-JUC DMU,FIROZPUR CANTT JN.,JALANDHAR CITY JN.,Monday,Weekday
74941,NRO-JUC DMU,NAKODAR JN.,JALANDHAR CITY JN.,Wednesday,Weekday
74942,JUC-NRO,JALANDHAR CITY JN.,NAKODAR JN.,Wednesday,Weekday
74943,NRO-JUC DMU,NAKODAR JN.,JALANDHAR CITY JN.,Monday,Weekday
74944,JUC-NRO DMU,JALANDHAR CITY JN.,NAKODAR JN.,Thursday,Weekday
74945,NRO-JUC DMU,NAKODAR JN.,JALANDHAR CITY JN.,Thursday,Weekday
74946,JUC-NRO DMU,JALANDHAR CITY JN.,NAKODAR JN.,Friday,Weekday
74947,NRO-JUC DMU,NAKODAR JN.,JALANDHAR CITY JN.,Thursday,Weekday
74948,JUC-NRO DMU,JALANDHAR CITY JN.,NAKODAR JN.,Wednesday,Weekday
74951,JJJ-JUC DMU,JAIJON DOABA,JALANDHAR CITY JN.,Tuesday,Weekday
74952,JJJ-JUC DMU,JALANDHAR CITY JN.,JAIJON DOABA,Friday,Weekday
74953,JJJ-JUC DMU,JAIJON DOABA,JALANDHAR CITY JN.,Sunday,Weekend
74954,JUC-JJJ DMU,JALANDHAR CITY JN.,JAIJON DOABA,Monday,Weekday
74961,LDH-FZR DMU,LUDHIANA JN.,FIROZPUR CANTT JN.,Wednesday,Weekday
74962,LDH-FZR DMU,FIROZPUR CANTT JN.,LUDHIANA JN.,Wednesday,Weekday
74963,LDH-FZR DMU,LUDHIANA JN.,FIROZPUR CANTT JN.,Wednesday,Weekday
74964,LDH-FZR DMU,FIROZPUR CANTT JN.,LUDHIANA JN.,Tuesday,Weekday
74965,LDH-LNK DMU,LUDHIANA JN.,LOHIAN KHAS JN.,Sunday,Weekend
74966,LDH-LNK DMU,LOHIAN KHAS JN.,LUDHIANA JN.,Thursday,Weekday
74967,LDH-LNK DMU,LUDHIANA JN.,LOHIAN KHAS JN.,Monday,Weekday
74968,LDH-LNK DMU,LOHIAN KHAS JN.,LUDHIANA JN.,Friday,Weekday
74969,LDH-LNK DMU,LUDHIANA JN.,LOHIAN KHAS JN.,Thursday,Weekday
74970,LNK-LDH DMU,LOHIAN KHAS JN.,LUDHIANA JN.,Sunday,Weekend
74971,FKA-FZR DMU,FIROZPUR CANTT JN.,FAZILKA JN.,Monday,Weekday
74972,FZR-FKA DMU,FAZILKA JN.,FIROZPUR CANTT JN.,Monday,Weekday
74973,FZR-FKA DMU,FIROZPUR CANTT JN.,FAZILKA JN.,Wednesday,Weekday
74974,FKA-FZR DMU,FAZILKA JN.,FIROZPUR CANTT JN.,Wednesday,Weekday
74975,FZR-FKA DMU,FIROZPUR CANTT JN.,FAZILKA JN.,Monday,Weekday
74976,FKA-FZR DMU,FAZILKA JN.,FIROZPUR CANTT JN.,Tuesday,Weekday
74977,FKA-FZR DMU,FIROZPUR CANTT JN.,FAZILKA JN.,Thursday,Weekday
74978,FZR-FKA DMU,FAZILKA JN.,FIROZPUR CANTT JN.,Saturday,Weekend
74981,KKP-FKA DMU,KOT KAPURA JN,FAZILKA JN.,Saturday,Weekend
74982,FKA-KKP DMU,FAZILKA JN.,KOT KAPURA JN,Monday,Weekday
74983,KKP-FKA DMU,KOT KAPURA JN,FAZILKA JN.,Monday,Weekday
74984,FKA-KKP DMU,FAZILKA JN.,KOT KAPURA JN,Monday,Weekday
74985,BTI-FKA-DMU,BATHINDA JN,FAZILKA JN.,Monday,Weekday
74986,FKA-BTI-DMU,FAZILKA JN.,BATHINDA JN,Saturday,Weekend
74987,BTI-FKA-DMU,BATHINDA JN,FAZILKA JN.,Tuesday,Weekday
74988,FKA-BTI-DMU,FAZILKA JN.,BATHINDA JN,Friday,Weekday
74991,UMB-CHDL PAS,AMBALA CANTT JN,AMB ANDAURA,Saturday,Weekend
74992,CHDL-UMB PAS,AMB ANDAURA,AMBALA CANTT JN,Tuesday,Weekday
74993,KKDE-UMB PAS,KURUKSHETRA JN.,AMBALA CANTT JN,Wednesday,Weekday
74994,UMB-KKDE PAS,AMBALA CANTT JN,KURUKSHETRA JN.,Monday,Weekday
75002,GD-BNY-GKP-D,GONDA JN.,GORAKHPUR JN.,Thursday,Weekday
75003,GKP-BNY-DMU,GORAKHPUR JN.,BARHNI,Friday,Weekday
75004,BNY-GKP-DMU,BARHNI,GORAKHPUR JN.,Tuesday,Weekday
75005,GKP-BNY-DMU,GORAKHPUR JN.,GONDA JN.,Thursday,Weekday
75007,GKP-BNY-GD D,GORAKHPUR JN.,GONDA JN.,Friday,Weekday
75008,GD-BNY-GKP-D,GONDA JN.,GORAKHPUR JN.,Monday,Weekday
75009,SV-CPJ-DMU S,SIWAN JN.,KAPTANGANJ JN.,Thursday,Weekday
75010,CPJ-THE-DMU,KAPTANGANJ JN.,THAWE JN.,Thursday,Weekday
75011,THE-GKP-DMU,THAWE JN.,GORAKHPUR JN.,Thursday,Weekday
75012,GKP-SV-DMU S,GORAKHPUR JN.,SIWAN JN.,Friday,Weekday
75013,GKP-NTV -DMU,GORAKHPUR JN.,NAUTANWA,Friday,Weekday
75014,NTV-GKP -DMU,NAUTANWA,GORAKHPUR JN.,Tuesday,Weekday
75015,GKP-NTV PASS,GORAKHPUR JN.,NAUTANWA,Saturday,Weekend
75016,NTV-GKP PASS,NAUTANWA,GORAKHPUR JN.,Wednesday,Weekday
75101,BUI-BCY DEMU,BALLIA,VARANASI CITY,Thursday,Weekday
75102,BCY-BUI DEMU,VARANASI CITY,BALLIA,Tuesday,Weekday
75103,PEP-BCY DEMU,PHEPHNA JN.,VARANASI CITY,Tuesday,Weekday
75104,BCY-PEP DEMU,VARANASI CITY,PHEPHNA JN.,Monday,Weekday
75105,MAU-ALY-DMU-,MAU JN.,ALLAHABAD CITY,Friday,Weekday
75106,ALY-MAU-DMU-,ALLAHABAD CITY,MAU JN.,Sunday,Weekend
75107,MUV-ALY-DMU,MANDUADIH,ALLAHABAD CITY,Monday,Weekday
75109,MAU-BCY- DMU,MAU JN.,VARANASI CITY,Saturday,Weekend
75111,GCT-BSB DMU,GHAZIPUR CITY,VARANASI JN.,Friday,Weekday
75112,BSB-GCT-DMU,VARANASI JN.,GHAZIPUR CITY,Sunday,Weekend
75113,BTT-BCY DEMU,BHATNI JN.,VARANASI CITY,Thursday,Weekday
75114,BCY-BTT DMU,VARANASI CITY,BHATNI JN.,Saturday,Weekend
75115,GCT-PRG- PAS,GHAZIPUR CITY,PRAYAG JN.,Friday,Weekday
75116,PRG-GCT DEMU,PRAYAG JN.,GHAZIPUR CITY,Thursday,Weekday
75201,SEE-CPR DEMU,SONPUR JN.,CHHAPRA JN.,Wednesday,Weekday
75202,CPR-SEE DEMU,CHHAPRA JN.,SONPUR JN.,Sunday,Weekend
75207,SPJ-MFP DEMU,SAMASTIPUR JN.,MUZAFFARPUR JN.,Saturday,Weekend
75208,MFP - SPJ DE,MUZAFFARPUR JN.,SAMASTIPUR JN.,Saturday,Weekend
75209,SPJ - JYG DE,SAMASTIPUR JN.,JAYNAGAR,Tuesday,Weekday
75210,JYG-SPJ DEMU,JAYNAGAR,SAMASTIPUR JN.,Tuesday,Weekday
75211,SPJ-SEE DEMU,SAMASTIPUR JN.,SONPUR JN.,Wednesday,Weekday
75212,SEE - SPJ DE,SONPUR JN.,SAMASTIPUR JN.,Saturday,Weekend
75213,RXL-SGL DEMU,RAXAUL JN.,SAGAULI JN.,Thursday,Weekday
75214,SGL-RXL DEMU,SAGAULI JN.,RAXAUL JN.,Tuesday,Weekday
75221,SEE-CPR DEMU,SONPUR JN.,CHHAPRA JN.,Monday,Weekday
75222,CPR-SEE DEMU,CHHAPRA JN.,SONPUR JN.,Sunday,Weekend
75225,SPJ-RXL DEMU,SAMASTIPUR JN.,RAXAUL JN.,Sunday,Weekend
75226,RXL-SPJ DEMU,RAXAUL JN.,SAMASTIPUR JN.,Thursday,Weekday
75227,SPJ-RXL-DEMU,SAMASTIPUR JN.,RAXAUL JN.,Thursday,Weekday
75228,RXL-DBG DEMU,RAXAUL JN.,DARBHANGA JN.,Friday,Weekday
75229,DBG-RXL DEMU,DARBHANGA JN.,RAXAUL JN.,Thursday,Weekday
75230,RXL-SPJ DEMU,RAXAUL JN.,SAMASTIPUR JN.,Saturday,Weekend
75231,MFP-SGL-RXL,MUZAFFARPUR JN.,RAXAUL JN.,Wednesday,Weekday
75232,RXL-SGL-MFP,RAXAUL JN.,MUZAFFARPUR JN.,Saturday,Weekend
75233,RXL-SMI DEMU,RAXAUL JN.,SITAMARHI,Thursday,Weekday
75234,SMI-RXL DEMU,SITAMARHI,RAXAUL JN.,Tuesday,Weekday
75235,RXL-NKE DEMU,RAXAUL JN.,NARKATIAGANJ JN.,Sunday,Weekend
75236,NKE-RXL DEMU,NARKATIAGANJ JN.,RAXAUL JN.,Sunday,Weekend
75237,MFP-NKE DEMU,MUZAFFARPUR JN.,NARKATIAGANJ JN.,Saturday,Weekend
75238,NKE-MFP DEMU,NARKATIAGANJ JN.,MUZAFFARPUR JN.,Saturday,Weekend
75253,SPJ - DBG DE,SAMASTIPUR JN.,DARBHANGA JN.,Thursday,Weekday
75254,DBG - SPJ DE,DARBHANGA JN.,SAMASTIPUR JN.,Sunday,Weekend
75255,DBG - MFP DE,DARBHANGA JN.,MUZAFFARPUR JN.,Wednesday,Weekday
75256,MFP-DBG DEMU,MUZAFFARPUR JN.,DARBHANGA JN.,Thursday,Weekday
75271,ARA-SSM DEMU,ARA,SASARAM,Thursday,Weekday
75272,SSM-ARA DEMU,SASARAM,ARA,Friday,Weekday
75273,ARA-SSM DEMU,ARA,SASARAM,Wednesday,Weekday
75274,SSM-ARA DEMU,SASARAM,ARA,Thursday,Weekday
75279,DBG - BIRL D,DARBHANGA JN.,BIRAUL,Monday,Weekday
75280,BIRL - DBG D,BIRAUL,DARBHANGA JN.,Saturday,Weekend
75707,RDP - SGUJ D,RADHIKAPUR,SILIGURI JN.,Friday,Weekday
75708,SGUJ - RDP D,SILIGURI JN.,RADHIKAPUR,Tuesday,Weekday
75713,SGUJ - NCB D,SILIGURI JN.,NEW COOCH BEHAR,Friday,Weekday
75714,NCB - SGUJ D,NEW COOCH BEHAR,SILIGURI JN.,Sunday,Weekend
75715,SGUJ - DHH P,SILIGURI JN.,DINHATA,Friday,Weekday
75716,DHH - SGUJ P,DINHATA,SILIGURI JN.,Wednesday,Weekday
75717,SGUJ - BXT D,SILIGURI JN.,BAMANHAT,Sunday,Weekend
75718,BXT - SGUJ D,BAMANHAT,SILIGURI JN.,Thursday,Weekday
75719,MLFC - SGUJ,MALDA COURT,SILIGURI JN.,Wednesday,Weekday
75720,SGUJ- MLFC D,SILIGURI JN.,MALDA COURT,Thursday,Weekday
75721,SGUJ-HDB PAS,SILIGURI JN.,HALDIBARI,Tuesday,Weekday
75722,HDB-SGUJ PAS,HALDIBARI,SILIGURI JN.,Sunday,Weekend
75723,NBQ - GHY DE,NEW BONGAIGAON JN.,GUWAHATI,Tuesday,Weekday
75724,GHY - NBQ DE,GUWAHATI,NEW BONGAIGAON JN.,Sunday,Weekend
75727,GHY - HBN DE,GUWAHATI,HAIBARGAON,Wednesday,Weekday
75728,HBN - GHY DE,HAIBARGAON,GUWAHATI,Tuesday,Weekday
75729,GHY - SHTT D,GUWAHATI,SILGHAT TOWN,Monday,Weekday
75730,SHTT - GHY D,SILGHAT TOWN,GUWAHATI,Saturday,Weekend
75733,TNPR - KIR D,TEZNARAYANPUR,KATIHAR JN.,Saturday,Weekend
75734,KIR - TNPR D,KATIHAR JN.,TEZNARAYANPUR,Thursday,Weekday
75735,TNPR - KIR D,TEZNARAYANPUR,KATIHAR JN.,Thursday,Weekday
75736,KIR - TNPR D,KATIHAR JN.,TEZNARAYANPUR,Thursday,Weekday
75737,TNPR - KIR D,TEZNARAYANPUR,KATIHAR JN.,Saturday,Weekend
75738,KIR - TNPR D,KATIHAR JN.,TEZNARAYANPUR,Monday,Weekday
75739,TNPR - KIR P,TEZNARAYANPUR,KATIHAR JN.,Sunday,Weekend
75740,KIR - TNPR D,KATIHAR JN.,TEZNARAYANPUR,Monday,Weekday
75743,KIR - SGUJ D,KATIHAR JN.,SILIGURI JN.,Sunday,Weekend
75744,SGUJ - KIR D,SILIGURI JN.,KATIHAR JN.,Sunday,Weekend
75745,KIR - JBN DE,KATIHAR JN.,JOGBANI,Monday,Weekday
75746,JBN - KIR DE,JOGBANI,KATIHAR JN.,Wednesday,Weekday
75747,KIR - BOE DE,KATIHAR JN.,BARSOI JN.,Friday,Weekday
75748,BOE - KIR DE,BARSOI JN.,KATIHAR JN.,Thursday,Weekday
75749,KIR - TETA D,KATIHAR JN.,TELTA,Saturday,Weekend
75750,TETA - KIR D,TELTA,KATIHAR JN.,Thursday,Weekday
75901,TSK - LEDO P,TINSUKIA JN.,LEDO,Wednesday,Weekday
75902,LEDO - DBRT,LEDO,DIBRUGARH TOWN,Friday,Weekday
75903,DBRT - LLO P,DIBRUGARH TOWN,LEDO,Wednesday,Weekday
75904,LEDO - TSK D,LEDO,TINSUKIA JN.,Sunday,Weekend
75905,TSK - DBRT D,TINSUKIA JN.,DIBRUGARH TOWN,Tuesday,Weekday
75906,DBRT - LEDO,DIBRUGARH TOWN,LEDO,Saturday,Weekend
75907,LEDO - DBRT,LEDO,DIBRUGARH TOWN,Wednesday,Weekday
75908,DBRT - TSK P,DIBRUGARH TOWN,TINSUKIA JN.,Thursday,Weekday
75911,TSK - DNGI D,TINSUKIA JN.,DANGARI,Tuesday,Weekday
75912,DNGI - TSK D,DANGARI,TINSUKIA JN.,Thursday,Weekday
76501,BWT-KQZ DEMU,BANGARPET JN.,KOLAR,Monday,Weekday
76502,KQZ - BNC PA,KOLAR,BANGARPET JN.,Saturday,Weekend
76503,BWT-KQZ RBUS,BANGARPET JN.,KOLAR,Friday,Weekday
76504,KQZ-BWT DEMU,KOLAR,BANGARPET JN.,Thursday,Weekday
76505,BNC-KQZ PASS,BANGALORE CANTT.,KOLAR,Saturday,Weekend
76506,KQZ-BNC PASS,KOLAR,BANGALORE CANTT.,Tuesday,Weekday
76507,BNC-BWT DEMU,BANGALORE CANTT.,BANGARPET JN.,Saturday,Weekend
76508,BWT-BNC DEMU,BANGARPET JN.,KRANTIVIRA SANGOLLI RAYANNA (BENGALURU STATION),Thursday,Weekday
76523,YPR-HSRA DEM,YESVANTPUR JN.,HOSUR,Sunday,Weekend
76524,HSRA-YPR DEM,HOSUR,YESVANTPUR JN.,Sunday,Weekend
76525,CPT-KQZ DEMU,CHANNA PATNA,KOLAR,Thursday,Weekday
76526,KQZ-CPT DEMU,KOLAR,CHANNA PATNA,Monday,Weekday
76551,SBC-KQZ PASS,KRANTIVIRA SANGOLLI RAYANNA (BENGALURU STATION),KOLAR,Tuesday,Weekday
76552,KQZ-SBC PASS,KOLAR,KRANTIVIRA SANGOLLI RAYANNA (BENGALURU STATION),Monday,Weekday
76553,SBC-DPJ PASS,KRANTIVIRA SANGOLLI RAYANNA (BENGALURU STATION),DHARMAPURI,Sunday,Weekend
76554,DPJ-SBC PASS,DHARMAPURI,KRANTIVIRA SANGOLLI RAYANNA (BENGALURU STATION),Friday,Weekday
76800,TPJ-LLI  DMU,TIRUCHIRAPPALLI JN.,LALGUDI,Friday,Weekday
76803,LLI-TPJ  DMU,LALGUDI,TIRUCHIRAPPALLI JN.,Monday,Weekday
76804,TPJ-LLI DMU,TIRUCHIRAPPALLI JN.,LALGUDI,Sunday,Weekend
76805,MQ-TPJ PASSR,MANNARGUDI,TIRUCHIRAPPALLI JN.,Tuesday,Weekday
76806,TPJ-MQ PASSR,TIRUCHIRAPPALLI JN.,MANNARGUDI,Tuesday,Weekday
76807,TPJ-MNM PASS,TIRUCHIRAPPALLI JN.,MANAMADURAI,Saturday,Weekend
76808,MNM-TPJ PASS,MANAMADURAI,TIRUCHIRAPPALLI JN.,Sunday,Weekend
76812,TJ-KIK-DEMU,THANJAVUR JN.,KARAIKAL,Sunday,Weekend
76813,KIK-VLNK PAS,KARAIKAL,VELANKANNI,Wednesday,Weekday
76814,VLNK-NGT PAS,VELANKANNI,NAGAPPATTINAM,Monday,Weekday
76815,KIK-TJ PASSR,KARAIKAL,THANJAVUR JN.,Friday,Weekday
76817,NGT-VLKN PAS,NAGAPPATTINAM,VELANKANNI,Sunday,Weekend
76818,VLKN-KIK PAS,VELANKANNI,KARAIKAL,Saturday,Weekend
76820,TPJ-TJ DEMU,TIRUCHIRAPPALLI JN.,THANJAVUR JN.,Friday,Weekday
76821,TJ-TPJ DEMU,THANJAVUR JN.,TIRUCHIRAPPALLI JN.,Friday,Weekday
76822,TPJ-TJ DEMU,TIRUCHIRAPPALLI JN.,THANJAVUR JN.,Tuesday,Weekday
76823,TJ-TPJ DEMU,THANJAVUR JN.,TIRUCHIRAPPALLI JN.,Monday,Weekday
76824,TPJ TJ DEMU,TIRUCHIRAPPALLI JN.,THANJAVUR JN.,Saturday,Weekend
76825,MV-TJ,MAYILADUTURAI JN.,THANJAVUR JN.,Tuesday,Weekday
76826,TJ-MV PASS,THANJAVUR JN.,MAYILADUTURAI JN.,Friday,Weekday
76827,TJ TPJ  DEMU,THANJAVUR JN.,TIRUCHIRAPPALLI JN.,Wednesday,Weekday
76828,TPJ-TJ DEMU,TIRUCHIRAPPALLI JN.,THANJAVUR JN.,Tuesday,Weekday
76829,TJ-TPJ DEMU,THANJAVUR JN.,TIRUCHIRAPPALLI JN.,Monday,Weekday
76830,KKDI-TPJ DMU,KARAIKKUDI,TIRUCHIRAPPALLI JN.,Saturday,Weekend
76831,TPJ-KKDI DMU,TIRUCHIRAPPALLI JN.,KARAIKKUDI,Sunday,Weekend
76833,TPJ KRR PASS,TIRUCHIRAPPALLI JN.,KARUR JN.,Saturday,Weekend
76834,KRR TPJ PASS,KARUR JN.,TIRUCHIRAPPALLI JN.,Sunday,Weekend
76835,TPJ KRR DMU,TIRUCHIRAPPALLI JN.,KARUR JN.,Thursday,Weekday
76836,KRR TPJ PASS,KARUR JN.,TIRUCHIRAPPALLI JN.,Tuesday,Weekday
76837,KKDI-VPT PAS,KARAIKKUDI,VIRUDUNAGAR JN,Sunday,Weekend
76838,VPT-KKDI PAS,VIRUDUNAGAR JN,KARAIKKUDI,Sunday,Weekend
76839,TPJ-KKDI PAS,TIRUCHIRAPPALLI JN.,KARAIKKUDI,Tuesday,Weekday
76840,KKDI-TPJ PAS,KARAIKKUDI,TIRUCHIRAPPALLI JN.,Thursday,Weekday
76841,CUPJ-TPJ PAS,CUDDALORE PORT JN.,TIRUCHIRAPPALLI JN.,Sunday,Weekend
76842,TPJ-CUPJ PAS,TIRUCHIRAPPALLI JN.,CUDDALORE PORT JN.,Monday,Weekday
76845,VRI-TPJ PASS,VRIDHA CHALAM JN.,TIRUCHIRAPPALLI JN.,Wednesday,Weekday
76846,TPJ-VRI PASS,TIRUCHIRAPPALLI JN.,VRIDHA CHALAM JN.,Saturday,Weekend
76847,VRI-SA PASSR,VRIDHA CHALAM JN.,SALEM JN.,Friday,Weekday
76848,SA-VRI PASSR,SALEM JN.,VRIDHA CHALAM JN.,Thursday,Weekday
76849,VRI-SA PASSR,VRIDHA CHALAM JN.,SALEM JN.,Wednesday,Weekday
76850,SA-VRI PASSR,SALEM JN.,VRIDHA CHALAM JN.,Wednesday,Weekday
76851,KIK- TPJ PAS,KARAIKAL,TIRUCHIRAPPALLI JN.,Friday,Weekday
76852,TPJ-KIK PASS,TIRUCHIRAPPALLI JN.,KARAIKAL,Sunday,Weekend
76853,NCR-TPJ PASS,NAGORE,TIRUCHIRAPPALLI JN.,Friday,Weekday
76854,TPJ-NCR PASS,TIRUCHIRAPPALLI JN.,NAGORE,Tuesday,Weekday
77201,PASS,VIJAYWADA JN.,GUDIVADA JN.,Thursday,Weekday
77202,PASS,GUDIVADA JN.,NARASAPUR,Thursday,Weekday
77203,PASS,NARASAPUR,GUDIVADA JN.,Thursday,Weekday
77204,PASS,GUDIVADA JN.,NARASAPUR,Wednesday,Weekday
77205,PASS,NARASAPUR,BHIMAVARAM TOWN,Saturday,Weekend
77206,PASS,BHIMAVARAM JN.,VIJAYWADA JN.,Sunday,Weekend
77207,PASS,VIJAYWADA JN.,MACHILIPATNAM,Thursday,Weekday
77208,PASS,MACHILIPATNAM,VIJAYWADA JN.,Friday,Weekday
77209,PASS,GUDIVADA JN.,MACHILIPATNAM,Thursday,Weekday
77211,PASS,GUDIVADA JN.,MACHILIPATNAM,Tuesday,Weekday
77212,PASS,MACHILIPATNAM,VIJAYWADA JN.,Tuesday,Weekday
77213,PASS,VIJAYWADA JN.,GUDIVADA JN.,Thursday,Weekday
77214,PASS,GUDIVADA JN.,VIJAYWADA JN.,Sunday,Weekend
77215,PASS,VIJAYWADA JN.,MACHILIPATNAM,Monday,Weekday
77216,PASS,MACHILIPATNAM,GUDIVADA JN.,Thursday,Weekday
77218,PASS,MACHILIPATNAM,VIJAYWADA JN.,Wednesday,Weekday
77219,PASS,GUDIVADA JN.,MACHILIPATNAM,Wednesday,Weekday
77220,PASS,MACHILIPATNAM,GUDIVADA JN.,Wednesday,Weekday
77221,PASS,VIJAYWADA JN.,GUNTUR JN.,Friday,Weekday
77222,PASS,GUNTUR JN.,REPALLE,Tuesday,Weekday
77223,PASS,REPALLE,GUNTUR JN.,Wednesday,Weekday
77224,PASS,GUNTUR JN.,REPALLE,Monday,Weekday
77225,PASS,REPALLE,TENALI JN.,Thursday,Weekday
77226,PASS,TENALI JN.,REPALLE,Thursday,Weekday
77227,PASS,REPALLE,TENALI JN.,Monday,Weekday
77228,PASS,TENALI JN.,REPALLE,Monday,Weekday
77229,PASS,REPALLE,GUNTUR JN.,Saturday,Weekend
77230,PASS,GUNTUR JN.,VIJAYWADA JN.,Thursday,Weekday
77231,PASS,VIJAYWADA JN.,BHIMAVARAM JN.,Saturday,Weekend
77232,PASS,BHIMAVARAM JN.,GUDIVADA JN.,Friday,Weekday
77233,PASS,BHIMAVARAM JN.,NARASAPUR,Saturday,Weekend
77234,PASS,MACHILIPATNAM,GUDIVADA JN.,Monday,Weekday
77235,PASS,GUDIVADA JN.,MACHILIPATNAM,Wednesday,Weekday
77237,PASS,BHIMAVARAM JN.,RAJAHMUNDRY,Thursday,Weekday
77238,PASS,RAJAHMUNDRY,BHIMAVARAM JN.,Thursday,Weekday
77239,PASS,BHIMAVARAM JN.,NIDADAVOLU JN.,Monday,Weekday
77240,PASS,NIDADAVOLU JN.,BHIMAVARAM JN.,Sunday,Weekend
77241,PASS,NARASAPUR,RAJAHMUNDRY,Monday,Weekday
77242,PASS,RAJAHMUNDRY,BHIMAVARAM JN.,Saturday,Weekend
77243,PASS,BHIMAVARAM TOWN,NIDADAVOLU JN.,Friday,Weekday
77244,PASS,NIDADAVOLU JN.,BHIMAVARAM JN.,Friday,Weekday
77245,TEL PASS,GUNTUR JN.,TENALI JN.,Saturday,Weekend
77246,RAL PASS,TENALI JN.,REPALLE,Thursday,Weekday
77247,PASS,REPALLE,TENALI JN.,Friday,Weekday
77248,RAL PASS,TENALI JN.,MARKAPUR ROAD,Sunday,Weekend
77249,MRK GNT PASS,MARKAPUR ROAD,GUNTUR JN.,Sunday,Weekend
77250,PASS,GUNTUR JN.,TENALI JN.,Saturday,Weekend
77251,PASS,PEDDAPALLI,MAHBUBABAD,Saturday,Weekend
77252,PASS,MAHBUBABAD,PEDDAPALLI,Sunday,Weekend
77253,PASS,MAHBUBABAD,VIJAYWADA JN.,Wednesday,Weekday
77254,PASS,VIJAYWADA JN.,MAHBUBABAD,Wednesday,Weekday
77255,PASS,KARIM NAGAR,SIRPUR TOWN,Thursday,Weekday
77256,PASS,SIRPUR TOWN,KARIM NAGAR,Monday,Weekday
77257,PASS,JAGITYAL,PEDDAPALLI,Wednesday,Weekday
77258,PASS,PEDDAPALLI,JAGITYAL,Sunday,Weekend
77259,NZB-KRMR DEM,NIZAMABAD,KARIM NAGAR,Monday,Weekday
77260,KRMR-MRTD PA,KARIM NAGAR,NIZAMABAD,Friday,Weekday
77261,BZA-MTM PASS,VIJAYWADA JN.,MACHILIPATNAM,Monday,Weekday
77262,PASS,MACHILIPATNAM,VIJAYWADA JN.,Friday,Weekday
77263,PASS DMU,VIJAYWADA JN.,GUDIVADA JN.,Friday,Weekday
77264,NS PASS,GUDIVADA JN.,NARASAPUR,Sunday,Weekend
77265,NDD PASS,NARASAPUR,NIDADAVOLU JN.,Thursday,Weekday
77266,BVRM PASS,NIDADAVOLU JN.,BHIMAVARAM JN.,Sunday,Weekend
77267,GDV PASS,BHIMAVARAM JN.,GUDIVADA JN.,Wednesday,Weekday
77268,PASS,GUDIVADA JN.,VIJAYWADA JN.,Wednesday,Weekday
77269,PASS,VIJAYWADA JN.,MACHILIPATNAM,Sunday,Weekend
77270,PASS,MACHILIPATNAM,VIJAYWADA JN.,Friday,Weekday
77271,RAIL CAR,KAKINADA TOWN,KOTIPALLI,Tuesday,Weekday
77272,RAIL CAR 2,KOTIPALLI,KAKINADA TOWN,Friday,Weekday
77273,KRMR-LJPL,JAGITYAL,KARIM NAGAR,Friday,Weekday
77274,KRML-LJPL,KARIM NAGAR,JAGITYAL,Wednesday,Weekday
77281,BZA-TEL,VIJAYWADA JN.,TENALI JN.,Sunday,Weekend
77282,TEL-GNT,TENALI JN.,GUNTUR JN.,Monday,Weekday
77283,GNT-BZA,GUNTUR JN.,VIJAYWADA JN.,Saturday,Weekend
77284,BZA-GNT,VIJAYWADA JN.,GUNTUR JN.,Wednesday,Weekday
77285,GNT-TEL,GUNTUR JN.,TENALI JN.,Monday,Weekday
77286,TEL-BZA,TENALI JN.,VIJAYWADA JN.,Tuesday,Weekday
77287,BZA-TEL,VIJAYWADA JN.,TENALI JN.,Sunday,Weekend
77288,TEL-GNT,TENALI JN.,GUNTUR JN.,Thursday,Weekday
77289,GNT-BZA,GUNTUR JN.,VIJAYWADA JN.,Saturday,Weekend
77290,PASS,TENALI JN.,GUNTUR JN.,Tuesday,Weekday
77291,BZA PASS,BHADRACHALAM ROAD,VIJAYWADA JN.,Monday,Weekday
77292,BZA-BDCR PAS,VIJAYWADA JN.,BHADRACHALAM ROAD,Monday,Weekday
77293,RJY PASS,BHIMAVARAM JN.,RAJAHMUNDRY,Saturday,Weekend
77294,NS PASS,RAJAHMUNDRY,NARASAPUR,Tuesday,Weekday
77295,GNT PASS,NARASAPUR,GUNTUR JN.,Friday,Weekday
77297,MCLA PASS,GUNTUR JN.,MACHERLA,Sunday,Weekend
77298,BVRM PASS,MACHERLA,BHIMAVARAM JN.,Tuesday,Weekday
77401,NDL-HX DEMU,NANDYAL,CUDDAPAH,Thursday,Weekday
77402,HX-NDL DEMU,CUDDAPAH,NANDYAL,Sunday,Weekend
77403,NDL-HX DEMU,NANDYAL,CUDDAPAH,Sunday,Weekend
77404,HX-NDL DEMU,CUDDAPAH,NANDYAL,Sunday,Weekend
77405,HX-PDMI,CUDDAPAH,PENDLIMARRI,Saturday,Weekend
77406,PDMI-HX,PENDLIMARRI,CUDDAPAH,Friday,Weekday
77414,KRNT PASS,GUNTAKAL JN.,KURNOOL TOWN,Sunday,Weekend
77415,GTL PASS,KURNOOL TOWN,GUNTAKAL JN.,Thursday,Weekday
77416,BAY PASS,GUNTAKAL JN.,BELLARY JN.,Saturday,Weekend
77417,GTL PASS,BELLARY JN.,GUNTAKAL JN.,Wednesday,Weekday
77418,HUP PASS,GUNTAKAL JN.,HINDUPUR,Saturday,Weekend
77419,HUP GTL PASS,HINDUPUR,GUNTAKAL JN.,Wednesday,Weekday
77601,SC-MED DEMU,SECUNDERABAD JN.,MEDCHAL,Wednesday,Weekday
77602,MED-FM DEMU,MEDCHAL,FALAKNUMA,Friday,Weekday
77603,SC-MOB DEMU,SECUNDERABAD JN.,MANOHARABAD,Saturday,Weekend
77604,BMO-FM DEMU,BOLARUM,FALAKNUMA,Tuesday,Weekday
77605,FM-BMO DEMU,FALAKNUMA,BOLARUM,Tuesday,Weekday
77606,MOB-SC DEMU,MANOHARABAD,SECUNDERABAD JN.,Wednesday,Weekday
77607,SC-MED DEMU,SECUNDERABAD JN.,MEDCHAL,Saturday,Weekend
77608,MED-SC DEMU,MEDCHAL,SECUNDERABAD JN.,Tuesday,Weekday
77609,FM-MOB DEMU,FALAKNUMA,MANOHARABAD,Sunday,Weekend
77610,MOB-SC DEMU,MANOHARABAD,SECUNDERABAD JN.,Sunday,Weekend
77611,SC-BMO DEMU,SECUNDERABAD JN.,BOLARUM,Wednesday,Weekday
77612,BMO-SC DEMU,BOLARUM,SECUNDERABAD JN.,Sunday,Weekend
77613,SC-MOB DEMU,SECUNDERABAD JN.,MANOHARABAD,Sunday,Weekend
77614,MOB-SC DEMU,MANOHARABAD,SECUNDERABAD JN.,Wednesday,Weekday
77615,SC-MED DEMU,SECUNDERABAD JN.,MEDCHAL,Sunday,Weekend
77616,MED-SC DEMU,MEDCHAL,SECUNDERABAD JN.,Friday,Weekday
77617,SC-MOB DEMU,SECUNDERABAD JN.,MANOHARABAD,Monday,Weekday
77618,BMO-FM DEMU,MANOHARABAD,SECUNDERABAD JN.,Thursday,Weekday
77619,SC-MED DEMU,SECUNDERABAD JN.,MEDCHAL,Thursday,Weekday
77622,MBNR-JKAR,MAHBUBNAGAR,JAKLAIR,Wednesday,Weekday
77623,JKAR-MBNR,JAKLAIR,MAHBUBNAGAR,Thursday,Weekday
77630,SC-UR DEMU,SECUNDERABAD JN.,UMDANAGAR,Friday,Weekday
77631,FM-UR DEMU,FALAKNUMA,UMDANAGAR,Tuesday,Weekday
77632,FM-UR DEMU,FALAKNUMA,UMDANAGAR,Friday,Weekday
77633,FM-UR DEMU,FALAKNUMA,UMDANAGAR,Tuesday,Weekday
77634,FM-UR DEMU,FALAKNUMA,UMDANAGAR,Tuesday,Weekday
77635,FM-UR DEMU,FALAKNUMA,UMDANAGAR,Tuesday,Weekday
77638,FM-UR DEMU,FALAKNUMA,UMDANAGAR,Monday,Weekday
77640,UR-FM DEMU,UMDANAGAR,FALAKNUMA,Friday,Weekday
77641,UR-FM DEMU,UMDANAGAR,FALAKNUMA,Sunday,Weekend
77642,UR-FM DEMU,UMDANAGAR,FALAKNUMA,Friday,Weekday
77643,UR-FM DEMU,UMDANAGAR,FALAKNUMA,Saturday,Weekend
77645,UR-SC DEMU,UMDANAGAR,SECUNDERABAD JN.,Friday,Weekday
77647,UR-FM DEMU,UMDANAGAR,FALAKNUMA,Saturday,Weekend
77649,UR-SC DEMU,UMDANAGAR,SECUNDERABAD JN.,Thursday,Weekday
77651,BIDR-GRDEMU,BIDAR,GULBARGA,Monday,Weekday
77652,GR-BIDR DEMU,GULBARGA,BIDAR,Friday,Weekday
77653,BIDR-HMBD DE,BIDAR,HUMNABAD,Sunday,Weekend
77654,HMBD-BIDR DE,HUMNABAD,BIDAR,Monday,Weekday
77655,BIDAR-GR DEM,BIDAR,GULBARGA,Saturday,Weekend
77656,GR-BIDR DEMU,GULBARGA,BIDAR,Wednesday,Weekday
77657,J-SNSI,JALNA,SAI NAGAR SHIRDI,Saturday,Weekend
77658,SNSI-J,SAI NAGAR SHIRDI,JALNA,Saturday,Weekend
77671,KCG-MBNR DEM,KACHEGUDA,MAHBUBNAGAR,Saturday,Weekend
77672,MBNR-KCG DEM,MAHBUBNAGAR,KACHEGUDA,Friday,Weekday
77673,MRGA-KCG DEM,MIRYALAGUDA,KACHEGUDA,Friday,Weekday
77674,KCG-MRGA DEM,KACHEGUDA,MIRYALAGUDA,Saturday,Weekend
77675,KCG-MRGA DEM,KACHEGUDA,MIRYALAGUDA,Thursday,Weekday
77676,MRGA-PGRL PA,MIRYALAGUDA,PIDUGURALLA,Wednesday,Weekday
77677,PGRL-MRGA PA,PIDUGURALLA,MIRYALAGUDA,Thursday,Weekday
77678,MRGA-KCG DEM,MIRYALAGUDA,KACHEGUDA,Sunday,Weekend
77679,FM-MED DEMU,FALAKNUMA,MEDCHAL,Saturday,Weekend
77680,MED-FM DEMU,MEDCHAL,FALAKNUMA,Monday,Weekday
77681,FM-MED DEMU,FALAKNUMA,MEDCHAL,Friday,Weekday
77682,MED-FM DEMU,MEDCHAL,FALAKNUMA,Tuesday,Weekday
77683,JALNA-NAGARS,JALNA,NAGARSOL,Monday,Weekday
77684,NAGARSOL-JAL,NAGARSOL,JALNA,Sunday,Weekend
77689,GWD-RC DEMU,GADWAL,RAICHUR,Sunday,Weekend
77690,RC-GWD DEMU,RAICHUR,GADWAL,Sunday,Weekend
77691,JALNA-NAGARS,JALNA,NAGARSOL,Friday,Weekday
77693,KCG-RC PASS,KACHEGUDA,RAICHUR,Wednesday,Weekday
77694,RC-KCG DEMU,RAICHUR,KACHEGUDA,Saturday,Weekend
77695,NDL-KRNT DEM,NANDYAL,KURNOOL TOWN,Tuesday,Weekday
77696,KRNT-NDL,KURNOOL TOWN,NANDYAL,Wednesday,Weekday
78009,ROP-VZR DEMU,RUPSA JN.,BHANJPUR,Wednesday,Weekday
78010,VZR-ROP DEMU,BHANJPUR,RUPSA JN.,Sunday,Weekend
78011,ROP VZR DEMU,RUPSA JN.,BHANJPUR,Wednesday,Weekday
78012,VZR-ROP-BLS,BHANJPUR,BALASORE,Thursday,Weekday
78013,BLS-ROP-BPO,BALASORE,BARIPADA PH,Tuesday,Weekday
78014,BGY- BPO PAS,BANGRIPOSI,BARIPADA PH,Saturday,Weekend
78015,BPO-BGY PASS,BARIPADA PH,BANGRIPOSI,Saturday,Weekend
78016,BPO-BLS DEMU,BARIPADA PH,BALASORE,Thursday,Weekday
78017,BLS-ROP-BPO,BALASORE,BARIPADA PH,Saturday,Weekend
78018,BPO BLS LOCA,BANGRIPOSI,BARIPADA PH,Sunday,Weekend
78019,BPO  BGY LOC,BARIPADA PH,BANGRIPOSI,Monday,Weekday
78020,BGY BPO LOCA,BARIPADA PH,RUPSA JN.,Wednesday,Weekday
78031,TATA BMPR PA,TATANAGAR JN,BADAMPAHAR,Wednesday,Weekday
78032,BMPR TATA PA,BADAMPAHAR,TATANAGAR JN,Sunday,Weekend
78033,TATA - GUA P,TATANAGAR JN,GUA,Sunday,Weekend
78034,GUA- TATA PA,GUA,TATANAGAR JN,Tuesday,Weekday
78051,MSAE-BQA DEM,GRAM MASAGRAM,BANKURA,Monday,Weekday
78052,BQA MSAE  DE,BANKURA,GRAM MASAGRAM,Monday,Weekday
78053,MSAE- BQA PA,GRAM MASAGRAM,BANKURA,Tuesday,Weekday
78054,BQA MEAE DEM,BANKURA,GRAM MASAGRAM,Sunday,Weekend
78055,MSAE BQA DEM,GRAM MASAGRAM,BANKURA,Sunday,Weekend
78056,BQA - MSAE L,BANKURA,GRAM MASAGRAM,Saturday,Weekend
78057,SONA - BQA P,SONAMUKHI PH,BANKURA,Thursday,Weekday
78058,BQA SONA DEM,BANKURA,SONAMUKHI PH,Friday,Weekday
78059,MSAE- BQA LO,GRAM MASAGRAM,BANKURA,Monday,Weekday
78060,BQA-MSAE DEM,BANKURA,GRAM MASAGRAM,Friday,Weekday
78061,MSAE- BQA PA,GRAM MASAGRAM,BANKURA,Wednesday,Weekday
78101,CKP-ROU SARA,CHAKARADHARPUR,ROURKELA,Thursday,Weekday
78102,ROU-CKP SARA,ROURKELA,CHAKARADHARPUR,Wednesday,Weekday
78103,ROU-SBP  PAS,ROURKELA,SAMBALPUR JN.,Friday,Weekday
78104,SBP-ROU PASS,SAMBALPUR JN.,ROURKELA,Saturday,Weekend
78502,BBS-CTC  PAS,BHUBANESWAR,CUTTACK JN.,Friday,Weekday
78503,BBS-BAM PASS,BHUBANESWAR,BERHAMPUR,Thursday,Weekday
78504,BAM-BBS PASS,BERHAMPUR,BHUBANESWAR,Friday,Weekday
78505,BAM-PSA PASS,BERHAMPUR,PALASA,Sunday,Weekend
78511,VBL-SALR RAI,BOBBILI JN.,SALUR,Tuesday,Weekday
78512,SALR-VBL RAI,SALUR,BOBBILI JN.,Tuesday,Weekday
78513,VBL-SALR RAI,BOBBILI JN.,SALUR,Thursday,Weekday
78514,SALR-VBL RAI,SALUR,BOBBILI JN.,Thursday,Weekday
78515,VBL-SALR RAI,BOBBILI JN.,SALUR,Tuesday,Weekday
78516,SALR-VBL RAI,SALUR,BOBBILI JN.,Wednesday,Weekday
78517,VBL-SALR RAI,BOBBILI JN.,SALUR,Friday,Weekday
78518,SALR-VBL RAI,SALUR,BOBBILI JN.,Saturday,Weekend
78519,VBL-SALR RAI,BOBBILI JN.,SALUR,Tuesday,Weekday
78520,SALR-VBL RAI,SALUR,BOBBILI JN.,Tuesday,Weekday
78531,VZM-VSKP PAS,VIZIANAGARAM JN.,VISAKHAPATNAM,Sunday,Weekend
78534,VZM-PSA PASS,VIZIANAGARAM JN.,PALASA,Saturday,Weekend
78801,GONDIA-KATAN,GONDIA JN.,KATANGI,Saturday,Weekend
78802,KATANGI-GOND,KATANGI,GONDIA JN.,Wednesday,Weekday
78803,GONDIA - KAT,GONDIA JN.,KATANGI,Thursday,Weekday
78804,KATANGI- GON,KATANGI,GONDIA JN.,Saturday,Weekend
78805,GONDIA-KATAN,GONDIA JN.,KATANGI,Friday,Weekday
78806,KATANGI-GOND,KATANGI,GONDIA JN.,Monday,Weekday
78807,GONDIA- WARA,GONDIA JN.,WARASEONI,Wednesday,Weekday
78808,WARASEONI- G,WARASEONI,GONDIA JN.,Sunday,Weekend
78809,GONDIA- KATA,GONDIA JN.,KATANGI,Saturday,Weekend
78810,KATANGI- GON,KATANGI,GONDIA JN.,Saturday,Weekend
78811,TMR-TRDI DEM,TUMSAR RD,TIRODI,Saturday,Weekend
78812,TRDI-TMR DEM,TIRODI,TUMSAR RD,Sunday,Weekend
78813,TMR-TRDI DEM,TUMSAR RD,TIRODI,Tuesday,Weekday
78814,TRD-TMR DEMU,TIRODI,TUMSAR RD,Wednesday,Weekday
78815,R-DRZ-GUDM D,RAIPUR JN.,GUDUM,Sunday,Weekend
78816,DRZ - R DEMU,DALLI-RAJHARA,RAIPUR JN.,Sunday,Weekend
78817,DURG-DRZ DEM,DURG,DALLI-RAJHARA,Saturday,Weekend
78818,GUDM-DRZ-DUR,GUDUM,DURG,Wednesday,Weekday
78819,BPQ-G DEMU,BALHARSHAH,GONDIA JN.,Sunday,Weekend
78820,G- BPQ DEMU,GONDIA JN.,BALHARSHAH,Sunday,Weekend
78821,GONDIA-KATAN,GONDIA JN.,KATANGI,Tuesday,Weekday
78822,KATANGI-GOND,KATANGI,GONDIA JN.,Saturday,Weekend
78824,DURG-DRZ DEM,DURG,DALLI-RAJHARA,Thursday,Weekday
78825,DRZ-DURG DMU,DALLI-RAJHARA,DURG,Saturday,Weekend
78826,DRZ-DURG,DALLI-RAJHARA,DURG,Saturday,Weekend
78827,DURG-DRZ,DURG,DALLI-RAJHARA,Friday,Weekday
79301,RTM - BHL DM,RATLAM JN,BHILWARA,Friday,Weekday
79302,BHL - RTM DM,BHILWARA,RATLAM JN,Wednesday,Weekday
79303,RTM -COR- RT,RATLAM JN,CHITTAURGARH JN,Saturday,Weekend
79304,RTM - COR -,CHITTAURGARH JN,RATLAM JN,Sunday,Weekend
79305,DADN RTM DEM,MHOW,RATLAM JN,Tuesday,Weekday
79306,RTM DADN  DE,RATLAM JN,MHOW,Saturday,Weekend
79307,DADN INDB DE,MHOW,INDORE BG,Wednesday,Weekday
79308,INDB DADN DM,INDORE BG,MHOW,Wednesday,Weekday
79309,DADN RTM DEM,MHOW,RATLAM JN,Friday,Weekday
79310,RTM DADN DEM,RATLAM JN,MHOW,Friday,Weekday
79311,DADN INDB DM,MHOW,INDORE BG,Saturday,Weekend
79312,INDB DADN DE,INDORE BG,MHOW,Wednesday,Weekday
79313,DADN RTM DMU,MHOW,RATLAM JN,Saturday,Weekend
79314,RTM DADN DMU,RATLAM JN,MHOW,Monday,Weekday
79315,DAND INDB DM,MHOW,INDORE BG,Thursday,Weekday
79316,INDB DADN DE,INDORE BG,MHOW,Thursday,Weekday
79317,DADN RTM DEM,MHOW,RATLAM JN,Monday,Weekday
79318,RTM DADN DEM,RATLAM JN,MHOW,Friday,Weekday
79319,INDB MHOW DE,INDORE BG,MHOW,Sunday,Weekend
79320,MHOW INDB DE,MHOW,INDORE BG,Friday,Weekday
79321,INDB MHOW DE,INDORE BG,MHOW,Thursday,Weekday
79322,MHOW INDB DE,MHOW,INDORE BG,Wednesday,Weekday
79323,INDB MHOW DE,INDORE BG,MHOW,Sunday,Weekend
79324,MHOW INDB DM,MHOW,INDORE BG,Friday,Weekday
79325,INDB-MHOW DE,INDORE BG,MHOW,Sunday,Weekend
79326,MHOW INDB DE,MHOW,INDORE BG,Sunday,Weekend
79413,ANND - CBY D,ANAND JN.,KHAMBHAT,Friday,Weekday
79414,CBY - ANND D,KHAMBHAT,ANAND JN.,Wednesday,Weekday
79415,ANND-CBY DMU,ANAND JN.,KHAMBHAT,Wednesday,Weekday
79416,CBY-ANND DMU,KHAMBHAT,ANAND JN.,Sunday,Weekend
79417,ANND-CBY DMU,ANAND JN.,KHAMBHAT,Thursday,Weekday
79418,CBY-ANND DMU,KHAMBHAT,ANAND JN.,Friday,Weekday
79419,ANND-CBY DMU,ANAND JN.,KHAMBHAT,Thursday,Weekday
79420,CBY-ANND DMU,KHAMBHAT,ANAND JN.,Tuesday,Weekday
79421,ANND-CBY DMU,ANAND JN.,KHAMBHAT,Friday,Weekday
79422,CBY-ANND DMU,KHAMBHAT,ANAND JN.,Tuesday,Weekday
79423,ANND-CBY DMU,ANAND JN.,KHAMBHAT,Monday,Weekday
79424,CBY-ANND DMU,KHAMBHAT,ANAND JN.,Thursday,Weekday
79425,ANND-CBY DMU,ANAND JN.,KHAMBHAT,Sunday,Weekend
79426,CBY-ANND DMU,KHAMBHAT,ANAND JN.,Saturday,Weekend
79427,ANND-CBY DMU,ANAND JN.,KHAMBHAT,Saturday,Weekend
79428,CBY-ANND DMU,KHAMBHAT,ANAND JN.,Thursday,Weekday
79429,ANND-ADI DMU,ANAND JN.,AHMEDABAD,Thursday,Weekday
79430,ADI-ANND DMU,AHMEDABAD,ANAND JN.,Friday,Weekday
79431,ADI-MSH DMU,AHMEDABAD,MAHESANA JN,Saturday,Weekend
79432,MSH-ADI DMU,MAHESANA JN,AHMEDABAD,Wednesday,Weekday
79433,ADI- PTN DEM,AHMEDABAD,PATAN,Sunday,Weekend
79434,PTN - ADI DE,PATAN,AHMEDABAD,Wednesday,Weekday
79435,ADI- PTN DEM,AHMEDABAD,PATAN,Friday,Weekday
79436,PTN-ADI DEMU,PATAN,AHMEDABAD,Sunday,Weekend
79437,MSH - ABR DM,MAHESANA JN,ABU ROAD,Tuesday,Weekday
79438,ABR - MSH DM,ABU ROAD,MAHESANA JN,Tuesday,Weekday
79441,WKR-MVI,WANKANER,MORVI,Saturday,Weekend
79442,MVI - WKR,MORVI,WANKANER,Wednesday,Weekday
79443,WKR - MVI,WANKANER,MORVI,Sunday,Weekend
79444,MVI - WKR,MORVI,WANKANER,Wednesday,Weekday
79445,WKR - RJT DE,WANKANER,RAJKOT,Friday,Weekday
79446,MVI - WKR,MORVI,WANKANER,Saturday,Weekend
79447,WKR - MVI,WANKANER,MORVI,Sunday,Weekend
79448,MVI - WKR,MORVI,WANKANER,Sunday,Weekend
79449,MVI  MALB DE,MORVI,MALIYA MIYANA JN.,Friday,Weekday
79450,MALB  MVI DE,MALIYA MIYANA JN.,MORVI,Thursday,Weekday
79451,WKR - MVI,WANKANER,MORVI,Thursday,Weekday
79452,MVI - WKR,MORVI,WANKANER,Thursday,Weekday
79453,WKR - MVI,WANKANER,MORVI,Sunday,Weekend
79454,MVI - WKR,RAJKOT,WANKANER,Friday,Weekday
79455,BRC-CTD DEMU,VADODARA JN.,CHHOTA UDEPUR,Sunday,Weekend
79456,CTD - BRC DE,CHHOTA UDEPUR,VADODARA JN.,Saturday,Weekend
79457,SUNR - DHG,SURENDRANAGAR,DHRANGADHRA,Tuesday,Weekday
79458,DHG - SUNR D,DHRANGADHRA,SURENDRANAGAR,Friday,Weekday
79459,SUNR - DHG D,SURENDRANAGAR,DHRANGADHRA,Saturday,Weekend
79460,DHG - SUNR D,DHRANGADHRA,SURENDRANAGAR,Wednesday,Weekday
79481,RB 79481,VIJAPUR,ADRAJ MOTI,Wednesday,Weekday
79482,RB 79482,ADRAJ MOTI,VIJAPUR,Wednesday,Weekday
79483,RB 79483,VIJAPUR,ADRAJ MOTI,Tuesday,Weekday
79484,RB 79484,ADRAJ MOTI,VIJAPUR,Wednesday,Weekday
79485,RB 79485,VIJAPUR,AMBLIYASAN JN.,Saturday,Weekend
79486,RB 79486,AMBLIYASAN JN.,VIJAPUR,Wednesday,Weekday
79487,RB 79487,VIJAPUR,AMBLIYASAN JN.,Tuesday,Weekday
79488,RB 79488,AMBLIYASAN JN.,VIJAPUR,Saturday,Weekend
79489,RB 79489,VIJAPUR,AMBLIYASAN JN.,Thursday,Weekday
79490,RB 79490,AMBLIYASAN JN.,VIJAPUR,Wednesday,Weekday
82355,PNBE-CSMT SU,PATNA JN.,CST-MUMBAI,Monday,Weekday
82601,MS TEN SUVID,CHENNAI EGMORE,TIRUNELVELI JN,Tuesday,Weekday
82606,TEN-MS SUVD,TIRUNELVELI JN,CHENNAI EGMORE,Wednesday,Weekday
82631,MAS-ERS SUVI,CHENNAI CENTRAL,ERNAKULAM. JN,Thursday,Weekday
82635,MAS-QLN SUVI,CHENNAI CENTRAL,QUILON,Saturday,Weekend
82651,YPR-SVDK WEE,YESVANTPUR JN.,SHRI MATA VAISHNO DEVI KATRA,Thursday,Weekday
82652,SVDK-YPR WEE,SHRI MATA VAISHNO DEVI KATRA,YESVANTPUR JN.,Sunday,Weekend
82653,YPR-JP WEEKL,YESVANTPUR JN.,JAIPUR JN.,Tuesday,Weekday
82654,JP-YPR WEEKL,JAIPUR JN.,YESVANTPUR JN.,Thursday,Weekday
82665,YPR-VSG SUVI,YESVANTPUR JN.,VASCO-DA-GAMA,Tuesday,Weekday
82666,VSG-YPR SUVI,VASCO-DA-GAMA,YESVANTPUR JN.,Thursday,Weekday
90540,VR-CCG,VIRAR,CHURCHGATE,Tuesday,Weekday
90981,CCG-VR,CHURCHGATE,VIRAR,Wednesday,Weekday
91392,WAD2,RAVLI JN,CST-MUMBAI,Friday,Weekday
91393,WAD1,CST-MUMBAI,RAVLI JN,Wednesday,Weekday
91394,WAD4,RAVLI JN,CST-MUMBAI,Sunday,Weekend
91395,WAD3,CST-MUMBAI,RAVLI JN,Tuesday,Weekday
91396,WAD6,RAVLI JN,CST-MUMBAI,Saturday,Weekend
91491,WBO1,CST-MUMBAI,RAVLI JN,Thursday,Weekday
93001,VR-DRD,VIRAR,DAHANU ROAD,Monday,Weekday
93002,DRD-BVI,DAHANU ROAD,ANDHERI,Wednesday,Weekday
93003,VR-DRD,VIRAR,DAHANU ROAD,Wednesday,Weekday
93004,DRD-CCG,DAHANU ROAD,VIRAR,Saturday,Weekend
93005,CCG-DRD EMU,CHURCHGATE,DAHANU ROAD,Thursday,Weekday
93006,DRD-CCG,DAHANU ROAD,CHURCHGATE,Sunday,Weekend
93007,CCG-DRD,CHURCHGATE,DAHANU ROAD,Sunday,Weekend
93008,DRD-BVI,DAHANU ROAD,BORIVLI,Wednesday,Weekday
93009,ADH-DRD,ANDHERI,DAHANU ROAD,Friday,Weekday
93010,DRD-CCG,DAHANU ROAD,VIRAR,Tuesday,Weekday
93011,VR-DRD,VIRAR,DAHANU ROAD,Wednesday,Weekday
93012,DRD-VR,DAHANU ROAD,VIRAR,Tuesday,Weekday
93013,BVI-DRD,BORIVLI,DAHANU ROAD,Monday,Weekday
93014,DRD-DDR,DAHANU ROAD,VIRAR,Monday,Weekday
93015,CCG-DRD,CHURCHGATE,DAHANU ROAD,Saturday,Weekend
93016,DRD-CCG,DAHANU ROAD,CHURCHGATE,Friday,Weekday
93017,VR-DRD,VIRAR,DAHANU ROAD,Thursday,Weekday
93018,DRD-CCG,DAHANU ROAD,VIRAR,Monday,Weekday
93019,VR-DRD EMU,VIRAR,DAHANU ROAD,Thursday,Weekday
93020,DRD-DDR,DAHANU ROAD,DADAR,Monday,Weekday
93021,VR DRD LOCAL,VIRAR,DAHANU ROAD,Sunday,Weekend
93022,DRD DDR EMU,DAHANU ROAD,DADAR,Wednesday,Weekday
93023,VR DRD EMU,VIRAR,DAHANU ROAD,Saturday,Weekend
93024,DRD-VR,DAHANU ROAD,VIRAR,Thursday,Weekday
93025,CCG DRD EMU,CHURCHGATE,DAHANU ROAD,Monday,Weekday
93026,DRD  CCG EMU,DAHANU ROAD,CHURCHGATE,Thursday,Weekday
93027,DDR-DRD,DADAR,DAHANU ROAD,Thursday,Weekday
93028,DRD-CCG,DAHANU ROAD,CHURCHGATE,Tuesday,Weekday
93029,DDR DRD EMU,DADAR,DAHANU ROAD,Thursday,Weekday
93030,DRD-CCG,DAHANU ROAD,CHURCHGATE,Monday,Weekday
93031,VR - DRD,VIRAR,DAHANU ROAD,Thursday,Weekday
93032,DRD  VR EMU,DAHANU ROAD,VIRAR,Wednesday,Weekday
93033,CCG DRD EMU,CHURCHGATE,DAHANU ROAD,Sunday,Weekend
93034,DRD- VR  EMU,DAHANU ROAD,VIRAR,Tuesday,Weekday
93101,VR-DRD EMU,VIRAR,DAHANU ROAD,Sunday,Weekend
93102,DRD-VR MEMU,DAHANU ROAD,VIRAR,Sunday,Weekend
93103,DDR-DRD,CHURCHGATE,DAHANU ROAD,Sunday,Weekend
93104,DRD-VR,DAHANU ROAD,VIRAR,Saturday,Weekend
93105,VR-DRD,VIRAR,DAHANU ROAD,Wednesday,Weekday
93109,VR-DRD,VIRAR,DAHANU ROAD,Wednesday,Weekday
95001,KP3,KALYAN JN,PALASDARI,Thursday,Weekday
95002,KP4,PALASDARI,KALYAN JN,Wednesday,Weekday
95003,KP5,KALYAN JN,PALASDARI,Saturday,Weekend
95004,KP2,PALASDARI,KALYAN JN,Monday,Weekday
95005,KP7,KALYAN JN,PALASDARI,Thursday,Weekday
95006,KP6,PALASDARI,KALYAN JN,Sunday,Weekend
95007,KP9,KALYAN JN,PALASDARI,Tuesday,Weekday
95008,KP 8,PALASDARI,KALYAN JN,Tuesday,Weekday
95009,KP11,KALYAN JN,PALASDARI,Tuesday,Weekday
95010,KP10,PALASDARI,KALYAN JN,Tuesday,Weekday
95011,KP13,KALYAN JN,PALASDARI,Saturday,Weekend
95012,KP12,PALASDARI,KALYAN JN,Friday,Weekday
95013,KP-17,KALYAN JN,PALASDARI,Monday,Weekday
95101,S7,KALYAN JN,KARJAT,Tuesday,Weekday
95102,S8,KARJAT,KALYAN JN,Wednesday,Weekday
95103,S9,KALYAN JN,KARJAT,Saturday,Weekend
95104,S10,KARJAT,KALYAN JN,Wednesday,Weekday
95105,S11,KALYAN JN,KARJAT,Thursday,Weekday
95106,S12,KARJAT,KALYAN JN,Wednesday,Weekday
95107,S13,KALYAN JN,KARJAT,Friday,Weekday
95108,S14,KARJAT,KALYAN JN,Wednesday,Weekday
95109,S15,KALYAN JN,KARJAT,Thursday,Weekday
95110,S16,KARJAT,KALYAN JN,Tuesday,Weekday
95111,S17,KALYAN JN,KARJAT,Tuesday,Weekday
95112,S18,KARJAT,KALYAN JN,Monday,Weekday
95113,S19,KALYAN JN,KARJAT,Friday,Weekday
95114,S20,KARJAT,KALYAN JN,Tuesday,Weekday
95115,S21,KALYAN JN,KARJAT,Sunday,Weekend
95116,S22,KARJAT,KALYAN JN,Monday,Weekday
95117,S23,KALYAN JN,KARJAT,Thursday,Weekday
95118,S24,KARJAT,KALYAN JN,Sunday,Weekend
95119,S25,KALYAN JN,KARJAT,Thursday,Weekday
95120,S26,KARJAT,KALYAN JN,Friday,Weekday
95121,S27,KALYAN JN,KARJAT,Monday,Weekday
95122,S28,KARJAT,KALYAN JN,Wednesday,Weekday
95123,S29,KALYAN JN,KARJAT,Thursday,Weekday
95124,S30,KARJAT,KALYAN JN,Wednesday,Weekday
95125,S31,KALYAN JN,KARJAT,Tuesday,Weekday
95126,S32,KARJAT,KALYAN JN,Saturday,Weekend
95127,S33,KALYAN JN,KARJAT,Sunday,Weekend
95128,S34,KARJAT,KALYAN JN,Wednesday,Weekday
95129,S35,KALYAN JN,KARJAT,Wednesday,Weekday
95130,S36,KARJAT,KALYAN JN,Sunday,Weekend
95131,S37,KALYAN JN,KARJAT,Saturday,Weekend
95132,S38,KARJAT,KALYAN JN,Tuesday,Weekday
95134,S40,KARJAT,KALYAN JN,Saturday,Weekend
95136,S42,KARJAT,KALYAN JN,Wednesday,Weekday
95138,S44,KARJAT,KALYAN JN,Thursday,Weekday
95140,S46,KARJAT,KALYAN JN,Thursday,Weekday
95142,S48,KARJAT,KALYAN JN,Monday,Weekday
95144,S52,KARJAT,KALYAN JN,Sunday,Weekend
95201,BL1,KALYAN JN,BADLAPUR,Saturday,Weekend
95202,BL 8,BADLAPUR,KALYAN JN,Sunday,Weekend
95203,BL3,KALYAN JN,BADLAPUR,Wednesday,Weekday
95204,BL10,BADLAPUR,KALYAN JN,Tuesday,Weekday
95205,BL5,KALYAN JN,BADLAPUR,Friday,Weekday
95206,BL14,BADLAPUR,KALYAN JN,Wednesday,Weekday
95207,BL7,KALYAN JN,BADLAPUR,Saturday,Weekend
95208,BL18,BADLAPUR,KALYAN JN,Wednesday,Weekday
95209,BL9,KALYAN JN,BADLAPUR,Monday,Weekday
95210,BL46,BADLAPUR,KALYAN JN,Thursday,Weekday
95211,BL11,KALYAN JN,BADLAPUR,Sunday,Weekend
95212,BL48,BADLAPUR,KALYAN JN,Monday,Weekday
95213,BL13,KALYAN JN,BADLAPUR,Wednesday,Weekday
95214,DBL2,BADLAPUR,KALYAN JN,Saturday,Weekend
95215,BL15,KALYAN JN,BADLAPUR,Sunday,Weekend
95216,BL30,BADLAPUR,KALYAN JN,Tuesday,Weekday
95217,BL17,KALYAN JN,BADLAPUR,Sunday,Weekend
95218,BL32,BADLAPUR,KALYAN JN,Friday,Weekday
95219,BL19,KALYAN JN,BADLAPUR,Wednesday,Weekday
95220,BL34,BADLAPUR,KALYAN JN,Saturday,Weekend
95221,BL21,KALYAN JN,BADLAPUR,Tuesday,Weekday
95222,BL36,BADLAPUR,KALYAN JN,Friday,Weekday
95223,BL23,KALYAN JN,BADLAPUR,Thursday,Weekday
95224,BL38,BADLAPUR,KALYAN JN,Friday,Weekday
95225,BL25,KALYAN JN,BADLAPUR,Wednesday,Weekday
95226,BL40,BADLAPUR,KALYAN JN,Saturday,Weekend
95227,DBL1,KALYAN JN,BADLAPUR,Friday,Weekday
95228,BL42,BADLAPUR,KALYAN JN,Wednesday,Weekday
95229,BL29,KALYAN JN,BADLAPUR,Tuesday,Weekday
95230,BL44,BADLAPUR,KALYAN JN,Monday,Weekday
95231,BL31,KALYAN JN,BADLAPUR,Friday,Weekday
95232,BL50,BADLAPUR,KALYAN JN,Wednesday,Weekday
95233,BL33,KALYAN JN,BADLAPUR,Thursday,Weekday
95234,BL54,BADLAPUR,KALYAN JN,Thursday,Weekday
95235,BL35,KALYAN JN,BADLAPUR,Saturday,Weekend
95236,BL56,BADLAPUR,KALYAN JN,Wednesday,Weekday
95237,BL37,KALYAN JN,BADLAPUR,Friday,Weekday
95239,BL39,KALYAN JN,BADLAPUR,Monday,Weekday
95241,BL51,KALYAN JN,BADLAPUR,Saturday,Weekend
95301,DA1,KALYAN JN,AMBERNATH,Friday,Weekday
95302,A12,AMBERNATH,KALYAN JN,Tuesday,Weekday
95303,A11,KALYAN JN,AMBERNATH,Wednesday,Weekday
95304,A14,AMBERNATH,KALYAN JN,Monday,Weekday
95305,A13,KALYAN JN,AMBERNATH,Saturday,Weekend
95306,A16,AMBERNATH,KALYAN JN,Monday,Weekday
95307,A15,KALYAN JN,AMBERNATH,Saturday,Weekend
95308,A18,AMBERNATH,KALYAN JN,Tuesday,Weekday
95309,A17,KALYAN JN,AMBERNATH,Thursday,Weekday
95310,A20,AMBERNATH,KALYAN JN,Saturday,Weekend
95311,A19,KALYAN JN,AMBERNATH,Sunday,Weekend
95312,A22,AMBERNATH,KALYAN JN,Friday,Weekday
95313,A21,KALYAN JN,AMBERNATH,Monday,Weekday
95314,A24,AMBERNATH,KALYAN JN,Friday,Weekday
95315,A23,KALYAN JN,AMBERNATH,Monday,Weekday
95316,A26,AMBERNATH,KALYAN JN,Friday,Weekday
95317,A41,KALYAN JN,AMBERNATH,Tuesday,Weekday
95318,A32,AMBERNATH,KALYAN JN,Tuesday,Weekday
95319,A45,KALYAN JN,AMBERNATH,Friday,Weekday
95320,A58,AMBERNATH,KALYAN JN,Tuesday,Weekday
95321,A47,KALYAN JN,AMBERNATH,Thursday,Weekday
95322,DA2,AMBERNATH,KALYAN JN,Friday,Weekday
95323,A49,KALYAN JN,AMBERNATH,Tuesday,Weekday
95324,A46,AMBERNATH,KALYAN JN,Friday,Weekday
95325,A51,KALYAN JN,AMBERNATH,Sunday,Weekend
95326,A48,AMBERNATH,KALYAN JN,Sunday,Weekend
95327,A55,KALYAN JN,AMBERNATH,Saturday,Weekend
95328,A50,AMBERNATH,KALYAN JN,Monday,Weekday
95329,DA3,KALYAN JN,AMBERNATH,Thursday,Weekday
95330,A52,AMBERNATH,KALYAN JN,Sunday,Weekend
95331,A55,KALYAN JN,AMBERNATH,Monday,Weekday
95332,A54,AMBERNATH,KALYAN JN,Monday,Weekday
95334,A56,AMBERNATH,KALYAN JN,Monday,Weekday
95336,A62,AMBERNATH,KALYAN JN,Monday,Weekday
95338,A64,AMBERNATH,KALYAN JN,Tuesday,Weekday
95340,DA4,AMBERNATH,KALYAN JN,Monday,Weekday
95342,DA6,AMBERNATH,KALYAN JN,Friday,Weekday
95401,N7,KALYAN JN,KASARA,Tuesday,Weekday
95402,N6,KASARA,KALYAN JN,Thursday,Weekday
95403,N9,KALYAN JN,KASARA,Wednesday,Weekday
95404,N8,KASARA,KALYAN JN,Friday,Weekday
95405,N11,KALYAN JN,KASARA,Tuesday,Weekday
95406,N10,KASARA,KALYAN JN,Tuesday,Weekday
95407,N13,KALYAN JN,KASARA,Wednesday,Weekday
95408,N12,KASARA,KALYAN JN,Saturday,Weekend
95409,N15,KALYAN JN,KASARA,Sunday,Weekend
95410,N14,KASARA,KALYAN JN,Thursday,Weekday
95411,N17,KALYAN JN,KASARA,Wednesday,Weekday
95412,N16,KASARA,KALYAN JN,Thursday,Weekday
95413,N19,KALYAN JN,KASARA,Wednesday,Weekday
95414,N18,KASARA,KALYAN JN,Sunday,Weekend
95415,N21,KALYAN JN,KASARA,Friday,Weekday
95416,N20,KASARA,KALYAN JN,Sunday,Weekend
95417,N23,KALYAN JN,KASARA,Friday,Weekday
95418,N22,KASARA,KALYAN JN,Wednesday,Weekday
95419,N25,KALYAN JN,KASARA,Monday,Weekday
95420,N24,KASARA,KALYAN JN,Friday,Weekday
95421,N27,KALYAN JN,KASARA,Saturday,Weekend
95422,N26,KASARA,KALYAN JN,Saturday,Weekend
95423,N29,KALYAN JN,KASARA,Tuesday,Weekday
95424,N28,KASARA,KALYAN JN,Thursday,Weekday
95425,N33,KALYAN JN,KASARA,Tuesday,Weekday
95426,N30,KASARA,KALYAN JN,Friday,Weekday
95428,N32,KASARA,KALYAN JN,Monday,Weekday
95430,N34,KASARA,KALYAN JN,Sunday,Weekend
95501,AN5,KALYAN JN,ASANGAON,Saturday,Weekend
95502,AN6,ASANGAON,KALYAN JN,Wednesday,Weekday
95503,AN9,KALYAN JN,ASANGAON,Saturday,Weekend
95504,AN8,ASANGAON,KALYAN JN,Thursday,Weekday
95505,AN11,KALYAN JN,ASANGAON,Thursday,Weekday
95506,AN16,ASANGAON,KALYAN JN,Tuesday,Weekday
95507,AN15,KALYAN JN,ASANGAON,Monday,Weekday
95508,AN18,ASANGAON,KALYAN JN,Monday,Weekday
95509,AN19,KALYAN JN,ASANGAON,Monday,Weekday
95510,AN20,ASANGAON,KALYAN JN,Saturday,Weekend
95511,AN21,KALYAN JN,ASANGAON,Sunday,Weekend
95512,AN22,ASANGAON,KALYAN JN,Saturday,Weekend
95513,AN23,KALYAN JN,ASANGAON,Thursday,Weekday
95514,AN26,ASANGAON,KALYAN JN,Friday,Weekday
95515,AN25,KALYAN JN,ASANGAON,Sunday,Weekend
95516,AN30,ASANGAON,KALYAN JN,Tuesday,Weekday
95517,AN27,KALYAN JN,ASANGAON,Tuesday,Weekday
95601,TL9,KALYAN JN,TITVALA,Monday,Weekday
95602,TL14,TITVALA,KALYAN JN,Friday,Weekday
95603,TL11,KALYAN JN,TITVALA,Tuesday,Weekday
95604,TL20,TITVALA,KALYAN JN,Tuesday,Weekday
95605,TL13,KALYAN JN,TITVALA,Sunday,Weekend
95606,TL22,TITVALA,KALYAN JN,Monday,Weekday
95607,TL17,KALYAN JN,TITVALA,Sunday,Weekend
95608,TL46,TITVALA,KALYAN JN,Saturday,Weekend
95609,TL19,KALYAN JN,TITVALA,Saturday,Weekend
95610,TL48,TITVALA,KALYAN JN,Thursday,Weekday
95611,TL43,KALYAN JN,TITVALA,Tuesday,Weekday
95612,TL50,TITVALA,KALYAN JN,Saturday,Weekend
95613,TL45,KALYAN JN,TITVALA,Friday,Weekday
95614,TL52,TITVALA,KALYAN JN,Wednesday,Weekday
95615,TL49,KALYAN JN,TITVALA,Wednesday,Weekday
95616,TL54,TITVALA,KALYAN JN,Sunday,Weekend
95617,TL51,KALYAN JN,TITVALA,Friday,Weekday
95619,TL53,KALYAN JN,TITVALA,Saturday,Weekend
95701,K1,CST-MUMBAI,KALYAN JN,Tuesday,Weekday
95702,KW2,KALYAN JN,CST-MUMBAI,Monday,Weekday
95703,K11,CST-MUMBAI,KALYAN JN,Wednesday,Weekday
95704,K14,KALYAN JN,CST-MUMBAI,Sunday,Weekend
95705,K19,CST-MUMBAI,KALYAN JN,Tuesday,Weekday
95706,DK4,KALYAN JN,DADAR,Friday,Weekday
95707,K21,CST-MUMBAI,KALYAN JN,Wednesday,Weekday
95708,K20,KALYAN JN,CST-MUMBAI,Saturday,Weekend
95709,K27,CST-MUMBAI,KALYAN JN,Wednesday,Weekday
95710,K28,KALYAN JN,CST-MUMBAI,Saturday,Weekend
95711,K33,CST-MUMBAI,KALYAN JN,Tuesday,Weekday
95712,K30,KALYAN JN,CST-MUMBAI,Friday,Weekday
95713,DK5,DADAR,KALYAN JN,Wednesday,Weekday
95714,K32,KALYAN JN,CST-MUMBAI,Saturday,Weekend
95715,K41,CST-MUMBAI,KALYAN JN,Tuesday,Weekday
95716,K34,KALYAN JN,CST-MUMBAI,Monday,Weekday
95717,K53,CST-MUMBAI,KALYAN JN,Saturday,Weekend
95718,K36,KALYAN JN,CST-MUMBAI,Tuesday,Weekday
95719,K73,CST-MUMBAI,KALYAN JN,Friday,Weekday
95720,K42,KALYAN JN,CST-MUMBAI,Sunday,Weekend
95721,KW1,CST-MUMBAI,KALYAN JN,Wednesday,Weekday
95722,DK10,KALYAN JN,DADAR,Sunday,Weekend
95723,DK15,DADAR,KALYAN JN,Sunday,Weekend
95724,K56,KALYAN JN,CST-MUMBAI,Sunday,Weekend
95725,DK17,DADAR,KALYAN JN,Tuesday,Weekday
95726,K76,KALYAN JN,CST-MUMBAI,Thursday,Weekday
95727,K89,CST-MUMBAI,KALYAN JN,Sunday,Weekend
95728,K94,KALYAN JN,CST-MUMBAI,Sunday,Weekend
95729,DK21,DADAR,KALYAN JN,Tuesday,Weekday
95730,DK20,KALYAN JN,DADAR,Friday,Weekday
95731,K95,CST-MUMBAI,KALYAN JN,Wednesday,Weekday
95732,K98,KALYAN JN,CST-MUMBAI,Monday,Weekday
95733,K101,CST-MUMBAI,KALYAN JN,Friday,Weekday
95734,DK22,KALYAN JN,DADAR,Saturday,Weekend
95735,DK27,DADAR,KALYAN JN,Saturday,Weekend
95736,K102,KALYAN JN,CST-MUMBAI,Tuesday,Weekday
95737,K103,CST-MUMBAI,KALYAN JN,Monday,Weekday
95738,K106,KALYAN JN,CST-MUMBAI,Friday,Weekday
95739,K111,CST-MUMBAI,KALYAN JN,Sunday,Weekend
95740,K112,KALYAN JN,CST-MUMBAI,Wednesday,Weekday
95741,K115,CST-MUMBAI,KALYAN JN,Friday,Weekday
95742,K116,KALYAN JN,CST-MUMBAI,Wednesday,Weekday
95743,K119,CST-MUMBAI,KALYAN JN,Tuesday,Weekday
95744,K128,KALYAN JN,CST-MUMBAI,Saturday,Weekend
95745,K121,CST-MUMBAI,KALYAN JN,Sunday,Weekend
95746,K138,KALYAN JN,CST-MUMBAI,Thursday,Weekday
95801,DL35,CST-MUMBAI,DOMBIVLI,Wednesday,Weekday
95802,DL8,DOMBIVLI,CST-MUMBAI,Tuesday,Weekday
95804,DL26,DOMBIVLI,CST-MUMBAI,Saturday,Weekend
95805,DL49,CST-MUMBAI,DOMBIVLI,Saturday,Weekend
95808,DL 28,DOMBIVLI,CST-MUMBAI,Sunday,Weekend
95901,T17,CST-MUMBAI,THANE,Tuesday,Weekday
95902,T8,THANE,CST-MUMBAI,Wednesday,Weekday
95903,T27,CST-MUMBAI,THANE,Thursday,Weekday
95904,T36,THANE,CST-MUMBAI,Tuesday,Weekday
95905,T33,CST-MUMBAI,THANE,Monday,Weekday
95906,T42,THANE,CST-MUMBAI,Sunday,Weekend
95907,T43,CST-MUMBAI,THANE,Tuesday,Weekday
95908,T50,THANE,CST-MUMBAI,Friday,Weekday
95909,T107,CST-MUMBAI,THANE,Tuesday,Weekday
95910,T62,THANE,CST-MUMBAI,Sunday,Weekend
95911,T117,CST-MUMBAI,THANE,Monday,Weekday
95912,T74,THANE,CST-MUMBAI,Thursday,Weekday
95913,T127,CST-MUMBAI,THANE,Thursday,Weekday
95917,T117,CST-MUMBAI,THANE,Sunday,Weekend
95919,T131,CST-MUMBAI,THANE,Thursday,Weekday
96001,SKP1,KARJAT,PALASDARI,Wednesday,Weekday
96002,SKP2,PALASDARI,KARJAT,Sunday,Weekend
96003,KP1,KALYAN JN,PALASDARI,Sunday,Weekend
96004,SKP4,PALASDARI,KARJAT,Friday,Weekday
96005,SKP3,KARJAT,PALASDARI,Tuesday,Weekday
96006,SKP6,PALASDARI,KARJAT,Friday,Weekday
96007,SKP5,KARJAT,PALASDARI,Wednesday,Weekday
96008,SKP8,PALASDARI,KARJAT,Thursday,Weekday
96009,SKP7,KARJAT,PALASDARI,Saturday,Weekend
96010,SKP10,PALASDARI,KARJAT,Friday,Weekday
96011,SKP9,KARJAT,PALASDARI,Monday,Weekday
96012,SKP12,PALASDARI,KARJAT,Tuesday,Weekday
96013,SKP11,KARJAT,PALASDARI,Friday,Weekday
96014,SKP14,PALASDARI,KARJAT,Friday,Weekday
96015,SKP13,KARJAT,PALASDARI,Saturday,Weekend
96016,SKP16,PALASDARI,KARJAT,Tuesday,Weekday
96017,SKP15,KARJAT,PALASDARI,Monday,Weekday
96018,SKP18,PALASDARI,KARJAT,Tuesday,Weekday
96019,KP 15,KALYAN JN,PALASDARI,Friday,Weekday
96020,KP14,PALASDARI,KALYAN JN,Monday,Weekday
96022,SKP20,PALASDARI,KARJAT,Friday,Weekday
96101,S1,KALYAN JN,KARJAT,Saturday,Weekend
96102,S2,KARJAT,KALYAN JN,Sunday,Weekend
96103,TS1,KALYAN JN,KARJAT,Monday,Weekday
96104,S4,KARJAT,KALYAN JN,Wednesday,Weekday
96105,TS3,KALYAN JN,KARJAT,Tuesday,Weekday
96106,S6,KARJAT,KALYAN JN,Wednesday,Weekday
96107,S3,KALYAN JN,KARJAT,Monday,Weekday
96108,TS2,KARJAT,KALYAN JN,Saturday,Weekend
96109,S5,KALYAN JN,KARJAT,Tuesday,Weekday
96110,TS4,KARJAT,KALYAN JN,Monday,Weekday
96111,TS5,KALYAN JN,KARJAT,Friday,Weekday
96112,S50,KARJAT,KALYAN JN,Wednesday,Weekday
96113,TS7,KALYAN JN,KARJAT,Wednesday,Weekday
96114,S48,KARJAT,CST-MUMBAI,Monday,Weekday
96115,TS9,KALYAN JN,KARJAT,Sunday,Weekend
96116,S50,KARJAT,CST-MUMBAI,Friday,Weekday
96117,TS11,KALYAN JN,KARJAT,Monday,Weekday
96119,S39,KALYAN JN,KARJAT,Sunday,Weekend
96121,S41,KALYAN JN,KARJAT,Sunday,Weekend
96201,CBL1,KALYAN JN,BADLAPUR,Saturday,Weekend
96202,BL2,BADLAPUR,KALYAN JN,Wednesday,Weekday
96203,TBL1,KALYAN JN,BADLAPUR,Saturday,Weekend
96204,BL4,BADLAPUR,KALYAN JN,Monday,Weekday
96205,BL27,KALYAN JN,BADLAPUR,Thursday,Weekday
96206,BL6,BADLAPUR,KALYAN JN,Saturday,Weekend
96207,TBL3,KALYAN JN,BADLAPUR,Sunday,Weekend
96208,TBL2,BADLAPUR,KALYAN JN,Sunday,Weekend
96209,TBL5,KALYAN JN,BADLAPUR,Friday,Weekday
96210,BL12,BADLAPUR,KALYAN JN,Thursday,Weekday
96211,TBL7,KALYAN JN,BADLAPUR,Saturday,Weekend
96212,BL16,BADLAPUR,KALYAN JN,Tuesday,Weekday
96213,BL41,KALYAN JN,BADLAPUR,Friday,Weekday
96214,BL20,BADLAPUR,KALYAN JN,Friday,Weekday
96215,BL43,KALYAN JN,BADLAPUR,Friday,Weekday
96216,BL22,BADLAPUR,KALYAN JN,Friday,Weekday
96217,TBL9,KALYAN JN,BADLAPUR,Friday,Weekday
96218,BL24,BADLAPUR,KALYAN JN,Tuesday,Weekday
96219,BL45,KALYAN JN,BADLAPUR,Tuesday,Weekday
96220,BL26,BADLAPUR,KALYAN JN,Wednesday,Weekday
96221,BL47,KALYAN JN,BADLAPUR,Tuesday,Weekday
96222,BL28,BADLAPUR,KALYAN JN,Thursday,Weekday
96223,BL49,KALYAN JN,BADLAPUR,Friday,Weekday
96224,BL52,BADLAPUR,KALYAN JN,Saturday,Weekend
96225,BL53,KALYAN JN,BADLAPUR,Friday,Weekday
96226,BL58,BADLAPUR,KALYAN JN,Wednesday,Weekday
96227,DBL3,KALYAN JN,BADLAPUR,Sunday,Weekend
96228,BL60,BADLAPUR,KALYAN JN,Monday,Weekday
96232,CBL2,BADLAPUR,KALYAN JN,Saturday,Weekend
96234,BL62,BADLAPUR,KALYAN JN,Sunday,Weekend
96236,BL60,BADLAPUR,CST-MUMBAI,Saturday,Weekend
96301,A1,KALYAN JN,AMBERNATH,Monday,Weekday
96302,A2,AMBERNATH,KALYAN JN,Friday,Weekday
96303,A3,KALYAN JN,AMBERNATH,Friday,Weekday
96304,A4,AMBERNATH,KALYAN JN,Tuesday,Weekday
96305,A5,KALYAN JN,AMBERNATH,Friday,Weekday
96306,A6,AMBERNATH,KALYAN JN,Wednesday,Weekday
96307,A7,KALYAN JN,AMBERNATH,Friday,Weekday
96308,A8,AMBERNATH,KALYAN JN,Friday,Weekday
96309,A9,KALYAN JN,AMBERNATH,Friday,Weekday
96310,A10,AMBERNATH,KALYAN JN,Sunday,Weekend
96311,A25,KALYAN JN,AMBERNATH,Thursday,Weekday
96312,A28,AMBERNATH,KALYAN JN,Sunday,Weekend
96313,A27,KALYAN JN,AMBERNATH,Thursday,Weekday
96314,A30,AMBERNATH,KALYAN JN,Monday,Weekday
96315,A29,KALYAN JN,AMBERNATH,Saturday,Weekend
96316,A34,AMBERNATH,KALYAN JN,Sunday,Weekend
96317,A31,KALYAN JN,AMBERNATH,Monday,Weekday
96318,A36,AMBERNATH,KALYAN JN,Friday,Weekday
96319,A33,KALYAN JN,AMBERNATH,Saturday,Weekend
96320,A38,AMBERNATH,KALYAN JN,Wednesday,Weekday
96321,A35,KALYAN JN,AMBERNATH,Tuesday,Weekday
96322,A40,AMBERNATH,KALYAN JN,Saturday,Weekend
96323,A37,KALYAN JN,AMBERNATH,Monday,Weekday
96324,A42,AMBERNATH,KALYAN JN,Tuesday,Weekday
96325,A39,KALYAN JN,AMBERNATH,Thursday,Weekday
96326,A44,AMBERNATH,KALYAN JN,Sunday,Weekend
96327,TA1,KALYAN JN,AMBERNATH,Sunday,Weekend
96328,A60,AMBERNATH,KALYAN JN,Tuesday,Weekday
96329,A43,KALYAN JN,AMBERNATH,Tuesday,Weekday
96330,A66,AMBERNATH,KALYAN JN,Monday,Weekday
96331,TA3,KALYAN JN,AMBERNATH,Thursday,Weekday
96332,A68,AMBERNATH,KALYAN JN,Tuesday,Weekday
96333,A57,KALYAN JN,AMBERNATH,Sunday,Weekend
96334,A70,AMBERNATH,KALYAN JN,Tuesday,Weekday
96335,A59,KALYAN JN,AMBERNATH,Monday,Weekday
96336,A72,AMBERNATH,CST-MUMBAI,Saturday,Weekend
96337,A61,KALYAN JN,AMBERNATH,Sunday,Weekend
96339,DA5,KALYAN JN,AMBERNATH,Sunday,Weekend
96341,A63,KALYAN JN,AMBERNATH,Saturday,Weekend
96343,A65,KALYAN JN,AMBERNATH,Wednesday,Weekday
96345,A67,KALYAN JN,AMBERNATH,Friday,Weekday
96401,N1,KALYAN JN,KASARA,Saturday,Weekend
96402,N2,KASARA,KALYAN JN,Wednesday,Weekday
96403,N3,KALYAN JN,KASARA,Friday,Weekday
96404,N4,KASARA,KALYAN JN,Thursday,Weekday
96405,N5,KALYAN JN,KASARA,Sunday,Weekend
96406,N36,KASARA,KALYAN JN,Monday,Weekday
96407,TN1,KALYAN JN,KASARA,Friday,Weekday
96409,N31,KALYAN JN,KASARA,Saturday,Weekend
96501,TLAN1,TITVALA,ASANGAON,Wednesday,Weekday
96502,AN2,ASANGAON,KALYAN JN,Wednesday,Weekday
96503,KAN1,KALYAN JN,ASANGAON,Tuesday,Weekday
96504,AN4,ASANGAON,KALYAN JN,Saturday,Weekend
96505,TAN1,KALYAN JN,ASANGAON,Monday,Weekday
96506,TAN2,ASANGAON,KALYAN JN,Tuesday,Weekday
96507,AN1,KALYAN JN,ASANGAON,Tuesday,Weekday
96508,AN10,ASANGAON,KALYAN JN,Wednesday,Weekday
96509,AN3,KALYAN JN,ASANGAON,Wednesday,Weekday
96510,AN12,ASANGAON,KALYAN JN,Sunday,Weekend
96511,KAN3,KALYAN JN,ASANGAON,Monday,Weekday
96512,AN14,ASANGAON,KALYAN JN,Sunday,Weekend
96513,AN7,KALYAN JN,ASANGAON,Saturday,Weekend
96514,TAN4,ASANGAON,KALYAN JN,Friday,Weekday
96515,TAN3,KALYAN JN,ASANGAON,Monday,Weekday
96516,AN24,ASANGAON,KALYAN JN,Wednesday,Weekday
96517,AN13,KALYAN JN,ASANGAON,Wednesday,Weekday
96518,AN28,ASANGAON,KALYAN JN,Wednesday,Weekday
96519,AN17,KALYAN JN,ASANGAON,Sunday,Weekend
96520,AN32,ASANGAON,KALYAN JN,Thursday,Weekday
96521,AN29,KALYAN JN,ASANGAON,Tuesday,Weekday
96522,TAN6,ASANGAON,KALYAN JN,Monday,Weekday
96524,KAN2,ASANGAON,KALYAN JN,Thursday,Weekday
96601,CTL1,KALYAN JN,TITVALA,Friday,Weekday
96602,TL2,TITVALA,KALYAN JN,Friday,Weekday
96603,CTL3,KALYAN JN,TITVALA,Tuesday,Weekday
96604,TL4,TITVALA,KALYAN JN,Thursday,Weekday
96605,TL1,KALYAN JN,TITVALA,Friday,Weekday
96606,TL6,TITVALA,KALYAN JN,Wednesday,Weekday
96607,TL3,KALYAN JN,TITVALA,Tuesday,Weekday
96608,TL8,TITVALA,KALYAN JN,Monday,Weekday
96609,CTL5,KALYAN JN,TITVALA,Sunday,Weekend
96610,TL10,TITVALA,KALYAN JN,Monday,Weekday
96611,TL5,KALYAN JN,TITVALA,Saturday,Weekend
96612,TL12,TITVALA,KALYAN JN,Thursday,Weekday
96613,TL7,KALYAN JN,TITVALA,Sunday,Weekend
96614,TL16,TITVALA,KALYAN JN,Friday,Weekday
96615,TTL1,KALYAN JN,TITVALA,Sunday,Weekend
96616,DTL2,TITVALA,KALYAN JN,Thursday,Weekday
96617,TL15,KALYAN JN,TITVALA,Sunday,Weekend
96618,TL18,TITVALA,KALYAN JN,Saturday,Weekend
96619,TL21,KALYAN JN,TITVALA,Wednesday,Weekday
96620,TTL2,TITVALA,KALYAN JN,Tuesday,Weekday
96621,TL23,KALYAN JN,TITVALA,Thursday,Weekday
96622,TL24,TITVALA,KALYAN JN,Saturday,Weekend
96623,TL25,KALYAN JN,TITVALA,Wednesday,Weekday
96624,TL26,TITVALA,KALYAN JN,Monday,Weekday
96625,TL27,KALYAN JN,TITVALA,Sunday,Weekend
96626,TL28,TITVALA,KALYAN JN,Thursday,Weekday
96627,TL29,KALYAN JN,TITVALA,Tuesday,Weekday
96628,TL30,TITVALA,KALYAN JN,Sunday,Weekend
96629,TL31,KALYAN JN,TITVALA,Saturday,Weekend
96630,TL32,TITVALA,KALYAN JN,Wednesday,Weekday
96631,TL33,KALYAN JN,TITVALA,Monday,Weekday
96632,TL34,TITVALA,KALYAN JN,Tuesday,Weekday
96633,TL35,KALYAN JN,TITVALA,Tuesday,Weekday
96634,TL36,TITVALA,KALYAN JN,Friday,Weekday
96635,TL37,KALYAN JN,TITVALA,Wednesday,Weekday
96636,TL38,TITVALA,KALYAN JN,Sunday,Weekend
96637,TL39,KALYAN JN,TITVALA,Wednesday,Weekday
96638,TL40,TITVALA,KALYAN JN,Wednesday,Weekday
96639,TL41,KALYAN JN,TITVALA,Friday,Weekday
96640,TL42,TITVALA,KALYAN JN,Tuesday,Weekday
96641,TL47,KALYAN JN,TITVALA,Saturday,Weekend
96642,TL44,TITVALA,KALYAN JN,Thursday,Weekday
96643,TL55,KALYAN JN,TITVALA,Sunday,Weekend
96644,TTL4,TITVALA,KALYAN JN,Sunday,Weekend
96645,TL57,KALYAN JN,TITVALA,Thursday,Weekday
96646,TL56,TITVALA,KALYAN JN,Tuesday,Weekday
96647,TL59,KALYAN JN,TITVALA,Sunday,Weekend
96648,TL58,TITVALA,KALYAN JN,Sunday,Weekend
96649,TL61,KALYAN JN,TITVALA,Friday,Weekday
96650,TL60,TITVALA,KALYAN JN,Friday,Weekday
96651,TL63,KALYAN JN,TITVALA,Saturday,Weekend
96652,TL62,TITVALA,KALYAN JN,Friday,Weekday
96653,TL65,KALYAN JN,TITVALA,Saturday,Weekend
96654,TL64,TITVALA,KALYAN JN,Monday,Weekday
96655,TL67,KALYAN JN,TITVALA,Sunday,Weekend
96656,TL66,TITVALA,KALYAN JN,Tuesday,Weekday
96657,TL71,CST-MUMBAI,TITVALA,Thursday,Weekday
96658,TTL6,TITVALA,KALYAN JN,Tuesday,Weekday
96660,TTL8,TITVALA,KALYAN JN,Friday,Weekday
97000,K2,KALYAN JN,CST-MUMBAI,Monday,Weekday
97001,CK1,VIDYAVIHAR,KALYAN JN,Monday,Weekday
97002,K2,KALYAN JN,CST-MUMBAI,Friday,Weekday
97003,CK3,VIDYAVIHAR,KALYAN JN,Tuesday,Weekday
97004,K4,KALYAN JN,CST-MUMBAI,Wednesday,Weekday
97005,CK5,VIDYAVIHAR,KALYAN JN,Saturday,Weekend
97006,K6,KALYAN JN,CST-MUMBAI,Sunday,Weekend
97007,CK7,VIDYAVIHAR,KALYAN JN,Wednesday,Weekday
97008,K8,KALYAN JN,CST-MUMBAI,Tuesday,Weekday
97009,CK9,VIDYAVIHAR,KALYAN JN,Wednesday,Weekday
97010,K10,KALYAN JN,CST-MUMBAI,Wednesday,Weekday
97011,K3,CST-MUMBAI,KALYAN JN,Monday,Weekday
97012,DK2,KALYAN JN,DADAR,Saturday,Weekend
97013,CK11,VIDYAVIHAR,KALYAN JN,Thursday,Weekday
97014,K12,KALYAN JN,CST-MUMBAI,Monday,Weekday
97015,K5,CST-MUMBAI,KALYAN JN,Tuesday,Weekday
97016,K16,KALYAN JN,CST-MUMBAI,Sunday,Weekend
97017,K7,CST-MUMBAI,KALYAN JN,Monday,Weekday
97018,K18,KALYAN JN,CST-MUMBAI,Thursday,Weekday
97019,K9,CST-MUMBAI,KALYAN JN,Tuesday,Weekday
97020,K22,KALYAN JN,CST-MUMBAI,Wednesday,Weekday
97021,K13,CST-MUMBAI,KALYAN JN,Thursday,Weekday
97022,K24,KALYAN JN,CST-MUMBAI,Tuesday,Weekday
97023,DK1,DADAR,KALYAN JN,Wednesday,Weekday
97024,K26 L SPL,KALYAN JN,CST-MUMBAI,Monday,Weekday
97025,K15,CST-MUMBAI,KALYAN JN,Monday,Weekday
97026,DK6,KALYAN JN,DADAR,Wednesday,Weekday
97027,K17,CST-MUMBAI,KALYAN JN,Monday,Weekday
97028,DK8,KALYAN JN,DADAR,Saturday,Weekend
97029,K23,CST-MUMBAI,KALYAN JN,Monday,Weekday
97030,K38,KALYAN JN,CST-MUMBAI,Thursday,Weekday
97031,K25,CST-MUMBAI,KALYAN JN,Saturday,Weekend
97032,K40,KALYAN JN,CST-MUMBAI,Thursday,Weekday
97033,TK1,THANE,KALYAN JN,Friday,Weekday
97034,K44,KALYAN JN,CST-MUMBAI,Monday,Weekday
97035,DK3,DADAR,KALYAN JN,Sunday,Weekend
97036,K46,KALYAN JN,CST-MUMBAI,Friday,Weekday
97037,K29,CST-MUMBAI,KALYAN JN,Friday,Weekday
97038,K48,KALYAN JN,CST-MUMBAI,Monday,Weekday
97039,K31,CST-MUMBAI,KALYAN JN,Wednesday,Weekday
97040,K50,KALYAN JN,CST-MUMBAI,Saturday,Weekend
97041,K35,CST-MUMBAI,KALYAN JN,Tuesday,Weekday
97042,CK2,KALYAN JN,KURLA,Monday,Weekday
97043,DK7,DADAR,KALYAN JN,Friday,Weekday
97044,K52,KALYAN JN,CST-MUMBAI,Wednesday,Weekday
97045,DK9,DADAR,KALYAN JN,Friday,Weekday
97046,TK2,KALYAN JN,THANE,Monday,Weekday
97047,K37,CST-MUMBAI,KALYAN JN,Wednesday,Weekday
97048,K54,KALYAN JN,CST-MUMBAI,Wednesday,Weekday
97049,K39,CST-MUMBAI,KALYAN JN,Saturday,Weekend
97050,DK12,KALYAN JN,DADAR,Thursday,Weekday
97051,CK13,KURLA,KALYAN JN,Tuesday,Weekday
97052,K58,KALYAN JN,CST-MUMBAI,Saturday,Weekend
97053,K43,CST-MUMBAI,KALYAN JN,Tuesday,Weekday
97054,K60,KALYAN JN,CST-MUMBAI,Sunday,Weekend
97055,K45,CST-MUMBAI,KALYAN JN,Wednesday,Weekday
97056,TK4,KALYAN JN,THANE,Friday,Weekday
97057,K47,CST-MUMBAI,KALYAN JN,Saturday,Weekend
97058,K62,KALYAN JN,CST-MUMBAI,Thursday,Weekday
97059,K49,CST-MUMBAI,KALYAN JN,Monday,Weekday
97060,K64,KALYAN JN,CST-MUMBAI,Monday,Weekday
97061,K51,CST-MUMBAI,KALYAN JN,Friday,Weekday
97062,K66,KALYAN JN,CST-MUMBAI,Thursday,Weekday
97063,DK11,DADAR,KALYAN JN,Thursday,Weekday
97064,CK4,KALYAN JN,KURLA,Sunday,Weekend
97065,K55,CST-MUMBAI,KALYAN JN,Monday,Weekday
97066,K68,KALYAN JN,CST-MUMBAI,Wednesday,Weekday
97067,K57,CST-MUMBAI,KALYAN JN,Friday,Weekday
97068,K70,KALYAN JN,CST-MUMBAI,Monday,Weekday
97069,K59,CST-MUMBAI,KALYAN JN,Thursday,Weekday
97070,K72,KALYAN JN,CST-MUMBAI,Monday,Weekday
97071,K61,CST-MUMBAI,KALYAN JN,Monday,Weekday
97072,DK14,KALYAN JN,DADAR,Saturday,Weekend
97073,TK3,THANE,KALYAN JN,Tuesday,Weekday
97074,K74,KALYAN JN,CST-MUMBAI,Thursday,Weekday
97075,K63,CST-MUMBAI,KALYAN JN,Tuesday,Weekday
97076,K78,KALYAN JN,CST-MUMBAI,Wednesday,Weekday
97077,CK15,KURLA,KALYAN JN,Friday,Weekday
97078,K80,KALYAN JN,CST-MUMBAI,Sunday,Weekend
97079,K65,CST-MUMBAI,KALYAN JN,Saturday,Weekend
97080,K82,KALYAN JN,CST-MUMBAI,Monday,Weekday
97081,K67,CST-MUMBAI,KALYAN JN,Sunday,Weekend
97082,K84,KALYAN JN,CST-MUMBAI,Tuesday,Weekday
97083,K69,CST-MUMBAI,KALYAN JN,Wednesday,Weekday
97084,K86,KALYAN JN,CST-MUMBAI,Thursday,Weekday
97085,K71,CST-MUMBAI,KALYAN JN,Monday,Weekday
97086,TK6,KALYAN JN,THANE,Monday,Weekday
97087,DK13,DADAR,KALYAN JN,Tuesday,Weekday
97088,K88,KALYAN JN,CST-MUMBAI,Friday,Weekday
97089,K75,CST-MUMBAI,KALYAN JN,Sunday,Weekend
97090,K90,KALYAN JN,CST-MUMBAI,Saturday,Weekend
97091,K77,CST-MUMBAI,KALYAN JN,Wednesday,Weekday
97092,DK16,KALYAN JN,DADAR,Monday,Weekday
97093,K79,CST-MUMBAI,KALYAN JN,Tuesday,Weekday
97094,TK8,KALYAN JN,THANE,Wednesday,Weekday
97095,K81,CST-MUMBAI,KALYAN JN,Tuesday,Weekday
97096,K92,KALYAN JN,CST-MUMBAI,Wednesday,Weekday
97097,CK17,KURLA,KALYAN JN,Thursday,Weekday
97098,DK18,KALYAN JN,DADAR,Saturday,Weekend
97099,CK19,VIDYAVIHAR,KALYAN JN,Friday,Weekday
97100,K96,KALYAN JN,CST-MUMBAI,Sunday,Weekend
97101,K83,CST-MUMBAI,KALYAN JN,Sunday,Weekend
97102,K100,KALYAN JN,CST-MUMBAI,Sunday,Weekend
97103,K85,CST-MUMBAI,KALYAN JN,Saturday,Weekend
97104,K104,KALYAN JN,CST-MUMBAI,Tuesday,Weekday
97105,K87,CST-MUMBAI,KALYAN JN,Wednesday,Weekday
97106,K108,KALYAN JN,CST-MUMBAI,Monday,Weekday
97107,DK19,DADAR,KALYAN JN,Sunday,Weekend
97108,K110,KALYAN JN,CST-MUMBAI,Tuesday,Weekday
97109,CK21,VIDYAVIHAR,KALYAN JN,Sunday,Weekend
97110,DK24,KALYAN JN,DADAR,Tuesday,Weekday
97111,K91,CST-MUMBAI,KALYAN JN,Saturday,Weekend
97112,K114,KALYAN JN,CST-MUMBAI,Tuesday,Weekday
97113,K93,CST-MUMBAI,KALYAN JN,Sunday,Weekend
97114,K118,KALYAN JN,CST-MUMBAI,Tuesday,Weekday
97115,DK23,DADAR,KALYAN JN,Tuesday,Weekday
97116,CK6,KALYAN JN,KURLA,Tuesday,Weekday
97117,K97,CST-MUMBAI,KALYAN JN,Saturday,Weekend
97118,TK10,KALYAN JN,THANE,Friday,Weekday
97119,K99,CST-MUMBAI,KALYAN JN,Wednesday,Weekday
97120,DK26,KALYAN JN,DADAR,Tuesday,Weekday
97121,DK25,DADAR,KALYAN JN,Thursday,Weekday
97122,K120,KALYAN JN,CST-MUMBAI,Wednesday,Weekday
97123,DK29,DADAR,KALYAN JN,Sunday,Weekend
97124,K122,KALYAN JN,CST-MUMBAI,Saturday,Weekend
97125,K105,CST-MUMBAI,KALYAN JN,Friday,Weekday
97126,DK28,KALYAN JN,DADAR,Sunday,Weekend
97127,K107,CST-MUMBAI,KALYAN JN,Sunday,Weekend
97128,K124,KALYAN JN,CST-MUMBAI,Wednesday,Weekday
97129,K109,CST-MUMBAI,KALYAN JN,Friday,Weekday
97130,TK12,KALYAN JN,THANE,Saturday,Weekend
97131,CK23,KURLA,KALYAN JN,Monday,Weekday
97132,DK30,KALYAN JN,DADAR,Saturday,Weekend
97133,K113,CST-MUMBAI,KALYAN JN,Saturday,Weekend
97134,DK32,KALYAN JN,DADAR,Friday,Weekday
97135,DK31,DADAR,KALYAN JN,Monday,Weekday
97136,K126,KALYAN JN,CST-MUMBAI,Tuesday,Weekday
97137,DK33,DADAR,KALYAN JN,Friday,Weekday
97138,DK34,KALYAN JN,DADAR,Thursday,Weekday
97139,K117,CST-MUMBAI,KALYAN JN,Thursday,Weekday
97140,CK8,KALYAN JN,KURLA,Sunday,Weekend
97141,DK35,DADAR,KALYAN JN,Tuesday,Weekday
97142,K130,KALYAN JN,CST-MUMBAI,Wednesday,Weekday
97143,DK37,DADAR,KALYAN JN,Friday,Weekday
97144,K132,KALYAN JN,CST-MUMBAI,Saturday,Weekend
97145,DK39,DADAR,KALYAN JN,Sunday,Weekend
97146,K134,KALYAN JN,CST-MUMBAI,Saturday,Weekend
97147,K123,CST-MUMBAI,KALYAN JN,Saturday,Weekend
97148,CK10,KALYAN JN,KURLA,Sunday,Weekend
97149,K125,CST-MUMBAI,KALYAN JN,Saturday,Weekend
97150,TK14,KALYAN JN,THANE,Friday,Weekday
97151,K127,CST-MUMBAI,KALYAN JN,Friday,Weekday
97152,TK16,KALYAN JN,THANE,Monday,Weekday
97153,K129,CST-MUMBAI,KALYAN JN,Monday,Weekday
97155,DK41,DADAR,KALYAN JN,Wednesday,Weekday
97201,DL1,CST-MUMBAI,DOMBIVLI,Saturday,Weekend
97202,DL2,DOMBIVLI,CST-MUMBAI,Wednesday,Weekday
97203,DL3,CST-MUMBAI,DOMBIVLI,Thursday,Weekday
97204,DL4,DOMBIVLI,CST-MUMBAI,Tuesday,Weekday
97205,DL5,CST-MUMBAI,DOMBIVLI,Tuesday,Weekday
97206,DL6,DOMBIVLI,CST-MUMBAI,Thursday,Weekday
97207,DL7,CST-MUMBAI,DOMBIVLI,Wednesday,Weekday
97208,DL10,DOMBIVLI,CST-MUMBAI,Wednesday,Weekday
97209,DL9,CST-MUMBAI,DOMBIVLI,Wednesday,Weekday
97210,DL12,DOMBIVLI,CST-MUMBAI,Thursday,Weekday
97211,DL11,CST-MUMBAI,DOMBIVLI,Friday,Weekday
97212,DDL2,DOMBIVLI,DADAR,Sunday,Weekend
97213,DL13,CST-MUMBAI,DOMBIVLI,Tuesday,Weekday
97214,DL14,DOMBIVLI,CST-MUMBAI,Friday,Weekday
97215,DL15,CST-MUMBAI,DOMBIVLI,Tuesday,Weekday
97216,DL16,DOMBIVLI,CST-MUMBAI,Sunday,Weekend
97217,DL17,CST-MUMBAI,DOMBIVLI,Friday,Weekday
97218,DL18,DOMBIVLI,CST-MUMBAI,Saturday,Weekend
97219,DL19,CST-MUMBAI,DOMBIVLI,Tuesday,Weekday
97220,DL20,DOMBIVLI,CST-MUMBAI,Saturday,Weekend
97221,DL21,CST-MUMBAI,DOMBIVLI,Tuesday,Weekday
97222,DL22,DOMBIVLI,CST-MUMBAI,Monday,Weekday
97223,DL23,CST-MUMBAI,DOMBIVLI,Friday,Weekday
97224,DL24,DOMBIVLI,CST-MUMBAI,Saturday,Weekend
97225,DL25,CST-MUMBAI,DOMBIVLI,Sunday,Weekend
97226,DL26,DOMBIVLI,CST-MUMBAI,Tuesday,Weekday
97227,DL27,CST-MUMBAI,DOMBIVLI,Friday,Weekday
97228,DL28,DOMBIVLI,CST-MUMBAI,Wednesday,Weekday
97229,DL29,CST-MUMBAI,DOMBIVLI,Sunday,Weekend
97230,DL30,DOMBIVLI,CST-MUMBAI,Friday,Weekday
97231,DL31,CST-MUMBAI,DOMBIVLI,Tuesday,Weekday
97232,DL32,DOMBIVLI,CST-MUMBAI,Tuesday,Weekday
97233,DL33,CST-MUMBAI,DOMBIVLI,Tuesday,Weekday
97234,DDL4,DOMBIVLI,DADAR,Friday,Weekday
97235,DDL1,DADAR,DOMBIVLI,Tuesday,Weekday
97236,DL34,DOMBIVLI,CST-MUMBAI,Saturday,Weekend
97237,DDL3,DADAR,DOMBIVLI,Tuesday,Weekday
97238,DL36,DOMBIVLI,CST-MUMBAI,Friday,Weekday
97239,DL37,CST-MUMBAI,DOMBIVLI,Sunday,Weekend
97240,DL38,DOMBIVLI,CST-MUMBAI,Tuesday,Weekday
97241,DL39,CST-MUMBAI,DOMBIVLI,Tuesday,Weekday
97242,DL40,DOMBIVLI,CST-MUMBAI,Friday,Weekday
97243,DL41,CST-MUMBAI,DOMBIVLI,Tuesday,Weekday
97244,DL42,DOMBIVLI,CST-MUMBAI,Sunday,Weekend
97245,DL43,CST-MUMBAI,DOMBIVLI,Sunday,Weekend
97246,DL44,DOMBIVLI,CST-MUMBAI,Wednesday,Weekday
97247,DDL5,DADAR,DOMBIVLI,Saturday,Weekend
97248,DL46,DOMBIVLI,CST-MUMBAI,Thursday,Weekday
97249,DL45,CST-MUMBAI,DOMBIVLI,Friday,Weekday
97250,DL48,DOMBIVLI,CST-MUMBAI,Tuesday,Weekday
97251,DL47,CST-MUMBAI,DOMBIVLI,Monday,Weekday
97252,DL50,DOMBIVLI,CST-MUMBAI,Monday,Weekday
97253,DL49,CST-MUMBAI,DOMBIVLI,Saturday,Weekend
97254,DDL6,DOMBIVLI,DADAR,Thursday,Weekday
97255,DL51,CST-MUMBAI,DOMBIVLI,Tuesday,Weekday
97256,DL52,DOMBIVLI,CST-MUMBAI,Tuesday,Weekday
97258,DL54,DOMBIVLI,CST-MUMBAI,Monday,Weekday
97260,DDL8,DOMBIVLI,DADAR,Saturday,Weekend
97301,T1,CST-MUMBAI,THANE,Thursday,Weekday
97302,T2,THANE,CST-MUMBAI,Friday,Weekday
97303,T3,CST-MUMBAI,THANE,Sunday,Weekend
97304,T4,THANE,CST-MUMBAI,Saturday,Weekend
97305,T5,CST-MUMBAI,THANE,Wednesday,Weekday
97306,T6,THANE,CST-MUMBAI,Monday,Weekday
97307,T7,CST-MUMBAI,THANE,Wednesday,Weekday
97308,T10,THANE,CST-MUMBAI,Tuesday,Weekday
97309,T9,CST-MUMBAI,THANE,Tuesday,Weekday
97310,T12,THANE,CST-MUMBAI,Tuesday,Weekday
97311,T11,CST-MUMBAI,THANE,Sunday,Weekend
97312,T14,THANE,CST-MUMBAI,Tuesday,Weekday
97313,T13,CST-MUMBAI,THANE,Wednesday,Weekday
97314,T16,THANE,CST-MUMBAI,Monday,Weekday
97315,T15,CST-MUMBAI,THANE,Saturday,Weekend
97316,T18,THANE,CST-MUMBAI,Thursday,Weekday
97317,T19,CST-MUMBAI,THANE,Friday,Weekday
97318,T20,THANE,CST-MUMBAI,Sunday,Weekend
97319,T21,CST-MUMBAI,THANE,Friday,Weekday
97320,T22,THANE,CST-MUMBAI,Friday,Weekday
97321,T23,CST-MUMBAI,THANE,Saturday,Weekend
97322,T24,THANE,CST-MUMBAI,Wednesday,Weekday
97323,T25,CST-MUMBAI,THANE,Wednesday,Weekday
97324,T26,THANE,CST-MUMBAI,Sunday,Weekend
97325,T29,CST-MUMBAI,THANE,Monday,Weekday
97326,T28,THANE,CST-MUMBAI,Monday,Weekday
97327,T31,CST-MUMBAI,THANE,Monday,Weekday
97328,T30,THANE,CST-MUMBAI,Thursday,Weekday
97329,T35,CST-MUMBAI,THANE,Saturday,Weekend
97330,T32,THANE,CST-MUMBAI,Sunday,Weekend
97331,T37,CST-MUMBAI,THANE,Monday,Weekday
97332,T34,THANE,CST-MUMBAI,Monday,Weekday
97333,T39,CST-MUMBAI,THANE,Tuesday,Weekday
97334,T38,THANE,CST-MUMBAI,Monday,Weekday
97335,T41,CST-MUMBAI,THANE,Saturday,Weekend
97336,T4O,THANE,CST-MUMBAI,Friday,Weekday
97337,T45,CST-MUMBAI,THANE,Thursday,Weekday
97338,T44,THANE,CST-MUMBAI,Sunday,Weekend
97339,T47,CST-MUMBAI,THANE,Friday,Weekday
97340,T46,THANE,CST-MUMBAI,Friday,Weekday
97341,T49,CST-MUMBAI,THANE,Wednesday,Weekday
97342,T48,THANE,CST-MUMBAI,Friday,Weekday
97343,T51,CST-MUMBAI,THANE,Tuesday,Weekday
97344,T52,THANE,CST-MUMBAI,Monday,Weekday
97345,T53,CST-MUMBAI,THANE,Thursday,Weekday
97346,T54,THANE,CST-MUMBAI,Thursday,Weekday
97347,T55,CST-MUMBAI,THANE,Monday,Weekday
97348,T56,THANE,CST-MUMBAI,Friday,Weekday
97349,T57,CST-MUMBAI,THANE,Sunday,Weekend
97350,T58,THANE,CST-MUMBAI,Sunday,Weekend
97351,T59,CST-MUMBAI,THANE,Thursday,Weekday
97352,T60,THANE,CST-MUMBAI,Friday,Weekday
97353,T61,CST-MUMBAI,THANE,Saturday,Weekend
97354,T64,THANE,CST-MUMBAI,Tuesday,Weekday
97355,T63,CST-MUMBAI,THANE,Tuesday,Weekday
97356,T66,THANE,CST-MUMBAI,Thursday,Weekday
97357,T65,CST-MUMBAI,THANE,Tuesday,Weekday
97358,T68,THANE,CST-MUMBAI,Monday,Weekday
97359,T67,CST-MUMBAI,THANE,Friday,Weekday
97360,T70,THANE,CST-MUMBAI,Wednesday,Weekday
97361,T69,CST-MUMBAI,THANE,Sunday,Weekend
97362,T72,THANE,CST-MUMBAI,Monday,Weekday
97363,T 71,CST-MUMBAI,THANE,Saturday,Weekend
97364,T76,THANE,CST-MUMBAI,Sunday,Weekend
97365,T 73,CST-MUMBAI,THANE,Friday,Weekday
97366,T78,THANE,CST-MUMBAI,Sunday,Weekend
97367,T 75,CST-MUMBAI,THANE,Thursday,Weekday
97368,T80,THANE,CST-MUMBAI,Tuesday,Weekday
97369,T 77,CST-MUMBAI,THANE,Friday,Weekday
97370,T82,THANE,CST-MUMBAI,Monday,Weekday
97371,T79,CST-MUMBAI,THANE,Wednesday,Weekday
97372,T 84,THANE,CST-MUMBAI,Thursday,Weekday
97373,T81,CST-MUMBAI,THANE,Friday,Weekday
97374,T 86,THANE,CST-MUMBAI,Saturday,Weekend
97375,DT1,DADAR,THANE,Monday,Weekday
97376,T 88,THANE,CST-MUMBAI,Sunday,Weekend
97377,T83,CST-MUMBAI,THANE,Wednesday,Weekday
97378,T90,THANE,CST-MUMBAI,Friday,Weekday
97379,T85,CST-MUMBAI,THANE,Monday,Weekday
97380,T92,THANE,CST-MUMBAI,Saturday,Weekend
97381,T87,CST-MUMBAI,THANE,Tuesday,Weekday
97382,T94,THANE,CST-MUMBAI,Saturday,Weekend
97383,T89,CST-MUMBAI,THANE,Friday,Weekday
97384,DT2,THANE,DADAR,Thursday,Weekday
97385,T91,CST-MUMBAI,THANE,Thursday,Weekday
97386,T96,THANE,CST-MUMBAI,Sunday,Weekend
97387,T93,CST-MUMBAI,THANE,Saturday,Weekend
97388,T98,THANE,CST-MUMBAI,Saturday,Weekend
97389,T95,CST-MUMBAI,THANE,Tuesday,Weekday
97390,T100,THANE,CST-MUMBAI,Tuesday,Weekday
97391,T97,CST-MUMBAI,THANE,Friday,Weekday
97392,T102,THANE,CST-MUMBAI,Monday,Weekday
97393,T99,CST-MUMBAI,THANE,Thursday,Weekday
97394,T104,THANE,CST-MUMBAI,Saturday,Weekend
97395,T101,CST-MUMBAI,THANE,Wednesday,Weekday
97396,T106,THANE,CST-MUMBAI,Wednesday,Weekday
97397,T103,CST-MUMBAI,THANE,Friday,Weekday
97398,T108,THANE,CST-MUMBAI,Friday,Weekday
97399,T105,CST-MUMBAI,THANE,Wednesday,Weekday
97400,T110,THANE,CST-MUMBAI,Wednesday,Weekday
97401,T109,CST-MUMBAI,THANE,Sunday,Weekend
97402,T112,THANE,CST-MUMBAI,Wednesday,Weekday
97403,T111,CST-MUMBAI,THANE,Friday,Weekday
97404,T114,THANE,CST-MUMBAI,Sunday,Weekend
97405,T113,CST-MUMBAI,THANE,Saturday,Weekend
97406,DT4,THANE,DADAR,Saturday,Weekend
97407,T115,CST-MUMBAI,THANE,Sunday,Weekend
97408,T116,THANE,CST-MUMBAI,Monday,Weekday
97409,DT3,DADAR,THANE,Wednesday,Weekday
97410,DT6,THANE,DADAR,Monday,Weekday
97411,T119,CST-MUMBAI,THANE,Monday,Weekday
97412,T118,THANE,CST-MUMBAI,Sunday,Weekend
97413,T121,CST-MUMBAI,THANE,Thursday,Weekday
97414,T120,THANE,CST-MUMBAI,Thursday,Weekday
97415,DT5,DADAR,THANE,Wednesday,Weekday
97416,T122,THANE,CST-MUMBAI,Thursday,Weekday
97417,T123,CST-MUMBAI,THANE,Monday,Weekday
97418,T124,THANE,CST-MUMBAI,Wednesday,Weekday
97419,T125,CST-MUMBAI,THANE,Wednesday,Weekday
97420,DT8,THANE,DADAR,Friday,Weekday
97421,T129,CST-MUMBAI,THANE,Tuesday,Weekday
97422,T126,THANE,CST-MUMBAI,Friday,Weekday
97423,T131,CST-MUMBAI,THANE,Tuesday,Weekday
97424,DT10,THANE,DADAR,Tuesday,Weekday
97425,T133,CST-MUMBAI,THANE,Sunday,Weekend
97426,T128,THANE,CST-MUMBAI,Tuesday,Weekday
97427,T135,CST-MUMBAI,THANE,Monday,Weekday
97428,T130,THANE,CST-MUMBAI,Monday,Weekday
97429,DT7,DADAR,THANE,Friday,Weekday
97430,DT12,THANE,DADAR,Sunday,Weekend
97431,T137,CST-MUMBAI,THANE,Thursday,Weekday
97432,T132,THANE,CST-MUMBAI,Wednesday,Weekday
97433,T139,CST-MUMBAI,THANE,Tuesday,Weekday
97434,T134,THANE,CST-MUMBAI,Monday,Weekday
97435,T141,CST-MUMBAI,THANE,Thursday,Weekday
97436,T136,THANE,CST-MUMBAI,Saturday,Weekend
97437,T143,CST-MUMBAI,THANE,Saturday,Weekend
97438,T138,THANE,CST-MUMBAI,Saturday,Weekend
97439,T145,CST-MUMBAI,THANE,Tuesday,Weekday
97440,T140,THANE,CST-MUMBAI,Saturday,Weekend
97441,T147,CST-MUMBAI,THANE,Wednesday,Weekday
97442,DT14,THANE,DADAR,Tuesday,Weekday
97444,T146,THANE,CST-MUMBAI,Sunday,Weekend
97445,T149,CST-MUMBAI,THANE,Tuesday,Weekday
97446,T148,THANE,CST-MUMBAI,Sunday,Weekend
97501,G1,CST-MUMBAI,GHAT KOPAR,Tuesday,Weekday
97502,G2,GHAT KOPAR,CST-MUMBAI,Tuesday,Weekday
97503,G3,CST-MUMBAI,GHAT KOPAR,Saturday,Weekend
97504,G4,GHAT KOPAR,CST-MUMBAI,Thursday,Weekday
97601,C1,CST-MUMBAI,KURLA,Monday,Weekday
97602,C2,KURLA,CST-MUMBAI,Friday,Weekday
97603,C3,CST-MUMBAI,KURLA,Friday,Weekday
97604,C4,KURLA,CST-MUMBAI,Friday,Weekday
97605,C5,CST-MUMBAI,KURLA,Friday,Weekday
97606,C6,KURLA,CST-MUMBAI,Friday,Weekday
97607,C7,CST-MUMBAI,KURLA,Tuesday,Weekday
97608,C8,KURLA,CST-MUMBAI,Friday,Weekday
97609,C9,CST-MUMBAI,KURLA,Friday,Weekday
97610,C10,KURLA,CST-MUMBAI,Tuesday,Weekday
97611,C11,CST-MUMBAI,KURLA,Saturday,Weekend
97612,C 12,KURLA,CST-MUMBAI,Tuesday,Weekday
97613,C13,CST-MUMBAI,KURLA,Wednesday,Weekday
97614,C14,KURLA,CST-MUMBAI,Sunday,Weekend
97615,C15,CST-MUMBAI,KURLA,Monday,Weekday
97616,C16,KURLA,CST-MUMBAI,Saturday,Weekend
97617,C17,CST-MUMBAI,KURLA,Saturday,Weekend
97618,C18,KURLA,CST-MUMBAI,Thursday,Weekday
97619,C19,CST-MUMBAI,KURLA,Monday,Weekday
97620,C20,KURLA,CST-MUMBAI,Tuesday,Weekday
97621,C21,CST-MUMBAI,KURLA,Thursday,Weekday
97622,C22,KURLA,CST-MUMBAI,Sunday,Weekend
97623,C23,CST-MUMBAI,KURLA,Sunday,Weekend
97624,C24,KURLA,CST-MUMBAI,Friday,Weekday
97625,C25,CST-MUMBAI,KURLA,Friday,Weekday
97626,C26,KURLA,CST-MUMBAI,Thursday,Weekday
97627,C27,CST-MUMBAI,KURLA,Saturday,Weekend
97628,C28,KURLA,CST-MUMBAI,Thursday,Weekday
97629,C29,CST-MUMBAI,KURLA,Friday,Weekday
97630,C30,KURLA,CST-MUMBAI,Sunday,Weekend
97631,C31,CST-MUMBAI,KURLA,Monday,Weekday
97632,C32,KURLA,CST-MUMBAI,Friday,Weekday
97633,C33,CST-MUMBAI,KURLA,Thursday,Weekday
97634,C34,KURLA,CST-MUMBAI,Tuesday,Weekday
97635,C35,CST-MUMBAI,KURLA,Monday,Weekday
97636,C36,KURLA,CST-MUMBAI,Friday,Weekday
97637,C37,CST-MUMBAI,KURLA,Sunday,Weekend
97638,C 38,KURLA,CST-MUMBAI,Monday,Weekday
97639,C39,CST-MUMBAI,KURLA,Sunday,Weekend
97640,C 40,KURLA,CST-MUMBAI,Wednesday,Weekday
97641,C41,CST-MUMBAI,KURLA,Wednesday,Weekday
97642,C42,KURLA,CST-MUMBAI,Wednesday,Weekday
97643,C43,CST-MUMBAI,KURLA,Thursday,Weekday
97644,C44,KURLA,CST-MUMBAI,Sunday,Weekend
97645,C45,CST-MUMBAI,KURLA,Thursday,Weekday
97646,C46,KURLA,CST-MUMBAI,Wednesday,Weekday
97647,C47,CST-MUMBAI,KURLA,Friday,Weekday
97648,C48,KURLA,CST-MUMBAI,Thursday,Weekday
97649,C49,CST-MUMBAI,KURLA,Monday,Weekday
97651,C51,CST-MUMBAI,KURLA,Sunday,Weekend
97653,C53,CST-MUMBAI,KURLA,Monday,Weekday
97655,C55,CST-MUMBAI,KURLA,Friday,Weekday
98000,PL2,PANVEL,CST-MUMBAI,Saturday,Weekend
98001,PL1,CST-MUMBAI,PANVEL,Saturday,Weekend
98002,PL4,PANVEL,CST-MUMBAI,Tuesday,Weekday
98003,PL3,CST-MUMBAI,PANVEL,Saturday,Weekend
98004,PL6,PANVEL,CST-MUMBAI,Friday,Weekday
98005,PL5,CST-MUMBAI,PANVEL,Wednesday,Weekday
98006,PL8,PANVEL,CST-MUMBAI,Friday,Weekday
98007,PL7,CST-MUMBAI,PANVEL,Tuesday,Weekday
98008,PL10,PANVEL,CST-MUMBAI,Tuesday,Weekday
98009,PL9,CST-MUMBAI,PANVEL,Saturday,Weekend
98010,PL12,PANVEL,CST-MUMBAI,Sunday,Weekend
98011,PL11,CST-MUMBAI,PANVEL,Thursday,Weekday
98012,PL14,PANVEL,CST-MUMBAI,Sunday,Weekend
98013,VPL3,VASHI,PANVEL,Sunday,Weekend
98014,PL16,PANVEL,CST-MUMBAI,Thursday,Weekday
98015,PL13,CST-MUMBAI,PANVEL,Monday,Weekday
98016,PL18,PANVEL,CST-MUMBAI,Monday,Weekday
98017,PL15,CST-MUMBAI,PANVEL,Wednesday,Weekday
98018,PLVD2,PANVEL,MUMBAI VADALA ROAD,Thursday,Weekday
98019,PL17,CST-MUMBAI,PANVEL,Sunday,Weekend
98020,PL20,PANVEL,CST-MUMBAI,Tuesday,Weekday
98021,VPL3,VASHI,PANVEL,Tuesday,Weekday
98022,PL22,PANVEL,CST-MUMBAI,Thursday,Weekday
98023,PL19,CST-MUMBAI,PANVEL,Saturday,Weekend
98024,PL24,PANVEL,CST-MUMBAI,Monday,Weekday
98025,PL21,CST-MUMBAI,PANVEL,Thursday,Weekday
98026,PL VD4,PANVEL,MUMBAI VADALA ROAD,Wednesday,Weekday
98027,PL23,CST-MUMBAI,PANVEL,Saturday,Weekend
98028,PL26,PANVEL,CST-MUMBAI,Monday,Weekday
98029,PL25,CST-MUMBAI,PANVEL,Tuesday,Weekday
98030,PL28,PANVEL,CST-MUMBAI,Wednesday,Weekday
98031,PLVD1,MUMBAI VADALA ROAD,PANVEL,Monday,Weekday
98032,PL VD6,PANVEL,MUMBAI VADALA ROAD,Friday,Weekday
98033,PL27,CST-MUMBAI,PANVEL,Saturday,Weekend
98034,PL30,PANVEL,CST-MUMBAI,Tuesday,Weekday
98035,PL 29,CST-MUMBAI,PANVEL,Thursday,Weekday
98036,PL32,PANVEL,CST-MUMBAI,Wednesday,Weekday
98037,PL 31,CST-MUMBAI,PANVEL,Friday,Weekday
98038,PL34,PANVEL,CST-MUMBAI,Sunday,Weekend
98039,PL 33,CST-MUMBAI,PANVEL,Monday,Weekday
98040,PLVD8,PANVEL,MUMBAI VADALA ROAD,Friday,Weekday
98041,PL 35,CST-MUMBAI,PANVEL,Thursday,Weekday
98042,PL36,PANVEL,CST-MUMBAI,Tuesday,Weekday
98043,PL 37,CST-MUMBAI,PANVEL,Sunday,Weekend
98044,PL38,PANVEL,CST-MUMBAI,Monday,Weekday
98045,PL 39,CST-MUMBAI,PANVEL,Thursday,Weekday
98046,PL40,PANVEL,CST-MUMBAI,Monday,Weekday
98047,PL 41,CST-MUMBAI,PANVEL,Friday,Weekday
98048,PL42,PANVEL,CST-MUMBAI,Sunday,Weekend
98049,PL43,CST-MUMBAI,PANVEL,Thursday,Weekday
98050,PL44,PANVEL,CST-MUMBAI,Wednesday,Weekday
98051,PLVD3,MUMBAI VADALA ROAD,PANVEL,Wednesday,Weekday
98052,PL46,PANVEL,CST-MUMBAI,Tuesday,Weekday
98053,PL45,CST-MUMBAI,PANVEL,Thursday,Weekday
98054,PL48,PANVEL,CST-MUMBAI,Saturday,Weekend
98055,PL 47,CST-MUMBAI,PANVEL,Tuesday,Weekday
98056,PL50,PANVEL,CST-MUMBAI,Thursday,Weekday
98057,PL 49,CST-MUMBAI,PANVEL,Saturday,Weekend
98058,PL52,PANVEL,CST-MUMBAI,Friday,Weekday
98059,PL 51,CST-MUMBAI,PANVEL,Tuesday,Weekday
98060,PL54,PANVEL,CST-MUMBAI,Thursday,Weekday
98061,PL53,CST-MUMBAI,PANVEL,Saturday,Weekend
98062,PL56,PANVEL,CST-MUMBAI,Sunday,Weekend
98063,PL 55,CST-MUMBAI,PANVEL,Wednesday,Weekday
98064,PL58,PANVEL,CST-MUMBAI,Monday,Weekday
98065,PL57,CST-MUMBAI,PANVEL,Wednesday,Weekday
98066,PL60,PANVEL,CST-MUMBAI,Sunday,Weekend
98067,PL59,CST-MUMBAI,PANVEL,Wednesday,Weekday
98068,PL62,PANVEL,CST-MUMBAI,Friday,Weekday
98069,PL 61,CST-MUMBAI,PANVEL,Friday,Weekday
98070,PL64,PANVEL,CST-MUMBAI,Thursday,Weekday
98071,PL 63,CST-MUMBAI,PANVEL,Sunday,Weekend
98072,PL66,PANVEL,CST-MUMBAI,Tuesday,Weekday
98073,PL 65,CST-MUMBAI,PANVEL,Friday,Weekday
98074,PL68,PANVEL,CST-MUMBAI,Tuesday,Weekday
98075,PL67,CST-MUMBAI,PANVEL,Sunday,Weekend
98076,PL70,PANVEL,CST-MUMBAI,Wednesday,Weekday
98077,PL69,CST-MUMBAI,PANVEL,Sunday,Weekend
98078,PL72,PANVEL,CST-MUMBAI,Wednesday,Weekday
98079,PL71,CST-MUMBAI,PANVEL,Saturday,Weekend
98080,PL74,PANVEL,CST-MUMBAI,Sunday,Weekend
98081,PL73,CST-MUMBAI,PANVEL,Tuesday,Weekday
98082,PL76,PANVEL,CST-MUMBAI,Wednesday,Weekday
98083,PL 73,MUMBAI VADALA ROAD,PANVEL,Wednesday,Weekday
98084,PL78,PANVEL,CST-MUMBAI,Saturday,Weekend
98085,PL 75,CST-MUMBAI,PANVEL,Sunday,Weekend
98087,PL 77,CST-MUMBAI,PANVEL,Saturday,Weekend
98088,PL82,PANVEL,CST-MUMBAI,Friday,Weekday
98089,PL 79,CST-MUMBAI,PANVEL,Monday,Weekday
98090,PL84,PANVEL,CST-MUMBAI,Wednesday,Weekday
98091,PL 81,CST-MUMBAI,PANVEL,Sunday,Weekend
98092,PL86,PANVEL,CST-MUMBAI,Monday,Weekday
98093,PL83,CST-MUMBAI,PANVEL,Wednesday,Weekday
98094,PL88,PANVEL,CST-MUMBAI,Tuesday,Weekday
98095,PL85,CST-MUMBAI,PANVEL,Wednesday,Weekday
98096,PL90,PANVEL,CST-MUMBAI,Saturday,Weekend
98097,PL87,CST-MUMBAI,PANVEL,Sunday,Weekend
98098,PL92,PANVEL,CST-MUMBAI,Tuesday,Weekday
98099,PL89,CST-MUMBAI,PANVEL,Friday,Weekday
98100,PL94,PANVEL,CST-MUMBAI,Thursday,Weekday
98101,PL91,CST-MUMBAI,PANVEL,Sunday,Weekend
98102,PL96,PANVEL,CST-MUMBAI,Friday,Weekday
98103,PLVD7,MUMBAI VADALA ROAD,PANVEL,Friday,Weekday
98104,PL98,PANVEL,CST-MUMBAI,Thursday,Weekday
98105,PL 93,CST-MUMBAI,PANVEL,Wednesday,Weekday
98106,PL100,PANVEL,CST-MUMBAI,Friday,Weekday
98107,PL 95,CST-MUMBAI,PANVEL,Tuesday,Weekday
98108,PL102,PANVEL,CST-MUMBAI,Thursday,Weekday
98109,PL 97,CST-MUMBAI,PANVEL,Thursday,Weekday
98110,PL104,PANVEL,CST-MUMBAI,Monday,Weekday
98111,PL 99,CST-MUMBAI,PANVEL,Tuesday,Weekday
98112,PL106,PANVEL,CST-MUMBAI,Monday,Weekday
98113,PL 101,CST-MUMBAI,PANVEL,Tuesday,Weekday
98114,PL108,PANVEL,CST-MUMBAI,Saturday,Weekend
98115,PL 103,CST-MUMBAI,PANVEL,Wednesday,Weekday
98116,PL110,PANVEL,CST-MUMBAI,Saturday,Weekend
98117,PL 105,CST-MUMBAI,PANVEL,Friday,Weekday
98118,PL112,PANVEL,CST-MUMBAI,Saturday,Weekend
98119,PL 107,CST-MUMBAI,PANVEL,Sunday,Weekend
98120,PL114,PANVEL,CST-MUMBAI,Saturday,Weekend
98121,PL 109,CST-MUMBAI,PANVEL,Thursday,Weekday
98122,PL116,PANVEL,CST-MUMBAI,Wednesday,Weekday
98123,PL 111,CST-MUMBAI,PANVEL,Wednesday,Weekday
98124,PL118,PANVEL,CST-MUMBAI,Tuesday,Weekday
98125,PL113,CST-MUMBAI,PANVEL,Saturday,Weekend
98126,PL120,PANVEL,CST-MUMBAI,Sunday,Weekend
98127,PL115,CST-MUMBAI,PANVEL,Sunday,Weekend
98128,PL122,PANVEL,CST-MUMBAI,Saturday,Weekend
98129,PL117,CST-MUMBAI,PANVEL,Thursday,Weekday
98130,PL124,PANVEL,CST-MUMBAI,Monday,Weekday
98131,PL119,CST-MUMBAI,PANVEL,Thursday,Weekday
98132,PL126,PANVEL,CST-MUMBAI,Friday,Weekday
98133,PLVD9,MUMBAI VADALA ROAD,PANVEL,Sunday,Weekend
98134,PL122,PANVEL,MUMBAI VADALA ROAD,Monday,Weekday
98135,PL121,CST-MUMBAI,PANVEL,Friday,Weekday
98136,PL128,PANVEL,CST-MUMBAI,Friday,Weekday
98137,PL123,CST-MUMBAI,PANVEL,Friday,Weekday
98138,PL130,PANVEL,CST-MUMBAI,Sunday,Weekend
98139,PL125,CST-MUMBAI,PANVEL,Tuesday,Weekday
98140,PL132,PANVEL,CST-MUMBAI,Sunday,Weekend
98141,PL127,CST-MUMBAI,PANVEL,Friday,Weekday
98142,PL134,PANVEL,CST-MUMBAI,Sunday,Weekend
98143,PLVD11,MUMBAI VADALA ROAD,PANVEL,Thursday,Weekday
98144,PLVD12,PANVEL,MUMBAI VADALA ROAD,Sunday,Weekend
98145,PL129,CST-MUMBAI,PANVEL,Friday,Weekday
98146,PL136,PANVEL,CST-MUMBAI,Monday,Weekday
98147,PL131,CST-MUMBAI,PANVEL,Sunday,Weekend
98148,PL138,PANVEL,CST-MUMBAI,Wednesday,Weekday
98149,PLVD13,MUMBAI VADALA ROAD,PANVEL,Thursday,Weekday
98150,PL140,PANVEL,CST-MUMBAI,Friday,Weekday
98151,PL 133,CST-MUMBAI,PANVEL,Thursday,Weekday
98152,PL142,PANVEL,CST-MUMBAI,Thursday,Weekday
98153,PL 135,CST-MUMBAI,PANVEL,Tuesday,Weekday
98154,PL144,PANVEL,CST-MUMBAI,Friday,Weekday
98155,PL 137,CST-MUMBAI,PANVEL,Thursday,Weekday
98156,PL146,PANVEL,CST-MUMBAI,Monday,Weekday
98157,PL139,CST-MUMBAI,PANVEL,Saturday,Weekend
98158,PL148,PANVEL,CST-MUMBAI,Monday,Weekday
98159,PL141,CST-MUMBAI,PANVEL,Tuesday,Weekday
98160,PL150,PANVEL,CST-MUMBAI,Monday,Weekday
98161,PL143,CST-MUMBAI,PANVEL,Friday,Weekday
98162,PL152,PANVEL,CST-MUMBAI,Sunday,Weekend
98163,PL145,CST-MUMBAI,PANVEL,Tuesday,Weekday
98164,PL154,PANVEL,CST-MUMBAI,Wednesday,Weekday
98165,PL147,CST-MUMBAI,PANVEL,Wednesday,Weekday
98166,VPL2,PANVEL,VASHI,Tuesday,Weekday
98167,PLVD15,MUMBAI VADALA ROAD,PANVEL,Tuesday,Weekday
98168,PL156,PANVEL,CST-MUMBAI,Tuesday,Weekday
98169,PL149,CST-MUMBAI,PANVEL,Friday,Weekday
98170,PL158,PANVEL,CST-MUMBAI,Tuesday,Weekday
98171,PL151,CST-MUMBAI,PANVEL,Wednesday,Weekday
98172,PL160,PANVEL,CST-MUMBAI,Thursday,Weekday
98173,PLVD17,MUMBAI VADALA ROAD,PANVEL,Wednesday,Weekday
98174,PL162,PANVEL,CST-MUMBAI,Sunday,Weekend
98175,PL153,CST-MUMBAI,PANVEL,Tuesday,Weekday
98176,PL164,PANVEL,CST-MUMBAI,Thursday,Weekday
98177,PLVD19,MUMBAI VADALA ROAD,PANVEL,Sunday,Weekend
98178,PL166,PANVEL,CST-MUMBAI,Thursday,Weekday
98179,PL155,CST-MUMBAI,PANVEL,Saturday,Weekend
98180,PL168,PANVEL,CST-MUMBAI,Thursday,Weekday
98181,PLVD21,MUMBAI VADALA ROAD,PANVEL,Thursday,Weekday
98182,PL170,PANVEL,CST-MUMBAI,Saturday,Weekend
98183,PL157,CST-MUMBAI,PANVEL,Sunday,Weekend
98184,PL172,PANVEL,CST-MUMBAI,Saturday,Weekend
98185,PL 159,CST-MUMBAI,PANVEL,Friday,Weekday
98186,PL174,PANVEL,CST-MUMBAI,Friday,Weekday
98187,PLVD23,MUMBAI VADALA ROAD,PANVEL,Wednesday,Weekday
98188,PL176,PANVEL,CST-MUMBAI,Friday,Weekday
98189,PL 161,CST-MUMBAI,PANVEL,Thursday,Weekday
98190,PL178,PANVEL,CST-MUMBAI,Sunday,Weekend
98191,PL 163,CST-MUMBAI,PANVEL,Sunday,Weekend
98192,PL180,PANVEL,CST-MUMBAI,Thursday,Weekday
98193,PL 165,CST-MUMBAI,PANVEL,Thursday,Weekday
98194,PL182,PANVEL,CST-MUMBAI,Thursday,Weekday
98195,PL 167,CST-MUMBAI,PANVEL,Monday,Weekday
98196,BRPL4,PANVEL,BELAPUR C.B.D,Saturday,Weekend
98197,PL 169,CST-MUMBAI,PANVEL,Wednesday,Weekday
98198,PL184,PANVEL,CST-MUMBAI,Friday,Weekday
98199,PL 171,CST-MUMBAI,PANVEL,Saturday,Weekend
98200,VPL4,PANVEL,VASHI,Saturday,Weekend
98201,PL 173,CST-MUMBAI,PANVEL,Sunday,Weekend
98202,PL186,PANVEL,CST-MUMBAI,Saturday,Weekend
98203,PL175,CST-MUMBAI,PANVEL,Tuesday,Weekday
98204,PL188,PANVEL,CST-MUMBAI,Sunday,Weekend
98205,PL 177,CST-MUMBAI,PANVEL,Tuesday,Weekday
98207,PL 179,CST-MUMBAI,PANVEL,Sunday,Weekend
98208,BRPL2,PANVEL,BELAPUR C.B.D,Tuesday,Weekday
98209,PL 181,CST-MUMBAI,PANVEL,Thursday,Weekday
98211,PL 183,CST-MUMBAI,PANVEL,Thursday,Weekday
98213,PL185,CST-MUMBAI,PANVEL,Wednesday,Weekday
98214,BRPL6,PANVEL,BELAPUR C.B.D,Wednesday,Weekday
98215,PL187,CST-MUMBAI,PANVEL,Sunday,Weekend
98300,BR2,BELAPUR C.B.D,CST-MUMBAI,Wednesday,Weekday
98301,BR1,CST-MUMBAI,BELAPUR C.B.D,Sunday,Weekend
98302,BR4,BELAPUR C.B.D,CST-MUMBAI,Monday,Weekday
98303,BR3,CST-MUMBAI,BELAPUR C.B.D,Tuesday,Weekday
98304,BR6,BELAPUR C.B.D,CST-MUMBAI,Monday,Weekday
98305,BR5,CST-MUMBAI,BELAPUR C.B.D,Wednesday,Weekday
98306,BR8,BELAPUR C.B.D,CST-MUMBAI,Sunday,Weekend
98307,BR7,CST-MUMBAI,BELAPUR C.B.D,Thursday,Weekday
98308,BR10,BELAPUR C.B.D,CST-MUMBAI,Wednesday,Weekday
98309,BRVD1,MUMBAI VADALA ROAD,BELAPUR C.B.D,Monday,Weekday
98310,BR12,BELAPUR C.B.D,CST-MUMBAI,Tuesday,Weekday
98311,BR9,CST-MUMBAI,BELAPUR C.B.D,Monday,Weekday
98312,BR14,BELAPUR C.B.D,CST-MUMBAI,Saturday,Weekend
98313,BR 11,CST-MUMBAI,BELAPUR C.B.D,Sunday,Weekend
98314,BR16,BELAPUR C.B.D,CST-MUMBAI,Saturday,Weekend
98315,BR 13,CST-MUMBAI,BELAPUR C.B.D,Wednesday,Weekday
98316,BR18,BELAPUR C.B.D,CST-MUMBAI,Wednesday,Weekday
98317,BR 15,CST-MUMBAI,BELAPUR C.B.D,Sunday,Weekend
98318,BR20,BELAPUR C.B.D,CST-MUMBAI,Wednesday,Weekday
98319,BR17,CST-MUMBAI,BELAPUR C.B.D,Monday,Weekday
98320,BR22,BELAPUR C.B.D,CST-MUMBAI,Wednesday,Weekday
98321,BRVD3,MUMBAI VADALA ROAD,BELAPUR C.B.D,Wednesday,Weekday
98322,BR24,BELAPUR C.B.D,CST-MUMBAI,Sunday,Weekend
98323,BR19,CST-MUMBAI,BELAPUR C.B.D,Wednesday,Weekday
98324,BR26,BELAPUR C.B.D,CST-MUMBAI,Thursday,Weekday
98325,BR21,CST-MUMBAI,BELAPUR C.B.D,Tuesday,Weekday
98326,BR28,BELAPUR C.B.D,CST-MUMBAI,Monday,Weekday
98327,BR23,CST-MUMBAI,BELAPUR C.B.D,Wednesday,Weekday
98328,BR30,BELAPUR C.B.D,CST-MUMBAI,Wednesday,Weekday
98329,BRVD5,MUMBAI VADALA ROAD,BELAPUR C.B.D,Monday,Weekday
98330,BR32,BELAPUR C.B.D,CST-MUMBAI,Sunday,Weekend
98331,BR25,CST-MUMBAI,BELAPUR C.B.D,Friday,Weekday
98332,BR34,BELAPUR C.B.D,CST-MUMBAI,Tuesday,Weekday
98333,BR 27,CST-MUMBAI,BELAPUR C.B.D,Thursday,Weekday
98334,BRVD2,BELAPUR C.B.D,MUMBAI VADALA ROAD,Monday,Weekday
98335,BR 29,CST-MUMBAI,BELAPUR C.B.D,Monday,Weekday
98336,BR36,BELAPUR C.B.D,CST-MUMBAI,Sunday,Weekend
98337,BR 31,CST-MUMBAI,BELAPUR C.B.D,Monday,Weekday
98338,BRVD4,BELAPUR C.B.D,MUMBAI VADALA ROAD,Saturday,Weekend
98339,BR33,CST-MUMBAI,BELAPUR C.B.D,Wednesday,Weekday
98340,BRVD6,BELAPUR C.B.D,MUMBAI VADALA ROAD,Saturday,Weekend
98341,BR 35,CST-MUMBAI,BELAPUR C.B.D,Thursday,Weekday
98342,BR38,BELAPUR C.B.D,CST-MUMBAI,Wednesday,Weekday
98343,BR 37,CST-MUMBAI,BELAPUR C.B.D,Monday,Weekday
98344,BR40,BELAPUR C.B.D,CST-MUMBAI,Thursday,Weekday
98345,BR 39,CST-MUMBAI,BELAPUR C.B.D,Tuesday,Weekday
98346,BR42,BELAPUR C.B.D,CST-MUMBAI,Thursday,Weekday
98347,BR 41,CST-MUMBAI,BELAPUR C.B.D,Saturday,Weekend
98348,BR44,BELAPUR C.B.D,CST-MUMBAI,Tuesday,Weekday
98349,BR 43,CST-MUMBAI,BELAPUR C.B.D,Monday,Weekday
98350,BR46,BELAPUR C.B.D,CST-MUMBAI,Friday,Weekday
98351,BR 45,CST-MUMBAI,BELAPUR C.B.D,Saturday,Weekend
98352,BR48,BELAPUR C.B.D,CST-MUMBAI,Saturday,Weekend
98353,BR 47,CST-MUMBAI,BELAPUR C.B.D,Thursday,Weekday
98354,BR50,BELAPUR C.B.D,CST-MUMBAI,Tuesday,Weekday
98355,BRVD7,MUMBAI VADALA ROAD,BELAPUR C.B.D,Tuesday,Weekday
98356,BR52,BELAPUR C.B.D,CST-MUMBAI,Saturday,Weekend
98357,BR49,CST-MUMBAI,BELAPUR C.B.D,Saturday,Weekend
98358,BR54,BELAPUR C.B.D,CST-MUMBAI,Wednesday,Weekday
98359,BR51,CST-MUMBAI,BELAPUR C.B.D,Thursday,Weekday
98360,BR56,BELAPUR C.B.D,CST-MUMBAI,Thursday,Weekday
98361,BR 53,CST-MUMBAI,BELAPUR C.B.D,Wednesday,Weekday
98362,BR58,BELAPUR C.B.D,CST-MUMBAI,Wednesday,Weekday
98363,BR 55,CST-MUMBAI,BELAPUR C.B.D,Wednesday,Weekday
98364,BRVD8,BELAPUR C.B.D,MUMBAI VADALA ROAD,Thursday,Weekday
98365,BR 57,CST-MUMBAI,BELAPUR C.B.D,Sunday,Weekend
98366,BR60,BELAPUR C.B.D,CST-MUMBAI,Saturday,Weekend
98367,BRVD9,MUMBAI VADALA ROAD,BELAPUR C.B.D,Wednesday,Weekday
98368,BR62,BELAPUR C.B.D,CST-MUMBAI,Saturday,Weekend
98369,BR59,CST-MUMBAI,BELAPUR C.B.D,Wednesday,Weekday
98370,BR64,BELAPUR C.B.D,CST-MUMBAI,Wednesday,Weekday
98371,BR61,CST-MUMBAI,BELAPUR C.B.D,Monday,Weekday
98372,BR66,BELAPUR C.B.D,CST-MUMBAI,Tuesday,Weekday
98373,BR 63,CST-MUMBAI,BELAPUR C.B.D,Wednesday,Weekday
98374,BR68,BELAPUR C.B.D,CST-MUMBAI,Monday,Weekday
98375,BR 65,CST-MUMBAI,BELAPUR C.B.D,Thursday,Weekday
98376,BR70,BELAPUR C.B.D,CST-MUMBAI,Thursday,Weekday
98377,BR 67,CST-MUMBAI,BELAPUR C.B.D,Monday,Weekday
98378,BR72,BELAPUR C.B.D,CST-MUMBAI,Monday,Weekday
98379,BR 69,CST-MUMBAI,BELAPUR C.B.D,Friday,Weekday
98380,BR74,BELAPUR C.B.D,CST-MUMBAI,Friday,Weekday
98381,BR 71,CST-MUMBAI,BELAPUR C.B.D,Saturday,Weekend
98382,BR76,BELAPUR C.B.D,CST-MUMBAI,Monday,Weekday
98384,BRVD10,BELAPUR C.B.D,MUMBAI VADALA ROAD,Saturday,Weekend
98386,BR78,BELAPUR C.B.D,CST-MUMBAI,Sunday,Weekend
98388,BR80,BELAPUR C.B.D,CST-MUMBAI,Monday,Weekday
98390,BR82,BELAPUR C.B.D,CST-MUMBAI,Friday,Weekday
98392,BR84,BELAPUR C.B.D,CST-MUMBAI,Friday,Weekday
98394,BR86,BELAPUR C.B.D,CST-MUMBAI,Monday,Weekday
98500,V2,VASHI,CST-MUMBAI,Thursday,Weekday
98501,V 1,CST-MUMBAI,VASHI,Friday,Weekday
98502,V4,VASHI,CST-MUMBAI,Saturday,Weekend
98503,V 3,CST-MUMBAI,VASHI,Saturday,Weekend
98504,V6,VASHI,CST-MUMBAI,Thursday,Weekday
98505,V 5,CST-MUMBAI,VASHI,Thursday,Weekday
98506,V8,VASHI,CST-MUMBAI,Monday,Weekday
98507,VVD1,MUMBAI VADALA ROAD,VASHI,Saturday,Weekend
98508,V10,VASHI,CST-MUMBAI,Sunday,Weekend
98509,V7,CST-MUMBAI,VASHI,Wednesday,Weekday
98510,V12,VASHI,CST-MUMBAI,Wednesday,Weekday
98511,V9,CST-MUMBAI,VASHI,Friday,Weekday
98512,V14,VASHI,CST-MUMBAI,Thursday,Weekday
98513,V11,CST-MUMBAI,VASHI,Saturday,Weekend
98514,VVD2,VASHI,MUMBAI VADALA ROAD,Thursday,Weekday
98515,V13,CST-MUMBAI,VASHI,Monday,Weekday
98516,V16,VASHI,CST-MUMBAI,Tuesday,Weekday
98517,V15,CST-MUMBAI,VASHI,Sunday,Weekend
98518,V18,VASHI,CST-MUMBAI,Monday,Weekday
98519,V17,CST-MUMBAI,VASHI,Thursday,Weekday
98520,V20,VASHI,CST-MUMBAI,Friday,Weekday
98521,V19,CST-MUMBAI,VASHI,Saturday,Weekend
98522,V22,VASHI,CST-MUMBAI,Friday,Weekday
98523,V 21,CST-MUMBAI,VASHI,Friday,Weekday
98524,V24,VASHI,CST-MUMBAI,Monday,Weekday
98525,V23,CST-MUMBAI,VASHI,Wednesday,Weekday
98526,V26,VASHI,CST-MUMBAI,Friday,Weekday
98527,VVD3,MUMBAI VADALA ROAD,VASHI,Saturday,Weekend
98528,V28,VASHI,CST-MUMBAI,Tuesday,Weekday
98529,V 25,CST-MUMBAI,VASHI,Friday,Weekday
98530,V30,VASHI,CST-MUMBAI,Thursday,Weekday
98531,V27,CST-MUMBAI,VASHI,Thursday,Weekday
98532,V32,VASHI,CST-MUMBAI,Saturday,Weekend
98533,V 29,CST-MUMBAI,VASHI,Tuesday,Weekday
98535,V 31,CST-MUMBAI,VASHI,Wednesday,Weekday
98537,V 33,CST-MUMBAI,VASHI,Friday,Weekday
98538,VVD4,VASHI,MUMBAI VADALA ROAD,Wednesday,Weekday
98539,V35,CST-MUMBAI,VASHI,Saturday,Weekend
98540,V34,VASHI,CST-MUMBAI,Monday,Weekday
98541,V 37,CST-MUMBAI,VASHI,Sunday,Weekend
98543,V 39,CST-MUMBAI,VASHI,Thursday,Weekday
98544,V36,VASHI,CST-MUMBAI,Sunday,Weekend
98545,V 41,CST-MUMBAI,VASHI,Tuesday,Weekday
98546,VVD6,VASHI,MUMBAI VADALA ROAD,Monday,Weekday
98547,V 43,CST-MUMBAI,VASHI,Wednesday,Weekday
98548,V38,VASHI,CST-MUMBAI,Monday,Weekday
98549,V 45,CST-MUMBAI,VASHI,Wednesday,Weekday
98550,V40,VASHI,CST-MUMBAI,Wednesday,Weekday
98551,V 47,CST-MUMBAI,VASHI,Wednesday,Weekday
98552,V42,VASHI,CST-MUMBAI,Wednesday,Weekday
98553,V 49,CST-MUMBAI,VASHI,Sunday,Weekend
98554,V44,VASHI,CST-MUMBAI,Sunday,Weekend
98555,V 51,CST-MUMBAI,VASHI,Friday,Weekday
98556,V46,VASHI,CST-MUMBAI,Sunday,Weekend
98557,V 53,CST-MUMBAI,VASHI,Monday,Weekday
98558,VVD8,VASHI,MUMBAI VADALA ROAD,Saturday,Weekend
98559,V 55,CST-MUMBAI,VASHI,Wednesday,Weekday
98560,V48,VASHI,CST-MUMBAI,Monday,Weekday
98561,V 57,CST-MUMBAI,VASHI,Wednesday,Weekday
98562,VVD10,VASHI,MUMBAI VADALA ROAD,Monday,Weekday
98563,V 59,CST-MUMBAI,VASHI,Friday,Weekday
98564,V50,VASHI,CST-MUMBAI,Tuesday,Weekday
98565,V 61,CST-MUMBAI,VASHI,Sunday,Weekend
98566,V52,VASHI,CST-MUMBAI,Tuesday,Weekday
98567,V 63,CST-MUMBAI,VASHI,Friday,Weekday
98568,V54,VASHI,CST-MUMBAI,Saturday,Weekend
98569,V 65,CST-MUMBAI,VASHI,Saturday,Weekend
98570,VVD12,VASHI,MUMBAI VADALA ROAD,Friday,Weekday
98571,V67,CST-MUMBAI,VASHI,Saturday,Weekend
98572,V56,VASHI,CST-MUMBAI,Friday,Weekday
98573,V 69,CST-MUMBAI,VASHI,Tuesday,Weekday
98574,V58,VASHI,CST-MUMBAI,Wednesday,Weekday
98575,V71,CST-MUMBAI,VASHI,Monday,Weekday
98576,V60,VASHI,CST-MUMBAI,Sunday,Weekend
98577,V73,CST-MUMBAI,VASHI,Sunday,Weekend
98578,VVD14,VASHI,MUMBAI VADALA ROAD,Thursday,Weekday
98580,VVD16,VASHI,MUMBAI VADALA ROAD,Sunday,Weekend
98600,M2,MANKHURD,CST-MUMBAI,Monday,Weekday
98601,M 1,CST-MUMBAI,MANKHURD,Monday,Weekday
98602,M4,MANKHURD,CST-MUMBAI,Sunday,Weekend
98603,M 3,CST-MUMBAI,MANKHURD,Saturday,Weekend
98604,CM2,CHEMBUR,CST-MUMBAI,Tuesday,Weekday
98605,CM1,CST-MUMBAI,CHEMBUR,Thursday,Weekday
98700,AD2,RAVLI JN,CST-MUMBAI,Sunday,Weekend
98701,AD1,CST-MUMBAI,RAVLI JN,Thursday,Weekday
98702,AD4,RAVLI JN,CST-MUMBAI,Saturday,Weekend
98703,AD3,CST-MUMBAI,RAVLI JN,Tuesday,Weekday
98704,AD6,RAVLI JN,CST-MUMBAI,Friday,Weekday
98705,AD5,CST-MUMBAI,RAVLI JN,Tuesday,Weekday
98706,AD8,RAVLI JN,CST-MUMBAI,Monday,Weekday
98707,AD7,CST-MUMBAI,RAVLI JN,Saturday,Weekend
98708,AD10,RAVLI JN,CST-MUMBAI,Saturday,Weekend
98709,AD9,CST-MUMBAI,RAVLI JN,Friday,Weekday
98710,AD12,RAVLI JN,CST-MUMBAI,Friday,Weekday
98711,AD11,CST-MUMBAI,RAVLI JN,Thursday,Weekday
98712,AD14,RAVLI JN,CST-MUMBAI,Monday,Weekday
98713,AD13,CST-MUMBAI,RAVLI JN,Friday,Weekday
98714,AD16,RAVLI JN,CST-MUMBAI,Thursday,Weekday
98715,AD 15,CST-MUMBAI,RAVLI JN,Thursday,Weekday
98716,AD18,RAVLI JN,CST-MUMBAI,Friday,Weekday
98717,AD 17,CST-MUMBAI,RAVLI JN,Thursday,Weekday
98718,AD20,RAVLI JN,CST-MUMBAI,Thursday,Weekday
98719,AD 19,CST-MUMBAI,RAVLI JN,Saturday,Weekend
98720,AD22,RAVLI JN,CST-MUMBAI,Saturday,Weekend
98721,AD21,CST-MUMBAI,RAVLI JN,Monday,Weekday
98722,AD24,RAVLI JN,CST-MUMBAI,Monday,Weekday
98723,AD23,CST-MUMBAI,RAVLI JN,Friday,Weekday
98724,AD26,RAVLI JN,CST-MUMBAI,Saturday,Weekend
98725,AD25,CST-MUMBAI,RAVLI JN,Friday,Weekday
98726,AD28,RAVLI JN,CST-MUMBAI,Wednesday,Weekday
98727,AD27,CST-MUMBAI,RAVLI JN,Wednesday,Weekday
98728,AD30,RAVLI JN,CST-MUMBAI,Monday,Weekday
98729,AD29,CST-MUMBAI,RAVLI JN,Friday,Weekday
98730,AD32,RAVLI JN,CST-MUMBAI,Thursday,Weekday
98731,AD 31,CST-MUMBAI,RAVLI JN,Saturday,Weekend
98732,AD34,RAVLI JN,CST-MUMBAI,Wednesday,Weekday
98733,AD 33,CST-MUMBAI,RAVLI JN,Saturday,Weekend
98734,AD36,RAVLI JN,CST-MUMBAI,Sunday,Weekend
98735,AD 35,CST-MUMBAI,RAVLI JN,Friday,Weekday
98736,AD38,RAVLI JN,CST-MUMBAI,Sunday,Weekend
98737,AD 37,CST-MUMBAI,RAVLI JN,Wednesday,Weekday
98738,AD40,RAVLI JN,CST-MUMBAI,Wednesday,Weekday
98739,AD 39,CST-MUMBAI,RAVLI JN,Tuesday,Weekday
98740,AD42,RAVLI JN,CST-MUMBAI,Friday,Weekday
98741,AD 41,CST-MUMBAI,RAVLI JN,Saturday,Weekend
98742,AD44,RAVLI JN,CST-MUMBAI,Friday,Weekday
98743,AD 43,CST-MUMBAI,RAVLI JN,Friday,Weekday
98744,AD46,RAVLI JN,CST-MUMBAI,Wednesday,Weekday
98745,AD 45,CST-MUMBAI,RAVLI JN,Saturday,Weekend
98746,AD48,RAVLI JN,CST-MUMBAI,Saturday,Weekend
98747,AD 47,CST-MUMBAI,RAVLI JN,Thursday,Weekday
98748,AD50,RAVLI JN,CST-MUMBAI,Thursday,Weekday
98749,AD 49,CST-MUMBAI,RAVLI JN,Sunday,Weekend
98750,AD52,RAVLI JN,CST-MUMBAI,Friday,Weekday
98751,AD 51,CST-MUMBAI,RAVLI JN,Thursday,Weekday
98752,AD54,RAVLI JN,CST-MUMBAI,Wednesday,Weekday
98753,AD 53,CST-MUMBAI,RAVLI JN,Monday,Weekday
98754,AD56,RAVLI JN,CST-MUMBAI,Friday,Weekday
98755,AD 55,CST-MUMBAI,RAVLI JN,Sunday,Weekend
98756,AD58,RAVLI JN,CST-MUMBAI,Tuesday,Weekday
98757,AD 57,CST-MUMBAI,RAVLI JN,Friday,Weekday
98758,AD60,RAVLI JN,CST-MUMBAI,Monday,Weekday
98759,AD 59,CST-MUMBAI,RAVLI JN,Tuesday,Weekday
98760,AD62,RAVLI JN,CST-MUMBAI,Sunday,Weekend
98761,AD 61,CST-MUMBAI,RAVLI JN,Tuesday,Weekday
98762,AD64,RAVLI JN,CST-MUMBAI,Friday,Weekday
98763,AD 63,CST-MUMBAI,RAVLI JN,Saturday,Weekend
98764,AD66,RAVLI JN,CST-MUMBAI,Friday,Weekday
98765,AD65,CST-MUMBAI,RAVLI JN,Thursday,Weekday
98766,AD68,RAVLI JN,CST-MUMBAI,Monday,Weekday
98767,AD 67,CST-MUMBAI,RAVLI JN,Thursday,Weekday
98768,AD70,RAVLI JN,CST-MUMBAI,Wednesday,Weekday
98769,AD69,CST-MUMBAI,RAVLI JN,Thursday,Weekday
98770,AD72,RAVLI JN,CST-MUMBAI,Monday,Weekday
98771,AD 71,CST-MUMBAI,RAVLI JN,Wednesday,Weekday
98772,AD74,RAVLI JN,CST-MUMBAI,Wednesday,Weekday
98773,AD 73,CST-MUMBAI,RAVLI JN,Saturday,Weekend
98774,AD76,RAVLI JN,CST-MUMBAI,Wednesday,Weekday
98775,AD 75,CST-MUMBAI,RAVLI JN,Wednesday,Weekday
98776,AD78,RAVLI JN,CST-MUMBAI,Thursday,Weekday
98777,AD 77,CST-MUMBAI,RAVLI JN,Friday,Weekday
98778,AD80,RAVLI JN,CST-MUMBAI,Monday,Weekday
98779,AD 79,CST-MUMBAI,RAVLI JN,Monday,Weekday
98780,AD82,RAVLI JN,CST-MUMBAI,Monday,Weekday
98781,AD 81,CST-MUMBAI,RAVLI JN,Tuesday,Weekday
98782,AD84,RAVLI JN,CST-MUMBAI,Friday,Weekday
98783,AD 83,CST-MUMBAI,RAVLI JN,Sunday,Weekend
98784,AD86,RAVLI JN,CST-MUMBAI,Sunday,Weekend
98785,AD 85,CST-MUMBAI,RAVLI JN,Sunday,Weekend
98800,B2,RAVLI JN,CST-MUMBAI,Sunday,Weekend
98801,B1,CST-MUMBAI,RAVLI JN,Saturday,Weekend
98802,B4,RAVLI JN,CST-MUMBAI,Friday,Weekday
98803,B3,CST-MUMBAI,RAVLI JN,Friday,Weekday
98804,B6,RAVLI JN,CST-MUMBAI,Thursday,Weekday
98805,B5,CST-MUMBAI,RAVLI JN,Saturday,Weekend
98806,B8,RAVLI JN,CST-MUMBAI,Monday,Weekday
98807,B7,CST-MUMBAI,RAVLI JN,Monday,Weekday
98808,B10,RAVLI JN,CST-MUMBAI,Thursday,Weekday
98809,B9,CST-MUMBAI,RAVLI JN,Monday,Weekday
98810,B12,RAVLI JN,CST-MUMBAI,Thursday,Weekday
98811,B11,CST-MUMBAI,RAVLI JN,Sunday,Weekend
98812,B14,RAVLI JN,CST-MUMBAI,Thursday,Weekday
98813,B13,CST-MUMBAI,RAVLI JN,Saturday,Weekend
98814,B16,RAVLI JN,CST-MUMBAI,Friday,Weekday
98815,B 15,CST-MUMBAI,RAVLI JN,Tuesday,Weekday
98816,B18,RAVLI JN,CST-MUMBAI,Saturday,Weekend
98817,B17,CST-MUMBAI,RAVLI JN,Sunday,Weekend
98818,B20,RAVLI JN,CST-MUMBAI,Friday,Weekday
98819,B19,CST-MUMBAI,RAVLI JN,Saturday,Weekend
98820,B22,RAVLI JN,CST-MUMBAI,Monday,Weekday
98821,B 21,CST-MUMBAI,RAVLI JN,Friday,Weekday
98822,B24,RAVLI JN,CST-MUMBAI,Sunday,Weekend
98823,B 23,CST-MUMBAI,RAVLI JN,Sunday,Weekend
98824,B26,RAVLI JN,CST-MUMBAI,Tuesday,Weekday
98825,B25,CST-MUMBAI,RAVLI JN,Saturday,Weekend
98826,B28,RAVLI JN,CST-MUMBAI,Wednesday,Weekday
98827,B27,CST-MUMBAI,RAVLI JN,Saturday,Weekend
98828,B30,RAVLI JN,CST-MUMBAI,Sunday,Weekend
98829,B29,CST-MUMBAI,RAVLI JN,Monday,Weekday
98830,B32,RAVLI JN,CST-MUMBAI,Sunday,Weekend
98831,B31,CST-MUMBAI,RAVLI JN,Tuesday,Weekday
98832,B34,RAVLI JN,CST-MUMBAI,Saturday,Weekend
98833,B 33,CST-MUMBAI,RAVLI JN,Saturday,Weekend
98834,B36,RAVLI JN,CST-MUMBAI,Wednesday,Weekday
98835,BA 35,CST-MUMBAI,RAVLI JN,Friday,Weekday
98836,B38,RAVLI JN,CST-MUMBAI,Tuesday,Weekday
98837,BA 37,CST-MUMBAI,RAVLI JN,Tuesday,Weekday
98838,B40,RAVLI JN,CST-MUMBAI,Tuesday,Weekday
98839,B 39,CST-MUMBAI,RAVLI JN,Monday,Weekday
98840,B42,RAVLI JN,CST-MUMBAI,Tuesday,Weekday
98841,B 41,CST-MUMBAI,RAVLI JN,Wednesday,Weekday
98842,B44,RAVLI JN,CST-MUMBAI,Sunday,Weekend
98843,B 43,CST-MUMBAI,RAVLI JN,Friday,Weekday
98844,B46,RAVLI JN,CST-MUMBAI,Tuesday,Weekday
98845,B 45,CST-MUMBAI,RAVLI JN,Saturday,Weekend
98846,B48,RAVLI JN,CST-MUMBAI,Wednesday,Weekday
98847,B47,CST-MUMBAI,RAVLI JN,Tuesday,Weekday
98848,B50,RAVLI JN,CST-MUMBAI,Monday,Weekday
98849,B 49,CST-MUMBAI,RAVLI JN,Monday,Weekday
98850,B52,RAVLI JN,CST-MUMBAI,Thursday,Weekday
98851,B 51,CST-MUMBAI,RAVLI JN,Friday,Weekday
98852,B54,RAVLI JN,CST-MUMBAI,Thursday,Weekday
98853,B 53,CST-MUMBAI,RAVLI JN,Wednesday,Weekday
98854,B56,RAVLI JN,CST-MUMBAI,Tuesday,Weekday
98855,B 55,CST-MUMBAI,RAVLI JN,Monday,Weekday
98856,B58,RAVLI JN,CST-MUMBAI,Friday,Weekday
98857,B 57,CST-MUMBAI,RAVLI JN,Saturday,Weekend
98858,B60,RAVLI JN,CST-MUMBAI,Friday,Weekday
98859,B59,CST-MUMBAI,RAVLI JN,Thursday,Weekday
98860,B62,RAVLI JN,CST-MUMBAI,Monday,Weekday
98861,B61,CST-MUMBAI,RAVLI JN,Saturday,Weekend
98862,B64,RAVLI JN,CST-MUMBAI,Wednesday,Weekday
98863,B63,CST-MUMBAI,RAVLI JN,Wednesday,Weekday
98864,B66,RAVLI JN,CST-MUMBAI,Sunday,Weekend
98865,B 65,CST-MUMBAI,RAVLI JN,Wednesday,Weekday
98866,B68,RAVLI JN,CST-MUMBAI,Saturday,Weekend
98867,BA 67,CST-MUMBAI,RAVLI JN,Saturday,Weekend
98868,B70,RAVLI JN,CST-MUMBAI,Monday,Weekday
98869,B69,CST-MUMBAI,RAVLI JN,Wednesday,Weekday
98870,B72,RAVLI JN,CST-MUMBAI,Monday,Weekday
98871,BA 71,CST-MUMBAI,RAVLI JN,Thursday,Weekday
98872,B74,RAVLI JN,CST-MUMBAI,Tuesday,Weekday
98873,B 73,CST-MUMBAI,RAVLI JN,Tuesday,Weekday
98874,B76,RAVLI JN,CST-MUMBAI,Saturday,Weekend
98875,B 75,CST-MUMBAI,RAVLI JN,Saturday,Weekend
98876,B78,RAVLI JN,CST-MUMBAI,Tuesday,Weekday
98877,B 77,CST-MUMBAI,RAVLI JN,Saturday,Weekend
98878,B80,RAVLI JN,CST-MUMBAI,Saturday,Weekend
98879,B 79,CST-MUMBAI,RAVLI JN,Tuesday,Weekday
98880,B82,RAVLI JN,CST-MUMBAI,Saturday,Weekend
98881,B 81,CST-MUMBAI,RAVLI JN,Friday,Weekday
98882,B84,RAVLI JN,CST-MUMBAI,Monday,Weekday
98883,B 83,CST-MUMBAI,RAVLI JN,Wednesday,Weekday
98884,B86,RAVLI JN,CST-MUMBAI,Tuesday,Weekday
98885,B 85,CST-MUMBAI,RAVLI JN,Friday,Weekday
98886,B 88,RAVLI JN,CST-MUMBAI,Wednesday,Weekday
98887,B 87,CST-MUMBAI,RAVLI JN,Monday,Weekday
98900,ADPL 2,RAVLI JN,PANVEL,Friday,Weekday
98901,PLAD1,PANVEL,MUMBAI VADALA ROAD,Saturday,Weekend
98902,ADPL4,RAVLI JN,PANVEL,Tuesday,Weekday
98903,PLAD3,PANVEL,MUMBAI VADALA ROAD,Friday,Weekday
98904,ADPL6,RAVLI JN,PANVEL,Wednesday,Weekday
98905,PLAD5,PANVEL,MUMBAI VADALA ROAD,Wednesday,Weekday
98906,AD PL 8,RAVLI JN,PANVEL,Wednesday,Weekday
98907,PLAD 7,PANVEL,MUMBAI VADALA ROAD,Thursday,Weekday
98908,AD PL 10,RAVLI JN,PANVEL,Friday,Weekday
98909,PLAD9,PANVEL,MUMBAI VADALA ROAD,Wednesday,Weekday
98910,ADPL12,RAVLI JN,PANVEL,Tuesday,Weekday
98911,PLAD11,PANVEL,MUMBAI VADALA ROAD,Wednesday,Weekday
98912,ADPL14,RAVLI JN,PANVEL,Saturday,Weekend
98913,PLAD 13,PANVEL,RAVLI JN,Friday,Weekday
98914,AD PL 16,RAVLI JN,PANVEL,Wednesday,Weekday
98915,PLAD15,PANVEL,RAVLI JN,Sunday,Weekend
98916,AD PL 18,RAVLI JN,PANVEL,Saturday,Weekend
98917,PL AD 17,PANVEL,RAVLI JN,Sunday,Weekend
99000,TPL2,PANVEL,THANE,Monday,Weekday
99001,TPL1,THANE,PANVEL,Saturday,Weekend
99002,TPL4,PANVEL,THANE,Saturday,Weekend
99003,T PL3,THANE,PANVEL,Wednesday,Weekday
99004,TPL6,PANVEL,THANE,Thursday,Weekday
99005,T PL5,THANE,PANVEL,Monday,Weekday
99006,TPL8,PANVEL,THANE,Tuesday,Weekday
99007,TPL 7,THANE,PANVEL,Saturday,Weekend
99008,TPL10,PANVEL,THANE,Saturday,Weekend
99009,TPL 9 L/SPL,THANE,PANVEL,Wednesday,Weekday
99010,TPL12,PANVEL,THANE,Friday,Weekday
99011,TPL 11,THANE,PANVEL,Wednesday,Weekday
99012,TPL14,PANVEL,THANE,Thursday,Weekday
99013,T PL 13,THANE,PANVEL,Friday,Weekday
99014,TPL16,PANVEL,THANE,Friday,Weekday
99015,TPL 15,THANE,PANVEL,Monday,Weekday
99016,TPL18,PANVEL,THANE,Tuesday,Weekday
99017,TPL 17,THANE,PANVEL,Thursday,Weekday
99018,TPL20,PANVEL,THANE,Sunday,Weekend
99019,TPL 19,THANE,PANVEL,Tuesday,Weekday
99020,TPL22,PANVEL,THANE,Sunday,Weekend
99021,TPL 21,THANE,PANVEL,Monday,Weekday
99022,TPL24,PANVEL,THANE,Monday,Weekday
99023,TPL 23,THANE,PANVEL,Wednesday,Weekday
99024,TPL26,PANVEL,THANE,Wednesday,Weekday
99025,TPL 25,THANE,PANVEL,Sunday,Weekend
99026,TPL28,PANVEL,THANE,Saturday,Weekend
99027,TPL 27,THANE,PANVEL,Friday,Weekday
99028,TPL30,PANVEL,THANE,Wednesday,Weekday
99029,TPL 29,THANE,PANVEL,Friday,Weekday
99030,TPL32,PANVEL,THANE,Saturday,Weekend
99031,TPL 31,THANE,PANVEL,Thursday,Weekday
99032,TPL34,PANVEL,THANE,Wednesday,Weekday
99033,TPL 33,THANE,PANVEL,Tuesday,Weekday
99034,TPL36,PANVEL,THANE,Sunday,Weekend
99035,TPL 35,THANE,PANVEL,Wednesday,Weekday
99036,TPL38,PANVEL,THANE,Thursday,Weekday
99037,TPL 37,THANE,PANVEL,Monday,Weekday
99038,TPL40,PANVEL,THANE,Saturday,Weekend
99039,TPL39,THANE,PANVEL,Thursday,Weekday
99040,TPL42,PANVEL,THANE,Wednesday,Weekday
99041,TPL41,THANE,PANVEL,Monday,Weekday
99042,TPL44,PANVEL,THANE,Saturday,Weekend
99100,TBR2,BELAPUR C.B.D,THANE,Friday,Weekday
99101,T BR 1,THANE,BELAPUR C.B.D,Friday,Weekday
99102,TBR4,BELAPUR C.B.D,THANE,Friday,Weekday
99103,TBR 3,THANE,BELAPUR C.B.D,Saturday,Weekend
99104,TBR6,BELAPUR C.B.D,THANE,Tuesday,Weekday
99105,TBR 5,THANE,BELAPUR C.B.D,Friday,Weekday
99107,TBR7,THANE,BELAPUR C.B.D,Tuesday,Weekday
99200,TNU2,NERUL,THANE,Wednesday,Weekday
99201,T NU 1,THANE,NERUL,Friday,Weekday
99202,TNU4,NERUL,THANE,Thursday,Weekday
99203,TNU3,THANE,NERUL,Wednesday,Weekday
99204,TNU6,NERUL,THANE,Thursday,Weekday
99205,T NU5,THANE,NERUL,Thursday,Weekday
99206,TNU8,NERUL,THANE,Monday,Weekday
99207,TNU 7,THANE,NERUL,Friday,Weekday
99208,TNU10,NERUL,THANE,Friday,Weekday
99209,TNU 9,THANE,NERUL,Saturday,Weekend
99210,TNU12,NERUL,THANE,Tuesday,Weekday
99211,TNU 11,THANE,NERUL,Thursday,Weekday
99212,TNU14,NERUL,THANE,Thursday,Weekday
99213,TNU 13,THANE,NERUL,Monday,Weekday
99214,TNU16,NERUL,THANE,Friday,Weekday
99215,TNU 15,THANE,NERUL,Saturday,Weekend
99216,TNU18,NERUL,THANE,Friday,Weekday
99217,TNU 17,THANE,NERUL,Thursday,Weekday
99218,TNU20,NERUL,THANE,Monday,Weekday
99219,TNU 19,THANE,NERUL,Tuesday,Weekday
99220,TNU22,NERUL,THANE,Wednesday,Weekday
99221,TNU 21,THANE,NERUL,Wednesday,Weekday
99222,TNU24,NERUL,THANE,Monday,Weekday
99223,TNU 23,THANE,NERUL,Monday,Weekday
99224,TNU26,NERUL,THANE,Friday,Weekday
99225,TNU 25,THANE,NERUL,Monday,Weekday
99226,TNU28,NERUL,THANE,Friday,Weekday
99227,TNU 27,THANE,NERUL,Wednesday,Weekday
99228,TNU30,NERUL,THANE,Saturday,Weekend
99229,TNU 29,THANE,NERUL,Tuesday,Weekday
99230,TNU32,NERUL,THANE,Saturday,Weekend
99231,TNU 31,THANE,NERUL,Friday,Weekday
99232,TNU34,NERUL,THANE,Thursday,Weekday
99233,TNU 33,THANE,NERUL,Friday,Weekday
99234,TNU36,NERUL,THANE,Saturday,Weekend
99235,TNU 35,THANE,NERUL,Thursday,Weekday
99236,TNU38,NERUL,THANE,Monday,Weekday
99237,TNU 37,THANE,NERUL,Saturday,Weekend
99238,TNU40,NERUL,THANE,Tuesday,Weekday
99239,TNU 39,THANE,NERUL,Tuesday,Weekday
99240,TNU42,NERUL,THANE,Tuesday,Weekday
99241,TNU 41,THANE,NERUL,Thursday,Weekday
99242,TNU44,NERUL,THANE,Sunday,Weekend
99243,TNU 43,THANE,NERUL,Saturday,Weekend
99244,TNU46,NERUL,THANE,Sunday,Weekend
99245,TNU 45,THANE,NERUL,Thursday,Weekday
99246,TNU48,NERUL,THANE,Wednesday,Weekday
99247,TNU 47,THANE,NERUL,Sunday,Weekend
99248,TNU50,NERUL,THANE,Saturday,Weekend
99249,TNU 49,THANE,NERUL,Sunday,Weekend
99250,TNU52,NERUL,THANE,Sunday,Weekend
99251,TNU 51,THANE,NERUL,Wednesday,Weekday
99252,TNU54,NERUL,THANE,Friday,Weekday
99253,TNU 53,THANE,NERUL,Wednesday,Weekday
99254,TNU56,NERUL,THANE,Friday,Weekday
99255,TNU 55,THANE,NERUL,Sunday,Weekend
99400,TV2,VASHI,THANE,Saturday,Weekend
99401,TV 1,THANE,VASHI,Sunday,Weekend
99402,TV4,VASHI,THANE,Wednesday,Weekday
99403,TV 3,THANE,VASHI,Saturday,Weekend
99404,TV6,VASHI,THANE,Monday,Weekday
99405,TV 5,THANE,VASHI,Monday,Weekday
99406,TV8,VASHI,THANE,Saturday,Weekend
99407,TV 7,THANE,VASHI,Wednesday,Weekday
99408,TV10,VASHI,THANE,Wednesday,Weekday
99409,TV 9,THANE,VASHI,Sunday,Weekend
99410,TV12,VASHI,THANE,Wednesday,Weekday
99411,TV 11,THANE,VASHI,Wednesday,Weekday
99412,TV14,VASHI,THANE,Monday,Weekday
99413,TV 13,THANE,VASHI,Saturday,Weekend
99414,TV16,VASHI,THANE,Thursday,Weekday
99415,TV 15,THANE,VASHI,Tuesday,Weekday
99416,TV18,VASHI,THANE,Sunday,Weekend
99417,TV 17,THANE,VASHI,Monday,Weekday
99418,TV20,VASHI,THANE,Monday,Weekday
99419,TV 19,THANE,VASHI,Wednesday,Weekday
99420,TV22,VASHI,THANE,Saturday,Weekend
99421,TV 21,THANE,VASHI,Tuesday,Weekday
99422,TV24,VASHI,THANE,Saturday,Weekend
99423,TV 23,THANE,VASHI,Thursday,Weekday
99424,TV26,VASHI,THANE,Monday,Weekday
99425,TV 25,THANE,VASHI,Thursday,Weekday
99426,TV28,VASHI,THANE,Tuesday,Weekday
99427,TV 27 L/SPL,THANE,VASHI,Thursday,Weekday
99428,TV30,VASHI,THANE,Thursday,Weekday
99429,TV 29,THANE,VASHI,Wednesday,Weekday
99430,TV32,VASHI,THANE,Sunday,Weekend
99431,TV 31,THANE,VASHI,Saturday,Weekend
99432,TV34,VASHI,THANE,Friday,Weekday
99433,TV 33,THANE,VASHI,Sunday,Weekend
99434,TV36,VASHI,THANE,Tuesday,Weekday
99435,TV 35,THANE,VASHI,Saturday,Weekend
99436,TV38,VASHI,THANE,Wednesday,Weekday
99437,TV 37,THANE,VASHI,Friday,Weekday
99438,TV40,VASHI,THANE,Sunday,Weekend
99439,TV 39,THANE,VASHI,Sunday,Weekend
99440,TV42,VASHI,THANE,Thursday,Weekday
99441,TV 41,THANE,VASHI,Friday,Weekday
99442,TV44,VASHI,THANE,Friday,Weekday
99443,TV 43,THANE,VASHI,Friday,Weekday
99444,TV46,VASHI,THANE,Tuesday,Weekday
99445,TV 45,THANE,VASHI,Sunday,Weekend
99446,TV48,VASHI,THANE,Saturday,Weekend
99447,TV 47,THANE,VASHI,Saturday,Weekend
99448,TV50,VASHI,THANE,Thursday,Weekday
99449,TV 49,THANE,VASHI,Wednesday,Weekday
99450,TV52,VASHI,THANE,Thursday,Weekday
99451,TV 51,THANE,VASHI,Sunday,Weekend
99452,TV54,VASHI,THANE,Wednesday,Weekday
99453,TV 53,THANE,VASHI,Thursday,Weekday
99454,TV56,VASHI,THANE,Thursday,Weekday
99455,TV 55,THANE,VASHI,Sunday,Weekend
99456,TV58,VASHI,THANE,Thursday,Weekday
99457,TV 57,THANE,VASHI,Friday,Weekday
99458,TV60,VASHI,THANE,Saturday,Weekend
99459,TV 59,THANE,VASHI,Sunday,Weekend
99460,TV62,VASHI,THANE,Friday,Weekday
99461,TV 61,THANE,VASHI,Thursday,Weekday
99462,TV64,VASHI,THANE,Saturday,Weekend
99463,TV 63,THANE,VASHI,Sunday,Weekend
99464,TV66,VASHI,THANE,Monday,Weekday
99465,TV 65,THANE,VASHI,Thursday,Weekday
99466,TV68,VASHI,THANE,Thursday,Weekday
99467,TV 67,THANE,VASHI,Monday,Weekday
99468,TV70,VASHI,THANE,Thursday,Weekday
99469,TV 69,THANE,VASHI,Wednesday,Weekday
99470,TV72,VASHI,THANE,Tuesday,Weekday
99471,TV 71,THANE,VASHI,Tuesday,Weekday
99472,TV74,VASHI,THANE,Saturday,Weekend
99473,TV 73,THANE,VASHI,Tuesday,Weekday
99474,TV76,VASHI,THANE,Sunday,Weekend
99475,TV 75,THANE,VASHI,Wednesday,Weekday
99476,TV78,VASHI,THANE,Thursday,Weekday
99477,TV 77,THANE,VASHI,Monday,Weekday
99478,TV80,VASHI,THANE,Thursday,Weekday
99479,TV 79,THANE,VASHI,Saturday,Weekend
99480,TV82,VASHI,THANE,Sunday,Weekend
99481,TV 81,THANE,VASHI,Saturday,Weekend
99482,TV84,VASHI,THANE,Tuesday,Weekday
99483,TV 83,THANE,VASHI,Monday,Weekday
99484,TV86,VASHI,THANE,Monday,Weekday
99485,TV 85,THANE,VASHI,Tuesday,Weekday
99486,TV88,VASHI,THANE,Tuesday,Weekday
99487,TV 87,THANE,VASHI,Sunday,Weekend
99488,TV90,VASHI,THANE,Friday,Weekday
99489,TV 89,THANE,VASHI,Friday,Weekday
99490,TV92,VASHI,THANE,Wednesday,Weekday
99491,TV 91,THANE,VASHI,Monday,Weekday
99492,TV94,VASHI,THANE,Friday,Weekday
99493,TV 93,THANE,VASHI,Friday,Weekday
99494,TV96,VASHI,THANE,Monday,Weekday
99495,TV 95,THANE,VASHI,Tuesday,Weekday
99496,TV98,VASHI,THANE,Sunday,Weekend
99497,TV97,THANE,VASHI,Wednesday,Weekday
99498,TV100,VASHI,THANE,Thursday,Weekday
99499,TV 99,THANE,VASHI,Tuesday,Weekday
99500,TV102,VASHI,THANE,Saturday,Weekend
99501,TV 101,THANE,VASHI,Saturday,Weekend
99502,TV104,VASHI,THANE,Tuesday,Weekday
99503,TV 103,THANE,VASHI,Friday,Weekday
99801,LNL-PUNE EMU,LONAVLA,PUNE JN.,Thursday,Weekday
99802,PUNE-LNL EMU,PUNE JN.,LONAVLA,Monday,Weekday
99803,LNL-PUNE EMU,LONAVLA,PUNE JN.,Tuesday,Weekday
99804,PUNE-LNL,PUNE JN.,LONAVLA,Monday,Weekday
99805,LNL-PUNE EMU,LONAVLA,PUNE JN.,Thursday,Weekday
99806,PUNE-LNL EMU,PUNE JN.,LONAVLA,Saturday,Weekend
99807,LNL-PUNE EMU,LONAVLA,PUNE JN.,Sunday,Weekend
99808,PUNE-LNL EMU,PUNE JN.,LONAVLA,Wednesday,Weekday
99809,LNL-PUNE EMU,LONAVLA,PUNE JN.,Thursday,Weekday
99810,PUNE-LNL EMU,PUNE JN.,LONAVLA,Friday,Weekday
99811,LNL-PUNE EMU,LONAVLA,PUNE JN.,Friday,Weekday
99812,PUNE-LNL EMU,PUNE JN.,LONAVLA,Tuesday,Weekday
99813,LNL-PUNE EMU,LONAVLA,PUNE JN.,Tuesday,Weekday
99814,PUNE-LNL EMU,SHIVAJINAGAR,LONAVLA,Thursday,Weekday
99815,LNL-PUNE EMU,LONAVLA,PUNE JN.,Friday,Weekday
99816,PUNE-LNL EMU,PUNE JN.,LONAVLA,Saturday,Weekend
99817,LNL-PUNE EMU,LONAVLA,PUNE JN.,Thursday,Weekday
99818,PUNE-LNL,PUNE JN.,LONAVLA,Saturday,Weekend
99819,LNL-PUNE EMU,LONAVLA,PUNE JN.,Tuesday,Weekday
99820,PUNE-LNL EMU,PUNE JN.,LONAVLA,Thursday,Weekday
99821,LNL-SVJR EMU,LONAVLA,PUNE JN.,Sunday,Weekend
99822,PUNE-LNL EMU,PUNE JN.,LONAVLA,Friday,Weekday
99823,LNL-PUNE EMU,LONAVLA,SHIVAJINAGAR,Tuesday,Weekday
99824,PUNE-LNL EMU,PUNE JN.,LONAVLA,Monday,Weekday
99825,LNL-PUNE EMU,LONAVLA,PUNE JN.,Sunday,Weekend
99826,PUNE-LNL EMU,PUNE JN.,LONAVLA,Saturday,Weekend
99827,LNL-PUNE EMU,LONAVLA,PUNE JN.,Friday,Weekday
99828,PUNE-LNL EMU,PUNE JN.,LONAVLA,Sunday,Weekend
99829,LNL-PUNE EMU,LONAVLA,PUNE JN.,Sunday,Weekend
99830,PUNE-LNL EMU,PUNE JN.,LONAVLA,Friday,Weekday
99831,LNL-PUNE EMU,LONAVLA,PUNE JN.,Tuesday,Weekday
99832,PUNE-LNL EMU,SHIVAJINAGAR,LONAVLA,Saturday,Weekend
99833,LNL-PUNE EMU,LONAVLA,PUNE JN.,Friday,Weekday
99834,PUNE-LNL EMU,PUNE JN.,LONAVLA,Thursday,Weekday
99835,LNL-PUNE EMU,LONAVLA,PUNE JN.,Tuesday,Weekday
99836,PUNE-TGN EMU,PUNE JN.,LONAVLA,Saturday,Weekend
99901,TGN-PUNE EMU,TALEGAON,PUNE JN.,Tuesday,Weekday
99902,PUNE-TGN EMU,PUNE JN.,TALEGAON,Sunday,Weekend
99903,TGN-PUNE EMU,TALEGAON,PUNE JN.,Wednesday,Weekday
99904,PUNE-TGN EMU,PUNE JN.,TALEGAON,Tuesday,Weekday
99905,EMU,TALEGAON,SHIVAJINAGAR,Monday,Weekday
99906,EMU,PUNE JN.,TALEGAON,Wednesday,Weekday
99907,EMU,TALEGAON,PUNE JN.,Thursday,Weekday
99908,EMU,PUNE JN.,TALEGAON,Sunday,Weekend
